player,playerid
boombot,76561198237860116
gelatingaming,76561198865412901
Yoshi,76561199072482787
Pirate King 🏴‍☠,76561198827775310
Fizon,76561198842050401
Minimally,76561199078839892
Goobie snoobert,76561198072990544
Litchytsu,76561198121823989
野獣ママ❤,76561198316705748
Ядерный славянин,76561199674940289
Ninjacat801,76561199081075528
markogrepl,76561198326503493
Huye,76561199469461153
sonizuB,76561199175492633
bobracer.03,76561199626289205
Blue Dragon,76561199564844586
Zoom,76561199381492109
Equabiblical,76561199543283507
M10-Paladin Tank_II,76561198377247024
rorofury,76561199096565786
Shitty Attempt at No,76561199111734038
Rithvl,76561198140154824
KMS_BISMARCK,76561199123623600
anton.thomas,76561198261594270
Ratnik,76561198356436113
⚡ Jeff Bricklin ⚡,76561199389503971
ZMON,76561199019887082
tennantk,76561199103882188
Linkwando708,76561199148976642
LambsAreNeat,76561199052981291
Smiley_Builder,76561198444237025
SlimJackyChan,76561198354219025
289821535,76561198795506369
Electric president,76561199453302305
adam2vamp,76561199102030234
ArtDoubleB12,76561198976737507
Sgt. Potatos,76561199535789842
speed,76561199220519687
ThePhoenixKnight,76561199015869886
Sunfish,76561199022619173
jaikillz,76561199689115472
daniel,76561199064677054
avashnooshazar,76561199835111491
somebody,76561199474392353
WarShip,76561199230495267
smduncanschool,76561198879332964
bubba,76561199592313595
gadam8430,76561199797102109
Gordon FreeMan Gamin,76561199188753101
TT_rocket,76561198988430440
llichul,76561198829421402
theman986543,76561199401172161
eckgames15,76561199377347887
mooplef,76561198399478758
mary45911954,76561199611892518
pepinospepe705,76561198423048741
viricardenas,76561199045868952
WSparks15,76561199452918248
JALAPainYO20,76561199225810930
reflectors,76561198877035638
captain nick,76561198926762718
COSMO,76561199210418366
UltimateAdv,76561198053108811
SharkMan5243,76561199523299364
brian.faber,76561199574503103
Omsk,76561199438800348
b1852282,76561199811226872
Brandaaq9,76561199831764617
TheVenus,76561199222796110
bottles2x,76561199109966851
ml_ramsay,76561199248233748
Robinstele,76561199185828521
jovita.jonas,76561199154410880
thetornadoguy,76561199741431873
Texan,76561199193203222
AstroChief,76561198056762354
a tactical bean (Mus,76561199157745590
LM,76561199211414582
Pvt. Parts,76561199273778309
S.no,76561197991396021
fall-down,76561199052927015
mattweida,76561199514666342
rexholstein7,76561199814341651
Suspicious sp3rm,76561199376294797
frankcuco,76561198106936036
xenobug46,76561199474082968
andreandsimba,76561199067000248
Nobkinite,76561198987076545
Grimbok,76561197972505175
Nockplayz,76561199811638393
WaifuSimp42069,76561199122653659
fluppi,76561198942406616
Banana_man27,76561198435546851
hebus1360,76561199066385518
grzybek337,76561198194498942
plen_liker789,76561199801295681
Chaot1cPro,76561198288919307
hotdogman,76561199179950932
vangsdyno,76561198352593377
wptnsd,76561199501491542
irisautosvc,76561198046923865
FloppyJoe,76561197973049853
fullemcm,76561199449492580
{442}Domino,76561198316398194
Armyguy5265,76561199234478263
Sergeant_Stinky,76561199417349160
jastrzabjacob51,76561199657002307
QWE,76561199206841698
Atlas,76561199093345426
VC100,76561199806345373
The desk,76561199233581078
BombayEspresso,76561199830683502
jad,76561199112439262
Chakatad,76561198031780737
Robocat,76561199047507132
THE Gremlin,76561199729298590
Arubadog111,76561199480622213
blackburn,76561199201323980
Ace57162,76561198849022831
lowreyrrt,76561198991737807
Anti,76561199025973679
2JetskiBeme,76561198336053353
CN skinny,76561199137967790
mansville60,76561199519006199
Sonar,76561199138585977
Dr. Bammy,76561198216680793
johan,76561199368638031
random_dude,76561199453746171
Chelik|TM,76561199136845737
Knightkiller,76561199817991942
TENTHPOWERMAN,76561198806964889
Village Idiot,76561198314753471
silentdreams,76561197970999690
0OF3R3D,76561199556487380
chaddyg8,76561199044930812
BMOGO,76561199085088809
Toad,76561199539132687
Davi08red,76561199181043284
lanbo2023222,76561199485327126
ThatOneTroller,76561199591635981
czparden,76561199084283328
aguilar_1985,76561199092639803
randomtrainboy,76561198809006827
hickey057,76561199556004964
lagrande_*****,76561198879282369
Iron Hex,76561199068459918
vespertilio_1,76561199788621430
YeetGamer25,76561199087180245
penguinguy,76561199095913640
garmfield,76561199133209064
lincolncg208,76561199502220609
Lemon Train,76561198132324895
Twilight_sparkle456,76561199559095643
mail.ouazzani.touham,76561199271855565
Justin James,76561199613494688
JomiguelXD14,76561199821685444
Sharkiemachine,76561198111546119
DeegieCH123,76561199077441365
monkeydluffy,76561199592603093
spyblitz10,76561198880149384
John Brick,76561199488607134
Angy Monke,76561199811816658
Steel,76561199566889043
ricardesmatias82,76561199086652601
threat,76561197979871741
nate86169,76561199792090558
5L1M,76561198069763237
David B.,76561198982317210
Zafyr007,76561199228297650
oko,76561198798953885
Olqrew,76561199044608941
Volt106,76561198354384139
Private Crimson,76561198036253097
BOB,76561199265593400
PHYN1X,76561198195487641
Bamm,76561199073086041
Epicmanepicepicyez,76561199235468552
O.O,76561199510594620
Little Monkey,76561199009569244
jeffhaubrich,76561198447001990
"Jared, Militant of J",76561198159579374
juddlebug0326,76561198796480169
RoMiKoY,76561198091386863
Nixk,76561199237465533
sneed,76561198079530008
jjonathanfranklin,76561199804609695
JamGamer,76561199229175591
Tripod,76561199068724771
colecreasey87,76561199813562299
PhilipAmadeus,76561198259077135
karizilla,76561198095440918
Belly_Button_Cheese_,76561199156523260
Conradical,76561198276712804
Cowboysglazinglover,76561199116186615
spartan62112,76561198308841838
dracotheracingkitty,76561199467343818
Titus,76561198891616937
jACEj73,76561199811163549
Volatilix,76561198881135726
"Zimbabwe Ted, Not Ch",76561198799455748
norris_ra,76561199548281293
sir bob the 7th,76561198421067015
Oofman5000,76561199520658454
IIauTuB1 :D,76561199510435993
Your Average Egg,76561197978378287
Vulcan9710,76561199055608967
trigger,76561198851724476
the CEO of brick rig,76561198370175677
goober,76561198864129151
a 10 warthog in COME,76561199379980964
solomka,76561199654924801
Captain Dingus Sigmu,76561199474843708
seanolozano,76561199160931336
Gamerguyrgv,76561199078238255
молоко,76561199418002034
FuriousRat95,76561198389052505
Shrimply Strudel,76561198843886342
艾P,76561199480920919
He1nisy,76561199642973299
FishFill,76561199077382588
lolipоp,76561199480784521
gviu91856,76561199816596768
Bobmop,76561199184930320
Guardian12__,76561199557762430
thedude0355,76561199380072866
Ricky Tann,76561198275119976
Anaru,76561198011467776
sublette2013,76561199471552266
Зеленскийді ұрды,76561199195623267
KimJong-Un,76561199071322200
stuffedcrust,76561197971689255
belinda.1980,76561199767232703
The Kiev Kago,76561199162266559
michaelfletcher80,76561198015451441
Soph 2.0,76561198322661082
Centares Imperium,76561199768084977
Ofirmat,76561198993830703
kapibar27,76561199419884367
Белогвардеец,76561199051212028
Eddie and Will,76561198066542451
CatBoss5000,76561199278685315
Heisenburger,76561198144546074
NikLes2112,76561199742393326
КЕТЧУП,76561199822805538
mantimus,76561198799026835
potat5o341,76561199805574264
0.5 Водки До Отъёба,76561198971423461
Jamoman,76561198117113396
jree6549,76561199481109544
RayLed,76561198839102521
Kirpich,76561199427710783
giorgio.karman,76561199816506309
亗 ⓌⒽⒾⓉⒺ 亗❺,76561199381501371
ツ,76561198868363402
LegendaRepa89,76561199700056662
xbuns21,76561199541674659
metroid2035,76561199696316069
FOBOS,76561199119020206
WhiteRider,76561198165842402
Lockdown,76561199485932186
VANESSA,76561199512079943
participant,76561198034438379
Perry,76561198884915402
Asdfik,76561199028721517
KickAssCop,76561197993226440
In@r!u$,76561199443500755
pijany.mistrz,76561198196609809
Spyblade9766,76561199262798770
tbuck100,76561199729172928
hatolivar,76561199570575522
marissaquinones,76561199750269245
Nerevar,76561197996992671
@~+_,76561198996812275
toaster fish,76561199567804756
Roman,76561199070209586
Brofusisback,76561199043528141
SkinnyA,76561199591939882
Natalex,76561198074895149
Juan_Luevano,76561197971487982
toodaloodalyTimothy1,76561199037157138
turderjohn,76561199220409980
TexasFamilyGaming,76561199521670792
Omni Man,76561199138585977
The Killer Corso,76561199468794137
kiberfaxi228,76561199743708234
ParrotYee,76561198363663251
DoriannTheFox,76561199055428402
imcharging187,76561199230380565
crusadersknight005,76561199811851983
Cat,76561199548656984
artcadegaming,76561199119846351
someone,76561199075399844
MC273,76561198270935980
Louzenp,76561198414852731
ryasn,76561199812044219
DanielS,76561198022619305
MK,76561199252608270
Mrflabbypants7,76561199105888583
DragonMaster9817,76561198987187087
The Host,76561199454692615
ProGamer10,76561199823118597
zioN,76561197983637537
jjdemell03313,76561199672165508
not gaming,76561199152759507
chese eater,76561199395370141
kaidenm11427,76561199588567311
Gamma01234,76561198120214163
Random Civilian,76561198108393546
kewgu612,76561199325795087
gravedigger15,76561199477776550
ShockWave,76561199203856574
Kahuna_808,76561198348133025
galletitasdemerengue,76561199614612497
Sandwich,76561199055573291
sariok,76561199642340528
Florida Man,76561199314087175
madcook11,76561198032124367
dylan,76561199139154044
Nikolaseksownabomba,76561199229509051
HomicidalEarthworm,76561197961942511
OhWoopsi,76561199063797201
justin.kliger,76561199580456594
nesterfamliyemail,76561199780039552
NotBardock,76561198976292039
Sully,76561198040363149
TramKhan[Alan Gaming,76561199240092536
CSteiny20,76561199376078748
MrPenut25,76561199399043947
chopiscute,76561199246624781
robert_m_bradley,76561199152035262
tuah,76561198983157006
Robotbotman,76561198167491214
Johndoe0911,76561198276334435
CrazyDave34567,76561198878509878
o,76561198798953885
viper,76561199588969496
Big Boss Bober,76561198929465420
CgMcD,76561198061601522
Fazejam,76561199627559643
DillyDilly,76561198840984430
Aspect,76561199070390807
knakna,76561199619365384
attacklaur,76561199816168849
Felix Foxzie,76561198447681329
ryanvinicius2311,76561199195897245
Master Chief,76561199428129503
pogger,76561199401789528
yozeets,76561199140264476
trece56472,76561199152500558
evan.melendez.917,76561199513348432
orolafsson,76561199071566067
cminicola,76561198321312143
tizde,76561198966115885
diasg5920,76561199258383994
Lil e7789,76561199210874907
Army,76561199020527663
pepper squeak,76561199091590911
loririley703,76561199568335824
Mr. Krabs,76561198308969233
[SLIV] Lеон.,76561198399182193
Ed,76561199430374263
RevolutionES13,76561199121989117
MrNot_U,76561199828249354
BRDM-2,76561198321108183
Max Gaming,76561199015572558
ba6tatz,76561199653594426
EpikDude,76561199438937978
homewig,76561199239370026
charlespwhitley,76561199066572285
barbenheimer4life,76561199643780885
thecoolestman16,76561199039767237
katchup.studio1,76561199540273027
bizzer0611,76561199790914328
rocknrollnpenquins,76561198953800069
microzedo,76561199198698610
foreofakind4,76561199811398908
erasemint,76561199024496183
Quickshank505,76561199491903439
Dr. peter griffen,76561198151734237
TopHatMan6890,76561198074697927
WyattJase12,76561199443752049
Mr Ladies Man,76561199103235968
Volcust,76561199367604468
jkepics,76561198979856425
jaem742,76561198046030592
charliekenney2009,76561199812224795
/<4.-4|\\/|3|_ Crusad,76561198120320790
ConcreteMuncher104,76561199169438299
kgordon1993,76561199095251665
赏金猎人团队出品TG:AAAA2,76561199042984319
fjaxson42,76561199804574887
ChockkyTheDragoness,76561199013028534
Jarandjar,76561198057913454
Novum33,76561198377108318
jr80z,76561197992594002
joshuasheppard2010,76561199351902111
toates1304,76561199589447969
Olando,76561199574877198
coollego43,76561199797280002
Buttndic,76561199210915934
dimewylde5150,76561198001387890
Holdude13,76561199260539094
Kaskimondo,76561198030822831
KaJLibri,76561199069634597
angushayward2013,76561199776727445
tankdestroyer125,76561199811640783
Pufferfish,76561199430474310
ejs,76561199062661738
Pheonix112,76561199528894035
waffle house,76561198354824088
Noah The sleepy clow,76561198880408470
Jesse_Pinkman_Gaming,76561199588542884
Tuco_Salamanca_Gamin,76561198978585894
ЗаклинательГовна,76561198094940264
Rejinod,76561199215989307
Guit :>,76561199498158210
CombatGlitchoWombat2,76561198006293404
Zab1van,76561199188903909
patrek145,76561198844366543
Delta4,76561198016617638
AssassCat,76561199756520278
ОТАР КУШАНАШФИЛИ,76561199076700668
Josoccer559,76561198800914314
Козырь,76561198121407382
cortina01,76561198375386545
jasperdatcat0712,76561199834253874
noah.nicholson,76561199435667266
seth...,76561199210884239
هوملاندر لوف كباب,76561199076700668
Fal,76561198398784397
Borssus,76561199547897616
Red78915,76561199080487181
Tair,76561198110728199
g.durnoy,76561199031560798
Fahawwirs,76561199195136821
John Good,76561199117463998
Winki,76561199446212613
Remnant,76561198893818142
Jhon Blue,76561198445471276
podkamenetskiy,76561199544323503
『75th』БИЧА,76561198920655913
ToKing,76561199203277553
Удоволетворитель,76561198926893156
Stivek 2115,76561199162938022
SigmaGoon20,76561199469637832
annemaxwell1,76561198331347416
Fireman Sam,76561199442704085
avtoistra,76561199015244495
thatswhatyouget,76561199202994721
folk199663,76561199439442935
argun77,76561198440289345
Денис Пушилин,76561199386921443
jocker!!!!,76561198371451412
LetBZ,76561199021986143
Black drunk,76561199057273194
деловой тазик,76561198377746914
mad,76561198058109402
ArturWK8,76561198839312066
AlmostAFK,76561199229946645
BryanDVS,76561198396722190
RAPCIOR  X_X,76561199564940734
timofeisevrikov,76561199833266797
1309Productions,76561199417728321
lpr123z,76561199678083551
king dm,76561199469257536
steven,76561199236870783
Злой borsh4ec,76561198994568917
thespeeddemon,76561199585844066
planewhale720,76561199697508873
Mufix,76561199495177911
TS95,76561198438850417
hydro dip!,76561199044266006
fridge_man,76561199085509240
thehuntsman,76561198447184425
СЕКРЕТАРЬ АВН,76561199006058448
K1MxXX,76561199232989812
matt,76561199522126842
Wild55rus3,76561199215602772
Diablo,76561198007556424
darkwolf152,76561198254485778
Pop,76561199465930283
jules.avignon,76561199811488890
dejapoooper,76561198866885803
Yuuri |GLT| ✙.,76561199132473669
😎wｄ™♤😎Diecast⋆｡,76561198939954068
RedMissile,76561198211599263
jimbothisslice69,76561199588508904
GordonFreeman,76561198979383801
RALGAN,76561199782602567
Frost Snake,76561198192812229
kblee777,76561199161745938
Smotu12,76561199661269879
atоmin512,76561199085517640
fab,76561199700867233
boez MexVod suxarik ,76561199542766866
Worldwide Giveaway,76561198029004099
mavedwv,76561199228118714
BOING,76561199519589796
peteus090x,76561199103665301
Fennec,76561198931103822
ksorchilla,76561198376405838
brianjbarclay,76561199828218749
unavalable194.a,76561199712264203
NinjaBricks,76561199473125291
Kon,76561199453319132
Steve_Monalola,76561198411079895
Plamfred,76561199042127711
tinned soup,76561198852745027
Tulolik,76561198866043020
bootyquaker2018,76561198453333228
絶望,76561198327283536
Dominator 3,76561199224398733
pants,76561198263187028
Jlbond,76561199164253507
Delta airlines 757,76561199165187453
Gargamel,76561199439016962
TheCrashConnoisseur,76561198929395436
AJhart1234,76561199559629897
CANNIBLE,76561199108434031
slickmanb,76561199465788838
yetito206,76561199238560399
Mr_Shmear,76561199012868424
rapsag76,76561198040613173
Box Man,76561199011963377
hoffaklr,76561198006398495
Yugo425,76561199176010027
ุ,76561198239544762
rmjw71293,76561198823230791
epic barks,76561199153494269
Geek bob,76561199630155671
shubsmonke,76561198959496743
JerryAtrick,76561199081914110
TheAmericanPatriot,76561198139445690
w.fogleman72911,76561199446802904
dmitry2112pad,76561199813574479
Epsilon,76561199394622476
WareHouse Bob,76561199025310511
Stout Shako for 2 Re,76561198043695722
Kmoney,76561199824544671
Maniturkey0203,76561199288090370
кексат,76561199188421758
у_шлёпок,76561199029045060
parovoz,76561198439144444
Shipwrecked10,76561199538511871
Mr.Ded,76561199259108385
WILDSHAMAN,76561197998833765
Pavel Durov,76561199400545731
ChapmanTheImpaler,76561198088472851
ntguilty,76561199383690929
CocoBanza,76561199297485956
hudz.t,76561199789040923
sasanator987,76561199528338665
Dany el pro,76561199701127847
Smak,76561199637203453
The_Weapon_Factory,76561199082972983
shipetun_an,76561198074325816
Neodacat ~ST4RLIGHT~,76561198263576827
чечетка8642,76561199474974270
SGTConnerOfficial,76561199812417309
konn1u,76561199146643653
pickles,76561199122381203
Kuler,76561199711993891
Termet,76561199442274332
markeronak757,76561199815460008
Petrkrestyanin,76561199534555203
AlienCowboy,76561199224152767
KAPTOXA_008,76561198904830950
Pixel21,76561199234228597
Сергей Бабурин,76561199438331399
fjbn,76561199813126378
mecs8543,76561199522078626
[CHAOS] KEKEP,76561199768143451
Kung Fu Padla,76561199542678379
pkopta,76561198011424358
psvfreeman,76561198309043758
vova adedas,76561199574194398
ggg168751,76561199817596966
ЯГИ ТЛЕР,76561199798413276
СУБО БРАТ,76561199586897895
leopard058yo,76561199796156758
dampdog2,76561199091477319
psadd,76561198093016469
Королев/ТГК Herooooo,76561199722062375
filip.przymeski,76561199384754540
реактивная котле,76561199638829994
Saul Goodman,76561199557062397
smartusy0,76561199757064119
sedsad,76561199346851118
heatingcap,76561198453721139
Artem 066,76561199015877221
альфредо,76561198855086707
hhhhhhhhruo,76561199391873075
pivannic,76561199434989516
MariaWasHere,76561198968592596
ctrat0s,76561199010523233
Cuo1e,76561199014021179
Асёлбек,76561199059397878
*Null9D*,76561199219502067
Samura1,76561199798807421
leonmm,76561199637956376
MNXANJI,76561199592954555
mishatapok,76561198399706806
Ziman,76561199814162776
Kottbullen1233,76561199019684488
IndexFunds,76561198353679476
8642,76561198967213889
seoyool55,76561199205121949
《Agent|FREEman》,76561199229076325
UMP-45,76561199168221014
Danilo podpivac,76561199602251840
кукимастер,76561199735634392
UrLocalIdiot,76561199354834944
Rocco,76561199439845861
jessarina,76561199549892451
Kiwi,76561199161918624
farzanali,76561198427388067
soyouz,76561199482831051
firecraftash,76561199122123542
James2334,76561199475900521
jordangerous,76561198354185438
Bo$tonH,76561199524906194
sbinnala64,76561199057135376
Rooster69,76561199553763984
2012 landrover HSE,76561199156559069
Stoner Reimu,76561198426659872
rockenroller,76561199247144058
pierceprogeny,76561199192354835
Isaac_Clerigo14,76561199231629064
staceyg527,76561199227801316
MR_dawg17,76561199782393280
Bober 3x,76561199718738572
HexPucTb,76561198371732907
jaxonporterbenson,76561199826093764
bitboy.player,76561199751789147
blakertatum,76561199290243993
CIASTEK,76561199091830946
♥︎mialczykont (fembo,76561198834766101
Spit,76561199271877676
бомж228,76561199808731310
anguswong1228,76561199545965274
ilovelemonade,76561198883595246
caddyoct59,76561199367653864
Scott,76561199237750839
TheBoyz1345,76561199149160462
BearShark,76561198075055458
BIboczka,76561199396398343
muszyna224,76561199388324458
itsstinkyy,76561199799532365
Драчун,76561199691681196
oneceroone,76561199088917748
captain i am a Great,76561199192341593
Buenas,76561199092172013
jgpomp,76561199127360715
Azazel,76561199067615656
ItsMrHerbMan,76561199071669320
PlayJT,76561199643561045
G.I Robot,76561199464796441
Clyd3Th3R4bb1t,76561199187490085
TheTaxEvader,76561199040884804
rule308,76561199013842827
zvargo,76561198024942381
zillarobot,76561199814261895
LadiesMan217,76561199728647046
svtgirl01,76561199030948201
NO_NXME,76561199045155723
constructor,76561198052134482
wee3ty,76561199496429712
Um Protogen BR,76561199257169912
streLok⁴²,76561199196545623
TitaniumX1001,76561198966230286
cooldude99,76561199059726408
stick,76561199125467413
brigham.jepson,76561199793559687
ivelisse915,76561199081136430
JETALEXGAMER6281,76561199407649721
Maximus480TC [TPK],76561199200748670
rung,76561198222415632
Brobit,76561199466758724
kadenharris08,76561199811893148
maxtankfod,76561198957306166
R,76561199834823226
Quill_Gaming,76561199522905765
duju3965,76561199263501403
Sussy_McChunky,76561199059790685
bk79z,76561198383923384
Studzz_,76561199123748276
USA,76561199310079958
middleton.jd,76561198979023314
FPV5,76561198980333113
Gojira,76561198884456382
gente19007,76561198800075922
SGT.Unclebobb,76561199796549512
kllrsky,76561199389550158
LBRONJAMESLOVER,76561199811759513
FaZexXDEADPIGEONXx,76561199166002814
Bandit_26,76561199093716975
acerd123,76561199084681743
moose01999,76561199768125229
TheCraigMachine,76561198244144342
wingsangelos3,76561199163297672
HuskyHusky,76561198882425603
Jemal_Studios,76561199441349880
GabrielGreat,76561199274690068
lopm20099,76561199576621117
teftelki02,76561199795522949
davidclayton071715,76561199811653090
R-person10,76561199189685609
Howdy!,76561199003642348
Panzerkampfwagen,76561199226893715
mclarenlozoya,76561199227922362
InfamousLawnmower955,76561199021632731
yud34,76561198051603857
TAHK-T34,76561199691240136
h o g,76561199225796800
Wiktor.Koniarz,76561199234442902
[ ｂ𝓐𝒸𝐎ᑎ_Ⓖ𝓸đ,76561199652136278
prosto suba,76561199784818514
Halo elite,76561198823582079
jsekuhn,76561199510167844
ruslanjankar,76561199783616413
Novalist_Raptor,76561199004553253
ic3pube,76561198418871542
биби,76561199565593327
Landonvsyou1228,76561199229583935
Ura...,76561199162710190
wyson199999999997,76561199784815346
kerifretwell,76561199427346442
Ifrit,76561199487391351
Manimaniac,76561198829044173
aldyodarmana09,76561199190164631
MAMAPUNANI,76561199150694849
Andrey Johnson,76561198301647610
The Texan R3tard,76561199652117294
T80,76561199259535764
sylwekgolyski1908,76561199807406855
rezi.13rk,76561198329695725
vov1nskyy,76561198849949339
EverybodyH4teMe,76561198288536673
nisaicev,76561199706307935
pavel_hc,76561198988646298
frank_the_bin_chicke,76561198831829638
miko45miko39,76561199835921654
forXXX,76561199143061567
V_cins,76561199751772115
sonic : /\\,76561199565879713
Den W.,76561198117580484
threatening name,76561197971429561
ФемKiller,76561198328179765
LtDanWithLegs,76561199121846297
M1rk0,76561199121457121
VGS947,76561198436799350
Kot22,76561199306975443
Гусь V2,76561198047445584
LAZERAD,76561199546007614
Lone,76561199675889793
jacoby.coogan,76561199812396948
farid0025,76561199650853175
piotr.oleksiak,76561199121452465
syedmmahadali,76561199474769428
raptordkp,76561199374677779
262,76561198047299320
tp,76561198348004603
Funt1k,76561198391132162
randal.tatum,76561198359321516
killboy333,76561198083235675
Пьяный дровосек,76561199304390119
Пожилой Грибник,76561199388857826
BALLISTIC_TATER_TOT,76561199814314110
Lewis,76561199304859432
Hurtsawyer9,76561198308241232
vinny0223,76561199465886648
Nomsion,76561199087503157
wojtek.lenza,76561199283267742
Долговец,76561199527323759
aids,76561199060985407
APEX75,76561199323857469
etondemid,76561199547507950
Cheesy,76561199639640359
piratepieces,76561198974090125
Kash_Mash23,76561199192059303
PARA DE FOFOCA,76561198300859015
twothinkers,76561199131717229
TheTomi0oka,76561199501103109
STREGION6,76561199164732136
34angee,76561199792457488
ThatOneStukaBomber,76561199121394240
Archie & Dad,76561197974104448
cakefighter,76561199792457488
wirelesswinter16,76561199231089529
zareasimone87,76561199810159793
GAR,76561199107200800
Wilyoudie,76561198262890702
sylabicpizza13,76561199376658924
El calaphia,76561198881126385
MR. clinkerson,76561198409965562
aniktek7332,76561198995888743
Binger,76561199100866239
x-ray5,76561198137121518
membrana,76561199759876199
dipper,76561199803982483
moraida-boyz,76561199210075795
OrangeStars20,76561199240332380
flmpick12,76561199657714894
Nightbot,76561199048919743
LRoach,76561198986350647
Domestxx,76561199225189666
1smartcat_1,76561199716497595
Pantor,76561199643477448
Flugzeug1337,76561199260715303
ethan_muddiman,76561199200137781
[39th]skellyman,76561199155470721
mandywhite1016,76561199495308499
[hydro] Tesco manage,76561199219594293
cad,76561199208577846
GFORCE,76561199820907671
Gameboy0802,76561198798095605
Maicon786,76561199495721839
sirwolf21,76561199086570661
AM,76561198302278462
Harry Pogswerth III,76561198804601562
Hashirama Senju,76561198160405023
Cessna172,76561199401959027
briancowan95,76561199480230096
Galvann,76561199038670209
SYXARIK,76561199733167325
The B Team,76561199465728538
burger_game,76561199479165607
Vibixty,76561199403288367
TangoLangoDango,76561199521410892
dogeking2034,76561199520726448
GODEnder,76561199245088819
SZCZURKI,76561199158774088
nevikhero,76561198017986802
mutualmarlin7787,76561199564967664
ajacenik,76561199098868786
HikingRaptor441,76561199219221089
bwatsonadamko,76561199585071310
Clerenyvald,76561198896951817
Z_kartOfan_V,76561199554053953
Ch3555127,76561198853868486
Goldishfish,76561199467159802
Shindig,76561199113456384
Peacemaker,76561199071278606
zimarij2008,76561199784433228
traingoomba,76561199057117051
GhostPepperRanch,76561199818720366
ghost,76561199379980964
owen.beitzel,76561199773752574
DapperEmu9077,76561198858045839
fastrocket4567,76561199102832008
Aeternuhhm,76561198981612332
ZluisjohanZ,76561199277539723
mrkrovasisa,76561199213895211
цыган,76561199680580221
CJW,76561199164020899
McWaffle101,76561199141722958
loganadriel413,76561199477031438
Watermelondestroyer5,76561199032155835
missquessa,76561199091879570
noahelij212,76561199832981700
mrd9937,76561199744983103
fairytalefeb09,76561199375192046
3abood,76561199482256510
Shadruw,76561199229376144
austDave,76561199241152975
dnazy85,76561199229717266
paxaboy8,76561199217427897
Something,76561199521637425
kostoryto423,76561199829053917
mpullman120,76561199139302278
SomeGuy2000,76561199639594467
bookreston,76561199073549273
Caesar,76561199045470841
𝕮𝖍𝖊𝖗𝖓𝖞𝖞+,76561198194257246
Jerry,76561199133809859
the.real.ace,76561199791109377
MaskedTeen4717,76561199467917726
nikonoffkk,76561199012236512
flaults,76561199216904356
duchiedoodoo1776,76561199812175730
Scream (NaF),76561198149252042
Darkfoxxy8612,76561198989259622
HK-67YPC-2_Soto,76561199570957007
Ashton1203,76561199605107368
Mr Karb,76561198304730299
gurpreet.bajwa87,76561199482408160
Neontetra01ll,76561199133976090
IggyTheTeaMaker,76561198976496668
sharkahn44,76561198237544880
Noty3llowx,76561199504716979
LeoThomasAlien,76561198187070294
flaminboss222,76561199310184118
PANA,76561199208097476
Karguy23,76561199594031233
кипяток откинулс,76561198849161850
Random Uchiha Member,76561198091544772
святий блянчік,76561198967717608
Стив Футджобс,76561199519664031
hugeredfin,76561199002331936
Agent,76561199194636601
goose man,76561199592179742
NIEWIDOMY,76561199173881612
Горячий Мучачо,76561199408546184
GENLEE,76561199054709070
bin Laden,76561199206301979
krzysztofolivier2014,76561199689031262
thejozenone,76561197970900560
´・\'んだレⓧア、だｊ\',76561199681260131
Frezixx,76561199237121913
themium,76561198993760912
THE END,76561199414220759
Штирлиц,76561198007028583
WewertytyChebz35,76561199664759235
$aYaN,76561198927658728
S.T.A.L.K.E.R,76561199483058617
Отсоси\'ски кожура,76561198118931945
Senko),76561198850820895
ItalianAnders,76561197960865681
Mank,76561199580771842
calenculley02,76561199580030527
Artem,76561199787456536
Tymba_Ymba,76561199178591473
!miłaszniaszeczka,76561198007514504
imochan555,76561199224718694
valentijn,76561198400425927
sOMEN,76561199212450567
markrate12,76561199246590735
SPICRUSHA,76561199483243990
kjebab,76561199187987850
gegBTanka,76561199258536330
mikinomouse,76561199778372460
kirich_tomsk,76561199106303672
Kaidz48,76561199481545913
zxcliazxc,76561199556606028
ChillaKilla,76561198415953698
nya,76561199412459892
MLEKO,76561199060542499
3c1Ip3e,76561199161040364
jhermans2012,76561199771146563
7mood,76561199467794517
ajzenith,76561199389780674
Kreyban,76561199705855562
[ST73] Ober,76561198976343412
wind_7545,76561199466149562
Фриланс,76561199196032899
Вивачь,76561199205755105
VLaD_SeVeN,76561199190941996
Попуг,76561198390606112
ce1tr0ft,76561199555520239
hrenpoymikto,76561198973283796
Richardpollard123,76561198367479875
ScrewBojoBingo,76561199754241387
josecastillo26,76561199070399246
RAW_ENIGMA,76561199243049272
492,76561198047299320
fritzhilljr,76561198093778059
dozzfxxs,76561199466428596
Foxneven,76561199390095423
rock,76561199091618723
Mr_Sumik,76561199472185365
GS,76561199554615003
Leg1on,76561198969451070
ЭЙС,76561199626662528
dave,76561199089606586
Randomly_Gamer_,76561198838329394
Макс Чумной Сват,76561199135390001
Murphy,76561199050325063
Varisha,76561198072631004
jimboharris2010,76561199642773978
The Observer,76561199259535764
Chubby_dady,76561199248076874
plunkn,76561199147319032
CPD agent,76561198807589579
Liminal,76561198012654626
Zombie spider3,76561199030270845
TheFakeCat,76561198986377916
Sigma_autist228,76561199785049603
Youoweme20buckz,76561199804140566
Yura,76561199387331802
Slavic Person,76561198972464290
nonovernol,76561199819163738
Koko-chan [Y-469],76561198445424539
the_red_deviler,76561199513254141
MONSTER,76561197991230308
ZaneTST155,76561198799325728
zen,76561199566184503
hamster,76561198096087024
mrmrmocha,76561199225440453
Imlike4\'2IRL,76561199008933467
Everything Soup,76561199439150034
12 volt battery lick,76561199224036064
ilanchick,76561198895597073
juangamercoolpro,76561199146204108
LethalIdiots,76561199421198792
Boobaloo02,76561199229310000
the_colour552,76561199129194916
)Humanoid(™,76561199000221519
abobus,76561199266103240
tlink,76561198957751871
🌪⛈velvety⛈🌪,76561199367827450
PolkovnikTema,76561199106788202
satin_waveband3D,76561199440938530
Jam2012,76561198054326694
aiden.george69,76561199508243288
mrloehlein,76561198032123255
hydrabob2012,76561198886152109
Mc. Dean,76561199495052231
EvilAsh,76561198007053897
SpinoPines,76561199175555784
jbowslee,76561198970858293
Spritey,76561199217785935
Magnoum_OFFICIAL,76561199284203386
p0star7,76561199190190054
ItalianSnausage,76561199120175367
S0-SHADY,76561198366929893
Andromwda,76561199260329011
Egoist,76561199824710327
Bruno,76561199807685667
~JBomb~,76561199760067831
kittie cat,76561199179582452
Colebear331,76561199822042265
WishKid,76561198838379362
eLCARPINCHOARGENTO,76561199244204976
pkw003,76561198332637881
BabyBoo,76561199093962100
Ding Dongulus,76561198128296189
remorse00,76561198161944513
eye knight,76561199380161073
283,76561199702166633
Alistair,76561199084961719
hardyboy1377,76561199159751640
keatoroseberry,76561199590132735
Fedorakid,76561199171829081
xscooby14,76561199671758129
Skyla: Local Kitsune,76561198276664641
ВАН ХЕЛЬСИНГ,76561198833979020
brick rigs player,76561198817172629
Affi,76561199571288537
noхčo_2023,76561199170948575
Revuelto,76561199083389434
Bust,76561198963653634
stein,76561198069705984
fire_ant,76561199002397532
Kebab_Polski,76561198309039605
kacper,76561197970747837
Jackson,76561199101526968
slshuford,76561199090260514
qwerty001944,76561199650254889
D\'isiah T. Billings ,76561198116630354
Alejandro Gonzalez,76561198310063760
HUNTERreee,76561199826617678
MikeDragon,76561198188157385
jmcaruso4316,76561199630039462
.utoxxxic,76561199054082218
NBeat3333,76561199059897879
elirude2028,76561199507995681
フリナ,76561199544724049
Mr_Lag_Man,76561199791243058
Lurjus2,76561199622809140
SWaG,76561199261632731
s_kleine,76561199149886613
johndeeretoday,76561199254767420
owen.p.nichols,76561199810292621
Tman_1244,76561199444947093
ljslandblaster,76561198853730114
gkbladeboi,76561199092224516
juno59190,76561199810772392
Tonio,76561199223750717
coltonwt21,76561199746170211
359,76561198047299320
captaincarrot,76561199817424497
Mikegamer,76561199354834558
liampetrie1226,76561199803559858
emmethendricks,76561199801301710
jpcurtys2007,76561199011672618
berber04222011,76561199385716945
LIL JIM BOB,76561199122242934
Goblin703,76561199729576638
Spacecove,76561199501246335
deeluvssnow,76561199650378706
Bkganci09,76561199035674256
thomas.shook,76561199793095617
Mr_Manz,76561199363799885
alexis,76561199059219787
cn coach hehe,76561199150143405
Scouterboi,76561198987027677
Parker,76561198047277507
firemanjoey123,76561199813973107
rami,76561199669838612
Nappalm,76561199198867701
speedydemon75,76561199721848412
RЕАРЕR☦,76561198210414143
dishwasherexplosive,76561198807589579
rebecca.andreae.80,76561199287805044
geoffbarnes,76561198047849311
andrew.christus,76561199072006118
ramsessa1gogo,76561199640686823
D>N 卡Q yin,76561198283585506
canadianoperator0128,76561199663599023
platyporkchop,76561198423315407
Beebers227,76561199085816138
AwesomeKJ9,76561199268304838
CoolmanJay,76561198889172100
TARRO,76561199574201633
johnquigs3,76561199088927952
ncollins26,76561199074031310
that_communist,76561198982645809
ikkyu,76561199279733219
Lenna,76561199140208674
kordusa,76561199127962098
smith.5740,76561199094242223
jonaskai4,76561199624067617
etonedemid,76561199547507950
a player,76561199556487380
iancgardner22,76561199104059950
MQ,76561198970666809
The_CheeseMan,76561199740045996
vigurp,76561199045057373
Bobenbacon,76561199588968856
Hans0248,76561199780735715
TirelessPack,76561199216085381
evan,76561199802107284
floofy,76561199137643404
Nargas-_-,76561198967283240
Ana,76561198451359888
Maveryck/SPOLIER77 {,76561198876204172
OMGdude,76561198172127885
Anchorbandit,76561199227634963
ORANGE19CRUSH,76561199575924009
El Pubo,76561198887690009
Warren A.,76561199120280052
overwine,76561198065357121
white.ryan,76561198115445946
Albany & Eastern Rai,76561199213652929
preciousgirl_rose,76561198039157181
ecerd0124,76561199831524139
Evil_Eight,76561197978518911
CYN,76561199588005645
ray.villalobos1,76561199139691225
Thomas fan 64,76561199068480356
[BT]Samstar220,76561198000509987
lecjoseph499,76561199246313149
DevDude,76561199578129789
Jab,76561199105316178
hendricksonliam29,76561199812443229
ChknPatySanwch3,76561199820315067
dynamitedason117,76561199811514170
camszim13,76561199086983763
hueysmith640,76561199745442921
dekoning,76561198035671448
Armo_Gamer34,76561199060563466
melle,76561199099398279
Nycoz,76561198954080172
the messiah,76561199525242236
hugegamezerlol,76561198256380709
rlstag21,76561199217178644
Sharkenormous,76561198156491605
BunnyBoy,76561199094115397
LPhunter2814,76561198946474085
Akemihx,76561198808163592
hrkhrkjh,76561199801583457
akjensmo,76561198119092829
vlazar8332,76561199166342864
Defusion,76561199472821580
NotScaredABit,76561198262885696
Luke,76561197999255955
😎zvR😎toxicAmethyst,76561198939954068
Your Local λrsonist,76561198987557505
Idolx7,76561199482762396
E_A3032,76561199755486231
sonofrazz,76561199030723180
Master_Matador,76561198845742355
Stanky,76561199235697047
sigma,76561199788364009
TheGobul:3,76561199067476167
(ima,76561199566417153
HotCheerios08,76561198988834932
MIMI,76561199797361301
Broken444blade,76561199368726502
glsg728,76561199618875856
AidenW52,76561199559122144
gregstosich,76561199145568056
Krout!,76561199342745495
eringolightlycarson0,76561199648508665
ополоченец,76561199043437999
cal_gamer2012,76561199590185675
a.diaz1986,76561199476906871
Something massive,76561199528898339
sbiggs1272,76561198297611014
Rootbeer173,76561199232006876
Merkava Mk.4M,76561199226064650
masterchee,76561198357983081
titanictommy09,76561199438485796
getori,76561199125827093
Echo,76561199777542984
el.khristoforova,76561198090505426
monogenesis1,76561199244294876
Wither storm,76561199831504811
Mr.static...,76561199750073799
kaloko2b,76561198881922018
DoomsDayShadow,76561199184294867
BIG A,76561198106294952
GhOsTiK™,76561199654106603
ЧёрноБелый,76561199215033559
Nemesis,76561199447910889
Noob_Jelly,76561199120079763
Hellslayerez,76561199104177327
LukEDuk37,76561198971478507
Zilla32,76561198976087273
M@D,76561198032368072
PuTYAN,76561198843478742
💖᚛Cⱥℝⱥmeℓ᚜💖,76561198880779530
_nieufny_,76561199246238966
bjshawn,76561199591054437
TechnologyStrong,76561198834136079
backwardpotato,76561198861570073
forVad,76561198362422889
laneikas,76561199762127825
tvazzz12,76561199586815731
s1mple,76561199524495422
анти-магомед,76561198971782400
Бочонокь с Пивомъ,76561199166335735
Epsilon11,76561199136515115
tr_nice,76561199352555720
abcx74609,76561199559100286
беляш,76561199020754416
Lazarus,76561199203414985
sonzilla.18,76561199691057256
HEADHUNTER4275,76561198147798852
goofyahhuncle,76561199237795992
cia bob,76561199497017269
Slay,76561199489125756
BossDada,76561199064321569
Texas Red,76561199468185853
Skipper,76561199811392340
Mine_Cannon,76561199140870644
starlight wolf,76561199385847610
felipe08112003,76561198418186017
sumaira_yasin6,76561198890005618
zahidaiscool,76561199387975914
shteve0,76561199439152327
Snowy-Trooper,76561199601025616
citydaft219,76561199588549164
sendejasr,76561198102013219
Fikity14,76561199583602423
freebird_911,76561199446714540
Catcat,76561199185633080
jah_man4,76561199465385696
ChknPatySanwch,76561198018058454
Robo,76561199241809042
cmorick,76561199237351076
Oxykog,76561198166472440
Gamertime,76561199467291471
Lena4b,76561199546912533
Mrtacoman,76561199771732389
rickysg1981,76561199434976877
turycb,76561199578965939
engineer,76561198977443159
BlueEyedDevil,76561198976752247
rsheble,76561199811767330
D0RC,76561199488002498
Buttery,76561198001438633
OneEyeSniper,76561198120289475
AlfredoLover123,76561199333072822
zase,76561199589080484
bubble bass is commi,76561199654570448
caseoh the great,76561199822194500
cvalen4709,76561199489773209
bartlettaiden39,76561199648292584
bosko2301,76561198381645696
moeisdagreatest,76561198254088146
gsanders1821.os,76561199832338516
logan_10polnt,76561199662457316
Boncov(Foxy),76561199588874294
Ghastly,76561198884674054
captaincluke(IRE),76561198025293032
meowersbaby,76561198312326912
shadowman,76561199802734895
The Soulkeeper,76561198422230168
gen_anai,76561198871347239
TheCrazyWolf,76561199109113112
sammytherobot,76561199724262693
Scorpion_Gunship65,76561199786183962
93°C Aspec,76561199046537014
JohnnyDrake11,76561199666800506
KManGodzilla,76561199636310683
lakeallstar,76561198124829160
§o̴d̴i̴u̴m̴,76561199398510314
Idk man,76561199121739592
timmytingle,76561198308409320
BLAZE,76561199275614773
ultimatedrifttir3s,76561199351945480
ban5622,76561198997928036
Storm Human,76561199194704863
Zilbo,76561198799043140
dinomaster588,76561199155425917
henrynuthatch1,76561199591431829
Spidermancan0370,76561198983055793
dangjeff,76561199078914825
78_Timers_,76561198993846520
moosecat100,76561198882796476
billy jean,76561199473450016
leahbaan,76561199147880216
BlamedGalaxy310,76561198869342189
Polygon,76561198205238701
Mr-King,76561199295104966
Mez018,76561199487970042
reese,76561199065930349
Holmes Bros,76561199121472338
Irish14,76561199269115105
2imi4,76561199520844058
GRUMPY SKYWALKER!,76561199217003257
Hines17,76561198071514300
WeDzER,76561198047124773
IZX,76561199157885721
shaybusmaximus,76561199229691655
Big_Bookie_bear,76561199139107026
Milcc,76561198041081379
CQAdo_0512,76561199553230039
King_Mango,76561199494361547
PeppersONLY,76561199047457036
richard.delange75,76561199580190058
Leviathan_2013,76561199571760643
travisn,76561198882112049
Barficle,76561199559109688
hunter the creator,76561199481612785
Kevin The Bus Driver,76561199230779577
franklinwilliams122,76561199680113348
DE_NOT_SUPER_STU,76561199123307902
Concrete King,76561198164957585
flashygt,76561199811409528
aumestudios,76561198299891383
TheSharkFamily!,76561199444490716
᲼᲼᲼᲼᲼᲼᲼᲼᲼,76561199006929134
altimasighting07,76561198967522205
kskrmetta626,76561198986065514
OG-cartel,76561199146408343
substance criminal,76561198413181702
CoolEnderGamer,76561199195944655
foraiizzz,76561199698681495
Xrex,76561199102542304
DJ_Frodo,76561198017793839
EwokGreen,76561198359757416
Heisenberg,76561199479135537
portalgamer,76561198963776204
As1n,76561199055372519
Azizbek Abdulloh,76561198417533477
Mmmechan1c,76561199125450708
huseyinilay,76561199058509309
stuk (gooseberry),76561199143297019
Hipiez,76561199081126161
green--cheese17,76561199550643117
brenkata22,76561199521696222
aidenj12,76561199467093497
opsteeltanmkery2,76561199090258399
soap,76561199105975894
Jank Thomspon,76561198077445544
Shadygilbert,76561199805021463
Ехослем в роддом,76561199742700473
.Fink,76561199164109366
grape848,76561199142746510
Liambug99,76561199112492866
zackgameing1231,76561199043354155
stenl1x,76561199511510708
Xa1rs,76561199783799805
patron собачка килле,76561199837762437
Свiга W,76561198295735089
Nentendo126,76561198873730180
Piratenok,76561198859292469
SuPreMe,76561199382408533
Renniks11,76561199801200396
ВИКТОР КОРНЕ ДУБ,76561199197298870
ЯЙЦЕГОЛОВЫЙ,76561199172595327
ryderdude11,76561199682302071
vishel pokurit`,76561199160426953
ачо,76561199246456717
lucasgonz0014,76561199560429861
✯☭Captain Duck Gamin,76561199194008773
Vensely,76561199202961607
Santexnik707,76561198859464632
kzntarp,76561199531083869
grantturismo,76561199076928249
Nograd,76561199126125663
ubermrd,76561199549186813
Marci Pilóta,76561198442121623
Kamar,76561198806011874
pietermaximoff99,76561199530934633
ғoхer ™,76561199441289946
no vc razer gamer,76561199248167245
Tupica,76561199792269340
fierylion57,76561198141684777
delphinemelissa,76561199645005876
begemotarbuz,76561199665376936
neon,76561199024091888
Art,76561199078932449
Filimonov,76561199483069675
SAVELION,76561199528229813
pies,76561199340509801
Russian Brown Bear,76561198297349815
DarkNinja5555,76561198800253000
Kaktus,76561198090700705
Corporal Dude,76561199369130424
Mr.Perdun,76561199124069745
ILikeToxicGas,76561199102116358
Sendt,76561199140244704
chefy5mil,76561199569158973
д...д...данечка,76561199655980635
kolbas,76561199690327808
wfrench314jr,76561199803262648
Flucks,76561198300920649
The FBI,76561199134549814
BebronX,76561199162598388
Falcon_Wx,76561198084155234
BoldBilly,76561198309720283
Gemini,76561199408000482
"Mr.yan4,095",76561198091258638
mcafarillia,76561199235897441
r5d5mk2,76561199065951139
lizhelm6,76561199143252490
visionautorepairs,76561199483875028
wafflehouse5,76561199564255777
starmedic2007,76561198066500106
AntGam3r,76561199395586910
mr6chelovek9,76561199441635595
💧Kenilen💧,76561199407427228
CagriLo The MIDI Bla,76561199485858298
Sens,76561199784827253
kayateoman5,76561199809928170
DEADLINERdeslain,76561199131791893
Crash_N_Burn3,76561198084270908
ApocalypseDude,76561198121911697
Fatelight,76561198016430668
laineyoco,76561199811209361
Axolotl_Person,76561199366648763
icravecheddar,76561199248058007
SquallyFire,76561198850902352
tweedle dumb,76561198024998536
samplank123,76561199062361753
cheeseburger,76561199075815655
Godzilla Gaming,76561199105353741
Bear,76561198995190326
noof,76561198187134513
webos_xd,76561199233194178
Anon,76561198362026341
michael_e_wilson,76561198156112476
Aleksander,76561199120292291
burger_pizza,76561199808771905
Hexx,76561199040785166
TheMayor614,76561199011142092
LeSunshine,76561199092318560
bongodrums11,76561198446989659
WW2_Flyby,76561199466615698
Mudd the storm,76561198389067095
iminurwalls,76561198858011064
Toxic69x,76561199801764130
Kaiser & Krause,76561199192371166
dallas1010jg,76561199349569222
porcupinebanana1,76561199588949166
Darkhalo1111,76561199468308909
Mr Potato,76561198881101868
R4G4MBETA,76561199667734834
Billy B. Jones,76561199357513834
[TOKI] Leslie,76561198126822452
Fried Purple,76561198366660970
shakily scoeboard,76561199059854947
ethanjam2008,76561198987687134
dat1tylerkit,76561199455259644
UnholyManswers,76561198094749824
erikanxpress,76561199236106246
Rymonster2015,76561198906118971
Averagedumbperson,76561199067323967
Igorechek,76561199757988636
Ego,76561199189240656
Aydstheaids,76561199062681376
Captain Price,76561199066556499
ZOMBO,76561198964022903
Belic,76561199554608978
goldenleo,76561199641153887
Humanoid,76561199480735004
MIKWBM,76561198157197312
Dracobot,76561199217245369
worm,76561199563105653
lok770407014,76561199098594977
NationalLeo,76561199735353696
racinry95,76561199828497401
Vadim le français,76561199504017941
АКР-101,76561198147910799
сэметарi настощий,76561199198060009
right-handed pencil,76561198050554712
rat,76561199090881740
WooliesSelect,76561199186743873
Normal guy,76561199483611478
Yākātē,76561199146703550
Primo Del Avena,76561199372406075
leskew9578,76561198989557999
aaronhendersonarms,76561198344530045
ROBLOX,76561199809901544
Релтиг,76561199037521954
Geccio,76561199028062957
KDOSIS,76561198091664522
logvinovzena7,76561199728226632
_BDZHILKA_,76561198926410452
politorchik,76561199662923965
Hemis44,76561198445587998
ajaevianfleming,76561199195066787
Germanhg,76561199674380775
chelhorohi,76561199770215859
CroissantMemer,76561199524567602
n3msi,76561199020292629
Mr Microcontroller,76561198363087956
rissa.rizka,76561199557987719
Fiji,76561199234600989
onelovez&,76561199214696945
VLAD956571243,76561199185874487
компьютер,76561199472408567
SKOLZKIY,76561198261158349
dont be normal,76561198283035910
vitalka.filenko,76561199507470578
king_maker,76561199121230391
a4532523,76561199766634393
人生就是平凡,76561199087475302
Analkiller,76561199634438319
Demir,76561198300765145
Kessi,76561198207532709
Callum_0706,76561199061805310
potatochlen,76561199806790765
Lerros1980,76561198003247713
Romaix,76561199636980352
Skrzynek,76561198825720649
Carl Zeiss,76561198016225006
PIPISKiN_204,76561199595160351
< blank >,76561199072638267
пули от страха2015,76561199261630315
Shaltay_boltay,76561199042716430
adf6666,76561198018719150
Zaga,76561198352318449
totally not a bot,76561199185322255
GODLY DUCK,76561198388029844
Рина,76561198834667544
Givemeakkpsh,76561199409806484
_Limton4k_,76561199247985619
yksmargus,76561198204316192
toyerdw,76561199093717120
GasterLordx,76561199223069260
adax7474,76561199095520616
duncan.o.wicker,76561199450426408
Country_Gravy,76561197966680434
BORZ44,76561198003398404
Doctor_BananaMan,76561199026722400
stefekgamer,76561199475650596
tolgyesiak,76561198209499579
mrtrain,76561199802644093
Nynjatic,76561197995910712
NoName4Me16,76561199679593920
MaddlyJK,76561198421110965
Gem,76561199408000482
Bustermycat,76561197983733368
TotallyNotHavoc,76561199551066465
xvoline,76561199493302814
bnatasha8733,76561199201235860
Masir,76561199402707815
JDCOM1209,76561198972621346
skorluk,76561199006719803
n0pah,76561199558481402
Garuzete,76561199209055786
dst544,76561199836752208
Escaper1O5,76561199551127753
BuzzyBoi,76561199532269548
kerryaporter1,76561199160681343
shadow,76561199650378706
gammons,76561198021608570
tuntan,76561199386416733
peanut_butter_eater5,76561198817191618
mflanders300,76561199501931821
Rarelyplay,76561198048735315
MailboxHelpies87,76561199241860031
f_aminzada,76561199538938220
Koala,76561198067039022
kittygamescat,76561199210276013
Maximusmeganut,76561198028318204
c36.eiler,76561199179959864
Ima_Towel,76561198355897461
Galaxy,76561199246045132
PARADOX,76561198353361609
fdavailus37,76561199775457933
wildman_ty,76561199821608853
emil,76561198139083412
whitbit2,76561199041492481
napalm,76561197993670787
EduardusS,76561198167629949
Strausy,76561197970956871
zakarovzaky,76561199472191609
MadaSpartan,76561199042168832
grapyl,76561198399615275
doomguy 515,76561199444585026
ynikoghosyan,76561199045439404
shid1ks,76561199554833935
TonyMcloud,76561198328568858
Xanayan,76561198968254744
High Ground,76561198833266124
Bread,76561199141770366
Hot.Dog,76561199061378095
LAMBOGHINI,76561199175072849
zurarazr,76561198813220927
Atomic Dude,76561198408266869
Bunny,76561199809736652
Just_Nick,76561199510100171
AtFlame,76561199150591184
«Φλόγιστρο»,76561199024099670
Skd001,76561198355695720
sentry gaming,76561198103387286
Lee Harvey Oswald Ga,76561198402085785
mayzerNS,76561198965526916
simo,76561198364213522
dmitri2008,76561198354694230
sebaleroma,76561199119782462
deogen,76561199064372154
gurh3,76561198975369546
Распиздяй,76561199582512664
egogo,76561199447369905
Pelmeni,76561199262807168
TANK,76561199147433371
Wideputin,76561199440391988
Klutoysigma,76561199258702281
lorwethh,76561198798227806
MANERA777,76561199480129890
amandajane86,76561198091463859
Blugflutt,76561199838727328
YarLit,76561198207987305
jax.mclaren.2024,76561199811686831
Rik,76561199335807769
chmonechka,76561199375912347
КОТ,76561198989428371
rim,76561199824794292
Kovak,76561198846002996
Negrulya,76561199835919489
lope4ik,76561199552132420
black.heart.ja07,76561199564107070
Mikloss,76561198046489843
Agrozka,76561199657869639
Сагайдачний,76561199104672815
fedorovmish,76561199480169339
Arima,76561199601518485
oguzok2135,76561199545627150
madroo2008,76561198419508142
DAGERNAUT_z,76561198310741097
pascalfroede,76561199822225064
ChampionR26,76561199156722976
zibert mutant,76561199700229447
avery4528,76561199683089032
Medoking43,76561199522316784
alex_kuzmichev,76561198038028479
мобильник,76561199035158858
2003 Gavril D-Series,76561199810856771
chromerat,76561198073589017
Quink,76561199088518496
neko arc34,76561199025452627
shawnhare70,76561199243837099
lashbrenner,76561199108732911
Balke,76561199539866001
yusuf.naabi,76561199659348535
Stitch,76561199102050232
nuttinnice101,76561199652975495
ccjandco,76561199384111390
Boom4682261,76561199148643297
CAPABLECORN5035,76561199457043430
Nuka Cola,76561199097501789
LOUIE,76561199486962200
Ran$om,76561199570733538
Davin.Rebuli,76561199158947415
Pry@nikk,76561199498064544
mephistoknight,76561199153291890
Violet island,76561199224800170
lisette_denault,76561199061131833
Ethan,76561199036581451
L E G E N D 001,76561199279114021
angel.poulette,76561199790315760
Randy Vandal,76561198807036540
leopard,76561199170111323
The_Real_Ike,76561199233620141
garata,76561199441830866
Papas,76561199101388351
Chris_,76561199191719487
imcrouse23,76561198397776587
odoggg,76561199267962263
skymaster8,76561199453658370
Taunt76,76561199168495601
kjgamer,76561198030127217
BOOMBEATERBOXER,76561198345092905
gooner,76561198910897547
KnetriX,76561199137761315
pokemon_hunter824,76561199227822991
pibble,76561198446484917
Woldik,76561199209515866
Frost,76561199175481520
Eagle,76561197971119709
Goob,76561199040016428
max.voskoboinikov,76561199587173571
Mabumba,76561199234137314
randomperson812,76561199500487128
FoxArt,76561198291270826
I like cats,76561199775434705
Ghost Hunter,76561199165488089
djLoko,76561199809518829
SamsonWacco,76561198073761172
dakotaashcraft1,76561199443970008
xXTacticalCouchSexua,76561199293087398
I-When-Who\'s-We,76561199212787365
KETAKC,76561199741946383
desperatekoi,76561199586802336
carson,76561199482507253
Polonia,76561199066655391
Doom reaper,76561199729621316
Shotgun_Washington,76561197998139187
FENRIR,76561198140083618
end plays flatscreen,76561198373458813
Yeetoofmaster123,76561199147174013
GloryToUkraine,76561199040654066
laparillatacobowl,76561198942406616
francis.unger,76561198419921731
Heartache ♡,76561198148501724
Poop_McDinglefart,76561199274679933
corgiwolf5000,76561199177721371
Pringles,76561199089961860
2Fast4U,76561198850084903
abdullah1444,76561199472223353
jesspaxton91,76561199456351963
lil Shitstain,76561199122315036
PilotMaster Mitchell,76561199605083835
sovinkin,76561199062728115
Skys1zzz,76561198178153111
TRESPASS,76561199525282266
sunnymama51,76561199487219770
ambuta,76561199566417153
maxh00145,76561199642242036
2014EL,76561199808279848
TRX90Rider,76561199481998179
spy,76561199105320844
EpicGamer0314,76561199588771423
gaming with farmboy,76561199547971262
cambo,76561199180396901
Gaming_Addict,76561199066137248
toilet tf2/ uncle da,76561199026408607
NobleToastXD,76561198819313112
DanielDoritos2,76561199761323072
nasaspace357,76561199810400404
Koshak,76561199468975936
Slava,76561199787943818
WEEMAN,76561199216741982
Snackbars_in_iraq,76561198211439493
reiner_igor,76561199109475881
LetsPartyDoc,76561198022189212
DeDylllkaMazai,76561199344049062
spartaco012,76561199183913669
JustWayne404,76561198260358006
Seva_gop,76561198080662676
PRO | Strike,76561199300937897
swellrocket479,76561199810175022
coldzero,76561198283991712
Belugus,76561199256851885
gamingrage,76561199401250654
ansgar.helmchen,76561199115059881
Bogdan072020,76561198969387867
kalistratov.iaroslav,76561199676980919
какавозик,76561198851043380
crazykid926,76561198346731450
C10H15N/\\Jan,76561199554199111
Bananiaaa,76561199642459245
TAPIKZA,76561199602709951
IndominusK,76561199649380471
Дядя Валера,76561199665094335
Requiem for a dream,76561199069646935
cho_,76561199470365682
ray,76561199581827950
Abaddonchik,76561199682357020
San1tarchik,76561199472231822
makssad2013,76561199813143664
上帝天堂无穷,76561199035922358
MaDLaD,76561199784016802
Cookzie95,76561199427429618
| Hatshime Ellen | :,76561199063345845
Mykuh,76561199110659333
m-marcus,76561198109062778
ᗷYᒪᗰEᑎI,76561199225007086
scholar30,76561199472051578
LuckyOne,76561198038178432
THE NOTOIRIOUS Z.I.T,76561199402493724
bradygoboom,76561199812257237
Minimoonboi,76561199816916227
superstu14,76561199123307902
cheese_boi,76561199122227085
william1220,76561199229351039
HIGHLY EXPLOSIVE BOM,76561199697598400
green010316,76561199812503231
The Finest Villain,76561198865366183
tinath64,76561199140546069
✞︎mr.sanssema22✞,76561199175569759
SHaRiK,76561199149550078
Rysy - 2499 m n.p.m,76561198331937763
Melchior,76561199368948537
TravTrav,76561198235968446
ELITE_SOS_,76561199022242860
khunter6979,76561199512729359
KoT3,76561198084833669
jmv1,76561199284930806
Rob,76561198084890480
noya.nancy,76561199829872495
rat boy,76561199079854602
SPIERDOLINO,76561199379477880
Epicness1850,76561198126771273
cptwano,76561198279095409
SIR Petro.Vrangel,76561199088352530
UncommonDeer123,76561199229423813
jlrunnels,76561199048686113
hahamonkegobrrr14,76561199482726947
nkarel2,76561199500188542
heavyreaper2020,76561199185903738
mcapsu,76561199227765389
bosket,76561199243806643
TOG II,76561199138585977
Bread Fish,76561198173500210
boxc350,76561199748031343
knv4vols,76561199094689290
Eg.,76561199012062153
Challenger 2,76561199138585977
kahinkle1,76561198431315662
king_kobra45,76561199811764366
michael.j.power,76561197995328715
mds,76561199683904190
panzer_k9,76561197964919705
tricky2676,76561198905954984
Clawz:),76561199087263628
Randomduderino_0,76561199815105589
dabasourus,76561199151402897
FaZegrapejce,76561199811240250
abcattrell,76561199024322151
LiofTN7,76561198314617417
Emo Shrek,76561199226507099
[Fur]Dragon_Taktomy,76561198983699291
CB Duck,76561199502531150
tjr3nc,76561199101101011
JBA,76561199442773053
jojoprovost,76561199633637238
buddhasharky,76561198417803262
TheAmazingFuto86,76561199426920891
trimble330,76561199015099804
carley.jane,76561199481623121
matteoleal26,76561199665729691
kbroski312,76561199236579585
snmoore2,76561199801832267
johnnygamertamer,76561199456620209
kemotsilf,76561198006477953
dllewis1,76561198056227831
AHA,76561199396074866
few142,76561199391153452
isaacbarrett61,76561199066220478
xmanfuentes2009,76561199448460706
stealthsquatch7,76561199648693738
061_ferreirax.z,76561199230926050
Mr.BruisedBanana,76561198906178820
palmers5045,76561199260635914
dvornik_miheich,76561198977378282
civicrocker,76561198872401910
Agent HBB,76561199509878606
Markus,76561199581812080
Twiglot,76561199073496244
Maestro,76561198262412680
yinhaocheng38,76561199111428076
maurobenitezz1625,76561199735867123
JDCOM,76561198273000120
Potato Master,76561199256011453
spaceman83629,76561199405614739
TRAINS801,76561199129531612
26jacos,76561199468912540
keithdaysaway,76561199224855545
peypey1234,76561199678905209
Bubblemouse,76561199153492197
Apex the dog,76561199111783689
just a chill guy,76561199364592546
LuhFart,76561199483437116
7nate_77,76561199033704822
DBOY3,76561199819359484
TheCroc,76561199149261366
BiggestBluegill,76561199520830496
ibehmax5,76561199428522669
Nice91,76561199656929714
rocha.mbf,76561198262358884
ollie.hackett,76561199165334553
mogs_2007,76561199230143388
VultureKing5,76561199705264377
Raph1254,76561199152243082
FlaRakRad14,76561199588583816
FileX,76561199104050453
theultimategamerx2,76561199818821872
UnturnedLuver,76561199105411233
gosiaw36,76561199810965700
Cozmo⁹⁷,76561198365053177
tylersalmon12345,76561199832498065
逆流而上,76561198052052848
Joey99,76561199699294670
mb311jb,76561199834384918
sithdude999,76561199563810990
Dino Gaming The King,76561198448565473
chill,76561199577042242
Irish_Potato_Farmer,76561198969870322
BruhMomento,76561199125538540
phoenixman12,76561198286577679
rferreira.reis,76561198059277858
lukas_bmx,76561199545596679
FVD,76561198131345633
YippeSB,76561199167601330
magriffin10,76561199693100418
Thegamingpro17,76561198986279580
dakotaiscool,76561199822187654
SoupLord,76561199367315960
BigW_09,76561199136956769
wAlLet,76561198370175677
Vurellis,76561198862592246
nje9900,76561199578579462
Sgt.rick,76561199547873455
Zach725,76561198438867537
drsulli,76561199546243359
cyganek17,76561199630995652
RedDead47,76561199015697424
devvezz2.0,76561199394396093
SLASHER4530,76561199812203319
Populr (VEM),76561198942150648
Jean TNT,76561198877123291
Tomi,76561199816026425
Bruhmoment2,76561199219302497
mrianw2008.2,76561199241357196
RaimundinhoPlays,76561199228256117
Garry mod plane scre,76561198001156103
K1ttenCactus,76561198971556349
blazergc&jc,76561199465526046
kaomkham,76561199810301009
Da_torque,76561198108683309
KubaKuba,76561198893409187
nadine.todt,76561199815548304
ZUG ZUG,76561198074506826
AMOREPOMIDORES,76561198008889278
g.peter,76561199143220970
Sidagu,76561198088143001
cc,76561199568599459
анальный босс,76561199228793855
blutonium99,76561198983328279
er3k,76561199473688310
Diekuhe,76561198443031620
МЯСНЫЕ ТИТЬКИ,76561199249322821
The_true_end_times,76561199440602956
minkata79,76561199240295739
MoodyPower,76561198117340460
PirateKingAnims,76561198844196905
CosmicKiwi,76561199806635241
♂потные яйца♂,76561199133417309
Lean,76561199743708234
pen_tv,76561198983693844
MafioZznik-FimoZznik,76561199282453631
uroboros_86,76561198077917654
Ardoo_29,76561198995242408
BananaGuy8,76561199582578853
Kurama,76561199234934426
D€@tH-W0!f,76561199443500755
Mandarch,76561199472781736
workclock586,76561199823020672
crips24,76561198202246101
Lev Hekler,76561198011046355
kidpilot,76561199233504069
fahren31,76561198196053047
Daargon,76561198074506826
Fender Bender Beast,76561199091029949
Bobgg,76561199401549747
thisisaprofile,76561199774387287
Dave the magical che,76561199483611478
Папа Дим Димыча,76561199368130024
nse.kelly,76561199523638297
TakahashiNg,76561198999668839
tamawin,76561199129430773
Volundur,76561198047300230
Kiwi,76561199513348432
JAMIN1234 ENARDO.GG,76561199423294950
Foggy,76561198065369652
Ohio Southwestern CE,76561199074240539
Slayer,76561199190528958
tomkashayne,76561199812081372
SPAMStillPlayzVEVO,76561199072944383
andrew5556jenni,76561199694059954
Bunch_A_Carrots,76561199123316247
gimelli.mauro,76561199493177208
Lambda,76561199133215389
pedro ilusoes,76561198858892019
Bennito Nigalini,76561199148331397
Bciesk,76561199230293860
leuonap,76561199454212079
harrisonwvu,76561197994432477
rlfich93,76561199304993163
dexquin8,76561199744401627
Robo No No,76561199228928385
Hummingbird,76561198179161745
jaxson,76561198829880303
DrMattFaulkner,76561197961789194
killejeff2016,76561198835211105
-TLA-oduster,76561197970427489
ryanjetplane1,76561199291918283
Dirtycucci3sniffer69,76561199535584462
Texuh,76561199572927777
coxweston298,76561199568937724
LucLanig,76561199473212716
fernandinsky43,76561199361782191
dali_lama_2k,76561197971610700
martin2jjoseph,76561198983924749
travelpower365,76561199237067801
gabrielfizzycheese,76561199481528667
CoKain,76561197999343009
ROFLANBOT`S | Sshunt,76561199469493027
Ale,76561199240332818
b0l0,76561198970666809
ChillGameBoi,76561199755354374
KCTNinja,76561199231004537
zeo6,76561198055340381
rudiroo124,76561199461219474
romygodzilla,76561199182370085
dinodogdylan,76561199589007193
machine,76561199122450967
Gr0v3r,76561199122272137
WildBrando187,76561198833380406
glitterbeast.8,76561199830394014
Boyscout336,76561198038381977
E-100,76561199138585977
Burnout,76561198883702837
ShilaBlue,76561199176156528
Ya Ne Reptiloid,76561199289787128
ryanfromvisalia,76561198826117209
Nightmare train,76561199287081254
therealcashgrady,76561199680575262
ツDro4er⁠ツ,76561199691681196
mcsmith1016,76561199815430601
NOOB,76561199235699481
grandpa1,76561197970567346
anonymous97,76561199158925407
WWK,76561199063502166
Pietrov,76561199089610170
infernorapter3,76561199010682576
Pizza,76561199229025111
Barrett,76561199109220304
Alex_GG_:3,76561199120299064
Billy Butthole,76561199475455556
zeke,76561199066036638
aidanpugs,76561199812149540
noahthebuilder2,76561199507476441
brickrigs48,76561199198186224
time2go3,76561199438443548
McMann,76561199215846793
acguysport,76561199022348085
moosecok,76561199229651253
KandysPerkz,76561199639238562
Dexter Morgan,76561199082798846
brianrwolf,76561198280125558
camo13310,76561198027689565
Average_T-Rex,76561199176368865
🄺🅁🄸🄿,76561199083014576
takaumavae,76561198013520942
pickle man,76561198012104294
Solidbeefger,76561198344314828
godspeed413,76561198070222989
Julybug11,76561199166353588
Chuckle_head,76561199273784172
Bean Man,76561199205457211
joe.a.johns1234,76561199710141584
John Moses Browning,76561199012595986
Graywolf,76561199466570191
Beluga,76561199111316600
bmweeex5,76561199501546987
Titanic oel,76561199485437595
vlea1972,76561199790548383
Zach_King,76561199659962558
Pizzaman7612,76561199585759352
johhny cocks,76561199035411988
fordy,76561199055200941
Helldiver,76561197995853016
Teal,76561198152990057
K1kotan,76561199182399679
2Hotdog_Dude2,76561199213919331
Edadil | RTX6900,76561199592342588
snowyslim942,76561199644802044
Scu,76561199804683050
hvanmierlo,76561199229269428
ТОЛСТЫЙ ЧУБРИК,76561199481332124
Aleks_24_,76561199116939999
YOURMOM13,76561198951545787
simonbruins,76561199680259158
Unicom ⇆ Trade,76561199216280533
crazyyy.q,76561199249491423
NeillBen,76561198811042827
Peanutgaming,76561199084659936
Boevaya kapystka,76561199680710784
ГовновозPrime,76561199216139008
liam.limb0,76561199517154572
Александр,76561199625847180
bandit.gg,76561198417288601
sviridenkons,76561199837387338
Яйца в кляре,76561199587369250
Самурай52,76561199407066364
k.a.massey80,76561199829312586
федор,76561199051358053
martynaraszyk,76561198873115189
ПPoStoЧеL,76561199520855449
бобр в танке,76561199761479923
its_me_yourself,76561199052173842
nickvasvas,76561199729453560
rizhov111,76561199566780521
4 BUDKI = $$$,76561199600676036
Sphyro,76561198858096199
sbkv01,76561199146510339
Droidking870,76561199453416051
Cleam,76561199122458152
P.Zduk⁴²,76561199637730598
Свага на пределе,76561199335690503
Micro-Ninja,76561199386090192
STRemontator,76561198353024477
Scaper,76561199194135190
TheVietCongMan,76561199387005220
LordCesarLee31,76561199274243700
jlpasquale,76561199086894046
_Shomak_,76561199381522363
mkruschack,76561198048683323
isaac,76561199802391647
titino,76561199102261415
Doomman,76561199476653167
viklog228 ^. .^,76561199101070927
muhosransk,76561199352523126
Sweet pea,76561199560295046
Sibiryak,76561199773012352
phantommenace18,76561199640302068
MonStrousFerrari,76561199769509680
orange.nastroi,76561199584947562
Danzaifer,76561199063500734
mr.potato,76561199543570932
ArnieZilla,76561199201436999
jarhead516,76561197962074337
A random GG1,76561198428239061
Pud_Box,76561198882416134
phantom,76561199015032041
Theweatherguy_WX,76561199787887056
Design/Destroyer,76561198853355624
shayda543,76561199819811525
The_best44p,76561199172676212
tangomango34,76561199096314246
Forged Gentleman,76561199268257872
famtomsa,76561199542393101
Okawalk REAL,76561199269894049
Rooster,76561198831308467
Zeekemyster,76561199229034565
vita,76561199206548737
STEPAO,76561199049962003
duck2014,76561199770012494
lal,76561199821162640
ТОВАРИЩ ИЗ НКВД,76561198982011909
SKILL,76561199548807174
dai.k,76561199372989683
GODZSKYLINE,76561198838959341
MR_Flopa777,76561199613224569
Cisowianka,76561197962070278
chained,76561199521301053
stylmen31,76561199442645041
bogserega8,76561199783646110
mangoes_27,76561199667752475
Lesnik,76561198008682278
rileyblr,76561199164038478
MadMax250814,76561199094590036
dashnin,76561198157731956
Tank_1944,76561198146780796
dima9,76561199817357701
fortikus,76561199140983776
varszaq,76561198873194673
Подспайсом,76561199475754144
switchblade680,76561199055169818
Dragon (Rudy),76561199577960124
Alan_xd,76561199219248403
HardTarg3t,76561197970341830
Shide,76561198452448273
Phantulus,76561198140145992
DeliciousD,76561197993503784
grayman12714,76561199589219475
ЛЫСЫЙ ИЗ ГАРРИ,76561199051358053
Pan pieróg,76561197984930686
Bob of bob,76561199225636169
NCH,76561199121948772
MRsapppe,76561198833764298
RED_DRAGON,76561199688121659
42_Dymatel,76561199670432996
Tactical Bingus,76561198285887650
KOVALL,76561198075445008
theguyunderyourpillo,76561198829820651
soviet union,76561199229607281
EBLAN0s | Fronziw,76561198438937319
EBLAN0s | BEZZDARN0S,76561199258415302
mamastew1828,76561199625785330
Valeria!,76561199267110092
Icedtea66,76561199199699690
Derpixel,76561199816098105
саня,76561199729426988
the pike,76561199137742768
DisabledTurtle42,76561199815747310
MB,76561199811955796
neon,76561199531940329
grass,76561198969637972
Denis,76561199275652821
jamesmartinez0096,76561199840638084
Tarukashi,76561199066533775
Top9898,76561199538943289
TaughtSeeker478,76561199441758993
Trashcan Bob,76561197991865031
scottmartin5,76561199009662956
S\'mores,76561199133842849
Burger,76561199610949663
KidneyBean69,76561199191269290
N7-Lucas,76561198297297963
ironmatthewnoel,76561198972352014
Hydro,76561198869736312
Og water faucet dude,76561199505828123
SebsTrainTime Youtub,76561198812965511
blueradeon747,76561199822414631
Sir. Tonkumhat,76561199205034157
V1bez_ECHO,76561199173784166
Vlearn78,76561199634544621
Goober,76561199015436514
lisa8180,76561198955541881
Porto,76561198827980648
K.I.L.O,76561199465688250
турбоСосиска10про,76561199337655303
Антон Чигур,76561198796424067
L3thal_M3,76561199555700692
c.amaraljr09,76561199489013057
[INSERT GANG] FARF,76561198386045839
thundertank62,76561198878702309
djasomes123,76561199705205936
The Gunkster,76561198798974936
Underdog985,76561199236628214
SpineSanctuary,76561199121960655
крутой ScrappyCoCo,76561198002879398
KYLE RICHH,76561199812551432
ralphlewis774,76561198291777768
Waldo_67,76561199810406885
tldillon,76561199436293053
Mish,76561199092326067
acadams2011,76561199447614157
alex.zhukov.1024,76561199794878384
Boiboy23,76561199006175305
mega2280,76561198796242301
tutuloco,76561199096115731
JSFuller,76561198353285811
okbaseball94,76561199119521462
Gmoney,76561199123264073
quinnwes11,76561199738471969
wggl505,76561199540368484
g8gamer,76561199033639288
t_mason1,76561199829536896
smcri_2000,76561198182062465
its.Disantnik,76561199631837926
JustGrizz,76561199559505378
leonardthelion09,76561199786735294
Rook,76561199490091444
F14 TomCat,76561199121604713
Ski_Patches,76561198357177302
soha.escalera,76561199187423757
SPYX307,76561199389257412
drolerroller,76561198998159000
lhartz0023,76561199629299209
kokie_pony,76561199471775428
The Fortress Destroy,76561199161720909
LA MOTO ALPINA DERRA,76561199198867701
Satsumr,76561198354558119
Ajj,76561199590686874
FeedTheSnail,76561199122135875
Overlord!,76561198077347148
will.lesarge,76561199822594415
chongchungwei0268,76561199821496064
Toast,76561199787969569
futa_bum69,76561199797983910
Cav.,76561199540899140
sansfan09,76561199641526366
Not Sure,76561198125983928
jawman456,76561199117128164
~Bleeding~Tides~,76561198235705164
booooogie,76561199470358850
BOBER,76561199178189471
steve.angelique,76561198998267769
Tmartn2,76561199329629158
OtterFluffDestroyer,76561199110715370
TheCoreDeveloper,76561199684731701
Trevor scott,76561199072663758
strelock3241,76561199543196878
kpv200508,76561199043721847
Sigma,76561199266741341
plømywømmie,76561199083675587
Turkuć Podjadek,76561199330939476
aleksandrgomenok,76561199485923261
Harry_Potter_Nerd,76561199268916487
Napoleon,76561199015305369
felixkeksh,76561198940305386
Diablo danger legend,76561199229300682
𝖘 𝖆 𝖙 𝖆 𝖓 𝖆,76561199523798967
Danil_TIHIY,76561199532804201
rexnick,76561199277282519
QRT_pelimeni,76561199195286594
Conn1te,76561198974078040
Marketoz,76561199540296726
_F R O S T Y_,76561199488655344
Philipp,76561199836073477
dance,76561199004812575
shmelj,76561198939773257
_Spider_,76561199388316139
Confused Whelen Vort,76561198867377888
65702412,76561199486199471
cornholio,76561197991840751
T_Rex23,76561198237303982
bailej5,76561199522030413
glenn.mcdonald,76561199521958682
yoyomo1000,76561199204778552
mika,76561198448269708
easonkng,76561199829052154
DOUGH BEAR,76561199125627422
InkKuri0q,76561199203217848
kot910,76561198968435498
Brian moser,76561199469977905
olen6ka0905.2,76561199564332968
Laynich,76561199015315327
leonugget45,76561199829724697
JohnnyC,76561198349561570
optimus prime,76561199108088516
Be back by 10,76561198026591148
kingcobra,76561199801423307
ByaLaPrincesa,76561199654299945
javier214c,76561199471318609
grzesiekh800,76561199669812732
brotbroetchen,76561198876035470
xazidyl,76561198027084391
beforewefall6,76561198038993891
Kazah,76561199211591565
Clover,76561199552203443
M16,76561199813010912
precious.jennings,76561199819327172
cupler2,76561199476408586
Mr.Man,76561199012980076
Wwen,76561197969633053
Chamkin,76561199560092393
ConveyedSloth83,76561199755274377
cottrellzeke,76561199244973870
dzz26,76561199267245033
Idontknowwhattoputhe,76561199230390979
SirTommyLFC,76561198346249672
ethan,76561199293590026
小可,76561199685883604
Elevator Operator,76561199075298796
tvgod200,76561199192544132
Sifipoly,76561199239259289
willdabestone,76561199711340906
Barogoblin,76561199063871925
11111,76561199453537222
natedecker524,76561199800751511
HAHA FOUND YA LENNY,76561199371898542
SGCS,76561199767155339
Wagey,76561199467271388
SirSteveblockIII,76561199811445267
Computer 1,76561199235501101
K4s,76561199075481385
mmforge,76561199652932595
coast,76561199278263545
Desizor,76561199240660256
waffleking22,76561199238034107
heavy_mitts,76561199395771806
GREATWHITESHARK,76561199339953826
< blank >,76561199033821194
Kookie,76561199226762209
Twedleex,76561199637961705
LawnMower2619,76561199285813195
Ozolith,76561198310254345
GamerFire,76561199809220119
Kitsune,76561199250924417
skittles4everrr,76561199601483589
Generic Goose,76561198956710223
Get_Better_Kid,76561198088530183
xAres_Gbradx,76561199147785500
ShyGuySpy,76561198959851835
bolloxim,76561197970563179
sbung,76561198986049548
s.davyd.a.1,76561199681211603
zorwen1,76561199082844754
T3RMINATOR,76561198970738130
No_One_know,76561199479384907
PinksGoneCrazy,76561198271938646
jamesschneider0709,76561199213239191
WildBen_8,76561199599750665
TrainMann,76561198991016207
karlurbanek,76561198892908917
Guwop,76561198106158426
malder03bur,76561198178099306
lolk4k,76561199653968621
Nosok_Sosok,76561199693455238
миша,76561199563498425
R€t4rd,76561199666002348
MichalXlord,76561199259359027
VIPER,76561198831316455
calvgk,76561199655278023
jaxfoglesong2011,76561199812008799
El_K1wi,76561199104489521
2833748423,76561199215234289
Virtualpixel,76561199693583033
PolishMagic,76561198069386683
Bacon Dino,76561199229255493
lfreddek,76561198071749607
rtrtrtrtrtrtrtrtrtrt,76561198929634642
Sheeba,76561199306256326
Patrick Bateman,76561197980763874
tom.crawford17,76561199133423594
Mr_Daniel,76561199562885906
RedstoneJoe,76561199128231229
manas,76561198986769185
MAD_PLAY3R,76561199106177097
geneanesmith82,76561199020264063
JFMGames,76561199023535995
robby107065,76561199588657775
==Lucanmoonshadow==,76561198185948287
SolidBarnes,76561198306308486
ethermeister76,76561198048873175
XXX,76561198895283787
ashleyb082289,76561199562739542
vasilii.kostylev,76561199401136096
Man Walk,76561199173544916
zkj6024,76561199505338935
nikreations,76561198344040625
xeno,76561197971082996
Rubidium_1,76561198977471958
asud74,76561199546946675
Slasher69,76561198027679752
grace.dekker,76561199232638356
RevitXmanJr,76561199073239800
✨~ Moon! ~✨,76561198964161424
lastrebel2004,76561199569957853
hugofalco08,76561198057867829
nateocw,76561197972752187
MorriStock YT,76561199185863999
USS Sims,76561198964203615
mauredpanzermaus,76561199588774254
GlizzyGobbler,76561199757921312
Cyclonison,76561199250595369
larrytroyer27,76561199481963525
the_amazing_nickle,76561199591596671
他妈的你基佬,76561199574416838
( ͡° ͜ʖ ͡°),76561199183543398
Aishah Sofey,76561198416326479
EpicGamer420,76561199189448227
hans_thelastgerman,76561198107684736
Sovietcomrad,76561198810122622
phatphree,76561198018514011
Desmodaddie,76561199211932974
creekhunter2621,76561199224642221
maddox.albright,76561199247721014
codyrichardalbright,76561199130765871
music.man13,76561199229842953
That0nePl@yer12,76561199812416938
J1lbet,76561199562562215
FastTurtle69,76561198377507710
ianwildin896,76561199384159706
gortizstuff,76561199255398009
kim jong un,76561199069452096
jwoessner1979,76561199807352946
meowscals,76561199811942946
Matro^2o6,76561197964806833
Mr_Bumpkin_pie,76561199160675071
tornadochasingsiege,76561199065174905
gmodsquad7,76561198403910815
Warboss_nick,76561198014155461
Playgold,76561198109643231
Tater_Tot_Tyrant,76561199390640929
MrPotato,76561199132700238
anxiety,76561199018717247
caseygrossert,76561199640423533
timaevctigneev,76561199784085550
Emmi<3,76561199841553189
FRIGADEL,76561199516992359
Mr. Bin,76561199013316380
Scout,76561199016258373
deadinside,76561199134164467
TheMisha,76561199240275794
Chocoladio,76561199040033963
RitZiar,76561199149799620
iforgor,76561199225167361
6800032,76561199666587612
[BEER4]PureEvil,76561198011913194
suvi.dani,76561198044020159
Synapse,76561199466923985
ODEALO,76561199511690067
jamespbryer,76561199687395704
Доктор Ливси,76561199494940873
Cez-42,76561199074200887
Weest,76561199642109256
lewiscaalgamer,76561199793582531
OSqwer,76561198979844812
ZXC ТУМБОЧКА,76561198311585336
Advine,76561199192556648
I_SuperNova_I,76561199283999560
ThatTrainGuy,76561199603381472
киборк77,76561199773952322
Van4ousik,76561199195098218
BumBum,76561197986603783
P.Diddy.Official,76561199470634616
Salutefruit,76561199000624495
AKSLOTL,76561199580087071
Aky,76561199220831417
matrixdreams123,76561199249015127
Павел Воля,76561199403154277
T.4,76561198428981028
decao,76561198050910098
saliva,76561199593471153
big_jj,76561199363401434
Shade,76561199654375408
盗号王朱文涛,76561199657640073
[MD] Alberto,76561198977121628
KOSTALOM,76561198397139131
Mizer 228,76561199571987673
stehas,76561198005683960
3AKISb AIIIOTA,76561198132964999
The M.C.,76561199626210807
Tonin,76561199107729135
Чика,76561199684576610
quietcomet,76561199737894454
Tomoko,76561199202111357
Vankus,76561199233803742
Arima,76561198274359207
morganicpork,76561199559473663
Psychopath,76561198904056819
[PanzerOffizier]Jeff,76561199178871980
"нет, иди",76561199058693921
[BCAF] nicenicenice,76561199220191380
Chezburger2,76561199103929299
JacKaL,76561199129451777
Yomama76,76561198202625423
OBRO,76561199012531262
skylerblue1019,76561199453478701
играю с шишками,76561199752797166
Soviet581,76561199082240521
Sr.Pollo,76561199068870529
Silly Goober,76561199137163948
Boerue,76561198294793780
Абоба228,76561199128799779
The Holy Hotdog,76561198817279489
GunSlingingWarHero,76561199051801469
xnaxpromontoya,76561199711891784
tupoydibiloooyd,76561199117233142
ogurec,76561199763304248
Quackers123abc,76561198321963212
shaggyjack,76561199061482993
IGotBrainDamage,76561199505772813
Fekalis,76561199200469033
Microsoft Word,76561199030880032
dpobiruhin,76561198942058114
Apuiez,76561199126202437
jensenca64,76561198031565040
Jack,76561198397236553
Brayden,76561198453834269
chickenanator,76561199286966811
K-los,76561198324126268
Video_Game_Enjoyer,76561198884412043
EGG,76561198452618631
SimplyDallas,76561199066696234
gruiscool,76561199804480511
ahredstealth,76561199620264845
Naxxywaxxy,76561197993950915
gehrigmbeer4,76561199813216258
Ion,76561199217437425
GleefulWinner,76561199229155629
Bandit,76561198871094027
MR dark cloud,76561198983000403
r0ek1,76561199401385187
gamercru8,76561199160198046
Mando,76561198988451544
ultragamer123,76561199444128436
sam_site,76561199023406226
buger,76561199642849670
kob,76561199823066685
dogsarecool2202,76561199226670333
tacotruck6754,76561199811295020
tim,76561199822186697
Ccon28,76561197982731167
Avast Coronavirus,76561198179652066
COSMICWZ,76561198000526969
ZERO,76561198142587759
jspicola,76561199402075848
bondo_bey,76561199208013523
nicoanand46,76561199653658853
OneAngel,76561199091279865
BoDuke,76561199668081156
law_the_beast,76561199799089799
Jason0074,76561199217707623
UndeadAfro,76561199097070010
isaackerze,76561199673270048
Moonlight,76561199071720277
Graywing,76561198311425057
KrazyEights,76561198192937563
skully,76561198379298030
CT12,76561199186387599
banana8899,76561199558679687
Noah,76561199779102057
doogalbeez,76561198125058069
Дёмушка,76561198805132886
Dima,76561199214941741
Kim,76561198154583670
СЫН_ДАТО,76561199744156262
nicole78ca,76561199589039878
Muzikdoc2,76561199434917785
realSdawg,76561198389398793
scarce-dragon,76561198041958028
rickster1273,76561199160334268
pattawinkhonharn,76561199387677682
alex,76561198930623674
mickharp00,76561198102344391
TIFON,76561198053366780
EnabledTony,76561198145861777
БаБкА_в_ТаПкЕ,76561198059037520
lizergine,76561199137485480
Mrhopps42,76561199733014944
Juliya,76561199445855956
torosar,76561198976147482
donbass hero,76561199485848269
Phankazom,76561199179819686
Richard Ronald Morti,76561197996736584
Imposter2324,76561199474372927
steve,76561198315399506
SirNoah6,76561198886791796
iecblocker211 (moose,76561199275191532
小R,76561198435498955
Gaalean,76561199235596251
Man.,76561198852279838
zaza baby,76561199592351621
megatonks,76561199099552271
speedyone361,76561199235479536
Skidaddle Skidoodle,76561198204407412
UDontKnowMeGuy,76561199276039028
Cashable_Corn,76561199235143658
Gambit_Gambit02,76561199597208364
188506460Zn,76561198436828531
Space Seal,76561199073480533
SherryOgea,76561198956760551
mattew_d,76561199811795685
rijykynimupu,76561199467591901
Марковка,76561198017807736
artbart078,76561199843029123
sy-kosys,76561199554575325
Dr_Gordon_D_Freeman_,76561199021589071
welllon,76561198294408559
crittle,76561199244809647
Bobr,76561199511048357
MICROWAVE!11!!!1,76561199081371319
ilyamnj_369,76561199277890901
Малой,76561199208151624
VerseKids3,76561198422461051
bpannekoek,76561198040658021
saswe,76561199376954031
giantwan,76561198298702929
денчик дерден,76561199490548882
angelosucksatlife,76561199238275826
BOT Zero,76561198342677887
benfieldthomas2,76561199508736770
A new shitty Viking,76561199021848588
christybell,76561199552523061
Bajo jajo,76561199408791240
Krutoi_chel,76561199547711958
LENЬ,76561198962718247
zae4,76561198028208930
ionlysmokewhenidrink,76561198227726532
Bener109,76561199844961795
nuclear reactor,76561198879894703
JohnBrickDaGreg,76561198993041956
robloxboss20108,76561199124185141
delucarj41,76561199231255209
Comedic Insanity,76561199159214562
skelopro17.fort3,76561199494750605
yeetyeetyeetyeetyeet,76561199062251274
Ford E Series,76561199810464850
jherpers3,76561199588449358
david_white,76561199395394289
cwoodsnrg,76561199844928095
TheBigMonkey,76561199552503065
cheesymcgee,76561199388502269
OutrageousPlayer,76561199639598127
arucker9 (Math),76561199734279271
FFMillerJr,76561198381879564
Z3R0,76561198996928913
charineblakes,76561199147323802
kacastellano21,76561199594113754
Leokuba1216,76561199180761197
THE IRS (PAY YOUR TA,76561199445765098
Sharkycris,76561199183352234
osamabinladenBanditc,76561199570854186
DIESEL ENGINE,76561199567552008
Iustis,76561199232575204
mathiasmartinroberts,76561199813098128
mrm33seeks,76561197963091374
Intel_i7,76561199516034916
DAFT-DUDE,76561199006732573
zack954,76561198039355422
AirborneCavalry,76561199764010292
Jackaboy,76561198844959365
ZEN,76561198288331931
GooseGuy,76561199435687973
theliaw,76561199653195118
Demolition,76561199820899007
migxel chala-2,76561198418828984
hollinshaw,76561199121439583
alex.fgm07,76561198817726286
canffroom,76561199566020113
chrissii33917,76561198122512681
Federal_Bacon_,76561199215321802
BroDog,76561199160998479
jafrobie,76561199524894357
berryhillclb,76561199520490561
GDogGamin,76561199124640916
ChungusAmongus,76561199227837287
goldbarking,76561199823692534
ROBOT 1,76561199523304890
givan1778,76561199446774460
noahlink714,76561199178814902
Crazycarlll,76561199401300874
Muslim Shady,76561199009494844
1927 Wills Sainte cl,76561198357474445
flboy025,76561199716948425
...,76561199500856452
danielsiren1234,76561199616109129
LoLo_0210_,76561199500981003
BasketFireBall,76561199794628317
Chaser,76561199383932875
blueneckgangster,76561199817324141
Compound,76561199106284909
Franklin_811,76561199141837491
Average,76561199176693862
Griffin Gaming,76561198346888493
✈Aviation✈Boy✈,76561199162277360
jboogiew13,76561199642045682
Mightymax741,76561199261216993
McDoinkle,76561199471242612
gilbert,76561199454452231
Fancy,76561198360127595
Farter88,76561199472725376
j2677mb,76561199591160568
budda250,76561199274683826
кокер zxc отчимec,76561199168630408
SueLiz19,76561198877956957
talexander0920,76561199231130968
usaf_51,76561199006328273
melon,76561199168413038
COPIUM,76561199467382435
Mitchy,76561198799167469
Mob.,76561199186136422
AntonStavok,76561198090857769
Khan,76561199554769462
SoulFire,76561198030841839
kirazarene,76561199151835704
giferdemon,76561199321244483
mis1,76561199116736881
PickledOri,76561199136382753
Twix,76561199263750591
koen.mittenaere,76561198112420652
Mouton,76561198993414143
asandosi14,76561199588329687
2am_Voltzx,76561199568411698
Ximorf,76561198338829781
proxy,76561198320074706
jonaldmcd30,76561198308279853
СЫН КОСМОДРОМА,76561198073991514
Plochek,76561198837143757
Dr_Hans,76561198171625205
garymocock69,76561198066671470
xx_Weihnachtmann_ x,76561199563097572
UnbrokenRichard,76561199182163080
11132132314boston,76561199092967097
Snakeboy,76561198409845525
kamień,76561199508098479
preetshahi95,76561199496323838
fzaal25573,76561198033402580
remuru,76561198984294911
ETUWS,76561199654341089
Ешкере,76561199405350730
Shiloh Angel,76561199257349883
Shio_Mya,76561199223955624
pclaugher,76561198163118290
Dark Bucket,76561199448215675
Dolka_Apelsina,76561199824738400
GarfieldTheFatCat,76561199387717090
GrandJ,76561199733721237
Старый БОГ,76561199092568470
supertechxter,76561199030147227
Gerson_Mandela,76561198830002817
L0RD_SW1TCH,76561199166840569
hamish.murray.1611,76561199060887685
John Poteto,76561199763294789
fish gaming,76561199379635930
Luna,76561199122485277
GoldMiner9878,76561199235420201
The guy who fell,76561199454022237
tyberius,76561199030531619
prkligel,76561199062026741
sethmosebey,76561198809748853
Kittplex,76561199454506878
"да я пидорас, а чт",76561199041368921
{ Pilot } Uncle Dick,76561199174628412
BraidenG07,76561198936756658
tbhh.4ng3l,76561199239204516
BBQ_Bobs,76561197970772972
sunny76,76561198865272959
Ojref,76561198020403368
kirb,76561198280132861
tomjamesonwest,76561199557140247
JoeDuck,76561199207372089
Tomislav,76561198961144600
Neptuneia,76561198166811577
Mr. T,76561198182561245
diegonz0909,76561199056252130
ShockethTheStorm,76561199033361450
伊万*瓦西里耶维奇,76561199497650899
LikeAJames,76561199166410670
grayson.keglovits.19,76561199592531837
Fritz,76561199375397074
edyprzlpz,76561199466663981
mtighe9,76561199557038310
EagleEyeTank,76561199587785633
GooeyLuiGaming,76561199473790201
badboy4life7go11,76561199748354203
alris,76561198381080722
P_Real,76561199493513640
constantin6667daysto,76561199621540830
DNA_Frameshift,76561197994268230
stibbel,76561199800917125
Delv,76561198287334906
CJ,76561199486850192
Yobulator,76561197977173480
boom40mm,76561199589202157
mcolpitts,76561199087264971
Woman with crop top,76561199837988395
shawncorradovr6,76561198166742922
umrage,76561199124986603
michellestimpson5,76561199504825145
da_brofessional,76561199146360754
rus-ni.peace-da.,76561198927604517
D5FABM,76561199498082469
jamesdaniels14,76561199776892917
☣︎Токсичный☣,76561199003944449
fromicsksanders,76561199811472223
jamievivence,76561199516181392
Shrakes,76561199781342673
newell.2,76561198168278981
Иллка 42 БРАТУХА,76561199393891166
Roger,76561199684255918
topper,76561199089799382
SlaughterHouse13,76561197976694934
Qw3rTy_sk1ppEr,76561199223535441
КняZz,76561199566855160
☆Кляйсбор☆,76561199210409657
TYROS,76561198982329720
gublerroger,76561199624948783
remic2018,76561199826690701
andrea.drenzek,76561199343593600
CookieLookie,76561199533353496
Coffee,76561199089698217
0_PJ_0,76561198160704104
Saberr,76561199427133596
Lethal,76561198024708242
sastokes327,76561199804993212
John Marston,76561199071429732
I@mR3D,76561198877917345
hotdog,76561198859244577
emanuel-opti,76561198979990009
Outlaw_Bravo32,76561199838783199
kim,76561199577201653
AnonCuh,76561199697257193
bob the blob,76561199482567020
DMWJ,76561198986652134
GrouchMan,76561198293543631
nury,76561199467444222
sharks are cool 2008,76561199159185193
Troy A. Mcgill,76561199063107988
Austin,76561199077085567
Cave Johnson,76561199011866627
Mia-Lize,76561198967814165
Gilll,76561199345843359
Silly Boykisser!,76561199178146587
binger,76561198241974180
stevuta309,76561199264518125
FLOYD LAWTON DEADSHO,76561198276265124
ED231,76561198802659369
fest_809,76561199697261386
SusWeasle,76561199783137138
CherryColaMan,76561199812041213
spaceapple1219,76561199041465088
cwzx6,76561198271480579
flyflyflyababa,76561199557253288
Buzzy Jr,76561199513033415
pcrparmenter,76561199383415303
GeneralWilbur,76561199044730375
xxmerzxx,76561197972012589
Orvinger,76561199141820982
Hero X (Хиро),76561199397703302
Brandocar4,76561199056150850
V1,76561199544995999
analdestroyer228,76561199829332127
tomasznowak51,76561198392408610
🥀,76561199174963097
ItzMarvin_96,76561199684856962
Ikuk,76561198219428559
купите_роутер_пж,76561199230288402
Goose,76561199211609237
arthurecharlton,76561199754394744
BennyLGM2,76561199106462001
PalidenFrogy,76561199778225315
toadhunter,76561197996487839
76561199784022643,76561199784022643
TheProEnderman,76561199653747492
Dmunky1,76561199645698946
itznahaboo,76561198333080059
cashgamble40,76561199816395190
STONERN712,76561198391745434
CoolMathGames_enjoye,76561198411198310
Gamin2.00,76561199799489724
yippie,76561198289386605
LTop,76561199693100969
CaptainTorgaddon,76561199451056726
Eye of Cthulhu,76561198872794465
WINKLER,76561199785487446
Eosusky,76561198305341028
leohubkabob,76561199814091701
nebbureau,76561198032181006
Nebfett,76561198206788379
DGwest,76561199672806993
Jeff,76561198155507229
Cobalt,76561198965073489
Sergeant_Sau,76561199492667053
Brzoziak304,76561198119439665
VoidVexy,76561198063329166
cKoshka,76561198018737051
Luke315315,76561198993670572
c0fused_7L4,76561198874507806
Tauras,76561199286283088
Byzantine,76561198187562958
christianpruden2009,76561198940678704
Blackysgamer,76561199086108542
Dollism,76561198049041312
Artman,76561198170398975
shuver_200,76561199244667311
FlyBoy,76561197965713192
yeozhezhang,76561199655058147
Быков,76561199441720968
BOND JAMES BOND,76561198071632194
Tushkan4ik,76561198070811529
Cstrug14.88,76561199800766521
AviationPro28,76561199700243136
kwojciech944,76561199249722888
tankman3542,76561198375678343
Bob1814,76561199812411106
CheeseGod69,76561198927989099
Only,76561199626228830
^1 T. Nicholas,76561199096897410
dklang,76561199231426656
STR8_SLUMPED713,76561199086593588
Pat,76561199590903426
unterdev,76561199155493788
amateur level of zul,76561198826932127
кью,76561199664169773
Mr Z,76561199522856916
Ghost,76561198059436448
CyberChapka,76561199545863633
jasiu20128,76561199042504970
lalalalala la,76561199095507357
Pushup King,76561198960752490
Susenka,76561198805489037
Johnny Bigoni,76561198387249443
Lighto_7,76561199090313871
bigfoot987t ,76561199367557252
dames,76561198318545267
russell.jackskelling,76561198107276899
bObjimington,76561199445899305
Chase2015x,76561199635880566
demonicsword,76561197961727329
scalder713,76561199735421376
Djfoxlink.dev,76561199137722775
cjwc1017,76561199807254169
Toxic_ChEbES,76561199589004920
o.jewell000,76561199587183744
julia.k.hutt,76561199084622653
cap,76561199246784255
The_Phone_Trooper,76561199246302743
OnlyFansAlvy,76561199013424125
darknight,76561199590619168
Brickdowngamer,76561199847692171
Viggo09,76561199221927827
Janne Ahonen,76561198374401826
McChase21,76561199122513847
CatMint,76561198250142228
жірній удільщік,76561199177915034
!Deividas!,76561199542210799
education,76561197979058959
smedleyme,76561199808299045
The Crooked,76561199564797769
Zyablik,76561198416720459
śliski_arab.3311,76561199065745414
Splixsy,76561199506983617
Pro_StormChaser,76561199681952036
Magnus,76561199068179620
GreenlandBoll,76561199088452902
huckleberry,76561199523283112
lilmak2010,76561199185697828
True_Hero35,76561199121772077
nerf fortnite smg ze,76561199407740607
L8parker,76561199588350803
DragonThief01a,76561199020063593
Mr Cheerio,76561198384873003
penn632001,76561199193121138
jpmckellar33,76561199187712528
questingzpro,76561199815216213
Ply,76561199323452521
Shiba,76561199224837917
datfighter52,76561198329235400
sprint games,76561199454306822
Nathan,76561197979793558
oB,76561199121971376
cmfauche,76561197989612152
planetryan,76561199185161709
gigabyte,76561199641088913
buddy.smith.745,76561199813630106
joesphpisciotta,76561199535632935
jhon halfsword,76561198068446937
Pat-rick,76561199810573834
cinderfox,76561199087391385
jennifersnow333,76561199063847214
doc hutson,76561199466379190
Wyatt_the_plane_cras,76561199064915275
NISSANGTR4,76561199497815057
captainpringles56,76561199648686361
drew.george005,76561199811676887
qonk,76561199332739026
cruxisgm,76561198349777907
John,76561199162354148
sashakv44,76561199850299537
HITMAN,76561199402708558
josefchavez077,76561199175222280
mkrodc,76561199803780943
IamSlow,76561199012335907
1law2,76561199480707680
redbullracer,76561198029418758
shipnik604,76561199844837070
Danish_Unit,76561199101281255
elena.mimiko,76561199497277054
Avito,76561199539547601
dimarvito2,76561199241599996
Relination,76561199237117057
Gravestone,76561198443666621
Jahmerican_ball,76561199583973241
icp_ghosty_vr96,76561199845167299
bummbojoe,76561199446997706
ZOVnema,76561199527583056
Cevin2307,76561198979101238
Korporates,76561198088928446
Pikachu (from getto),76561199355492881
Xantress peek,76561199812915941
MysteriLKV,76561199566890858
Иван Гоголев,76561199436633602
harss1t,76561199803730625
Corgi,76561198867478860
Гойдазвон,76561199589437032
sterie.andrei22,76561199559425734
ndoula017,76561199578993759
chezziep,76561199819300954
Roneo,76561199024742400
🦆DUCKMAN🦆,76561199842180088
Val\'by,76561198364137765
MasterRoyale,76561199557216501
n.d.armstrong,76561199563014839
ahkiet2003,76561198007858840
Povidlo,76561199102571875
Xivora,76561199126367243
annikaengman,76561199224261995
crazyfriend,76561198031411761
phantom,76561199587769400
penguinlord8001,76561199811913463
jimpukka12,76561199011946761
peplo456,76561199469665996
ggt94412,76561199199002912
Hank J Wimbleton,76561199708779409
Christopher,76561198337102171
The fent enjoyer,76561198819068279
goproductiones,76561199529090997
MONOLIT,76561199631886783
A$APurpp,76561199386577534
jaydenrobberts2017,76561199537375453
Gabriel_Clerigo14,76561199232306437
vv-www,76561199176147601
Emerald,76561199784402380
Ifrit,76561199393928297
STRET4IK X EBLAN,76561199005734896
hjustice506,76561199813812055
Zombiedefender,76561198931945256
KBSA,76561198954406384
261,76561199456259074
elaineturnipseed18,76561198216200419
Oscariscute,76561198806269164
oofinhater,76561198880560802
reneedick79,76561199039247805
woetotheknow,76561199804778394
ace_palmee589,76561198993020620
justafo,76561199043511000
ZAPtron,76561199218568021
serdukov_aa,76561198018425915
V-22,76561199262517696
itsadummy,76561198310089166
mcbrideroryd,76561199178054904
K.Men,76561199486923171
lachiegavin17,76561199624317645
Papa cosmica,76561198832639202
TheTime,76561198025171010
МЧСник Prime,76561199763977395
Loose_Goose,76561198429833428
shift_2_future,76561198019254681
уролог,76561199507773300
masontherocket,76561199362843392
bellofigo69,76561199496655916
Pivo,76561199589546581
крутая лягушка,76561199222877838
jayoma,76561199220636155
Littlewolf2011,76561199378420706
Cr@sh29,76561198362199859
Stalin,76561199030273199
banana doge12346,76561198976619393
poopy62,76561199141255529
talbotcgt,76561198930760747
That Enigmatic-Lobo9,76561199497967134
bob,76561199236868809
ShallowBike75,76561199481721420
Le Bobas,76561198872374994
mozilla cheese,76561198878148500
Hendo,76561198047320932
b.chana,76561198985222540
Shade~!,76561199058282673
A278F General \'\'Ghos,76561198977522678
SaTiS.F,76561198867968449
Krinjewald,76561199005675418
последне_,76561199477488946
peramenya kiktem,76561199282013802
PROF,76561198424448186
Cashew,76561199494294321
gamingdude3213,76561199680604520
Deniz_Aladag,76561199161880470
pockemon,76561198958387203
*,76561199056564006
mirjam.steinwender,76561199385100772
Arko,76561198067318955
ЯИЦО,76561199141480358
dima.slodatov.2014,76561199798120011
agudsss,76561199751078294
ход дог,76561199801096401
alil5150,76561198030860489
stiglee58,76561199723899956
[-WAR-] Sonic,76561199426370903
hbolegend15,76561199851010281
lucent,76561197996334213
DrkGrl,76561198008609806
Flash75,76561199188906113
aiden.jacovidis,76561199486577585
AlexBurg,76561198871291110
Botblaster,76561199083366697
Mr. Nipple Pincher,76561198296262053
sanguhito de miga,76561198005879945
neiron31,76561199231368177
magverick,76561199812053433
csgman,76561199011803828
Valencia,76561199699195360
Filosov,76561199227874426
Angsty PBS Kids Dash,76561199785146351
colinmatt21,76561199169003125
Magicat,76561198941383593
MiniCaead,76561198796751710
Doc gangster,76561199215222352
Dark toxic1940,76561199802454111
1bdulla,76561199386304739
(𝕯𝕻) NITRO,76561199730567735
utkuerbilek068,76561199846330433
SIDEMIE,76561198453112271
Flatma4t,76561199247709562
katrin_giesen,76561199124392326
Татарин,76561198231427840
Rainmerge,76561199649959359
algis.sa,76561198950806011
PawteTT,76561199589965093
lukaszchodor.pl,76561199220677259
lighthomy,76561199210332578
HellDiverHarry,76561199465682466
Tacodirtshield,76561198202231012
diamond,76561199122195703
berkerbozkurt71,76561199763364460
Mono,76561199677002710
ГЛУХАРЬ,76561198991617935
Northcool,76561199183998209
M1K3YZZ_,76561198204408796
maty268564,76561199103030076
Canfredo2,76561198389444032
waffle,76561199538902485
wesleebeard11,76561199489355082
yolapham,76561199676692543
Chayseroni,76561199309421899
LourdFox,76561199446067849
drp3pp3r,76561199811646952
Jomshua,76561198159063625
jlnburn,76561198853994927
Malik,76561198847889146
jordan,76561199188092422
John Ford,76561198356315053
ReidxAkazii,76561199436330200
Tankboi,76561199075249136
ids-87,76561199225442647
Hattoki,76561198983241472
BigLBozo,76561199708675500
jddudeman,76561197964301014
Coco,76561198873687517
K1NG,76561199097822808
The Pale Menace,76561198364066141
MIXA,76561199001791230
ZionGamePlays,76561199426231584
cheese,76561199211798762
CyberArchitect_cツ,76561198860041641
Donbass 2012,76561199182523813
UNFORTUNATELY,76561199465449803
Priest,76561198999250557
The Wanderer,76561199587946467
.FAQ | Тумба юмба,76561199072444164
weswu301,76561199487180180
Tob Didelis Stačias,76561199428267527
5l2,76561199213294338
TATORU,76561199599820492
Sunder,76561199517717095
LLUFF,76561199563779254
miniraiper,76561199814018133
BlueSwatsss,76561199224930455
W_W,76561199730820232
Plsolidliger,76561199078696076
Dumbah,76561199635264991
егорка шипокляк,76561198068987116
VladoSIk,76561199590338071
Oblard,76561198396279003
Yellow,76561199179715890
Jankosmyk,76561199482024096
Altair6104,76561199096152045
$WiLkA$,76561199830048148
Mr. Honkinton,76561199011281187
saulHG619,76561199204025309
Baklan |Dead_inside,76561199660846121
Halftooth,76561198090604990
D0CT0EVSKY,76561199797060274
lukeadderley7,76561198962611639
gripy,76561199294884288
rvt.171218,76561199577853687
EPICDROP.one.txcogsi,76561199557853000
Sol,76561198872261935
♡𝒦𝒶𝓈𝒶𝓇𝒾ღ,76561198870247598
zalypka,76561199468496032
ballsack inspector,76561199684302279
denmol556,76561199643916408
Danielle,76561199487193036
thebestdud123,76561199469314087
ViktorCraft451,76561198985361268
VLEN77,76561199236770624
t.brandow1982,76561199812947818
joshalto,76561198110834738
knomes,76561199161941016
balbes,76561199566704759
Janek,76561198885119168
Бухенвальдюшка,76561199161241865
CastingCouch,76561198040647015
R2R5,76561199152232178
ПРИВЕТ,76561199635174064
rafalskicnc,76561199680696798
Supremo,76561198887467487
frapola,76561198063321492
jnalives,76561199848309611
Remik,76561198837305457
DNDROX,76561199642888470
michcio286,76561198186782721
kade the Aussie rail,76561199106896910
Yasno,76561198989919981
Manormaker,76561198110124848
NutellaNBread,76561199409219195
DSKYZZ,76561199465176449
cbt enjoyer,76561199011184946
ЗлАя ПеЧеНьКа,76561198416045946
badscc8,76561199089320060
hmmmmm the breadstic,76561198949855930
straszk123,76561199069986141
evgenii.dmitriev.86,76561198195911630
WafflesPlay,76561198994931773
Akio,76561199234630863
js-steam,76561199625074775
FlamingZoom,76561199096970884
chuckvannice,76561199270149191
Sosiska,76561199043368111
Игорь Дырявый,76561199205743294
КириллПерфоратор,76561199092049657
C.R,76561199073354122
киткат2,76561199521721877
RiceWrap,76561198126251128
malov2000,76561199212547568
TNO Lobotomy,76561199015509427
sandsearthworx,76561199811217054
Drew,76561197970588638
AREX,76561199153024437
big_pensil,76561199775656038
Zahur,76561198879466129
Miшa2019bandit.gg,76561199246312074
jacoblawing82,76561199698440125
RTJ_BlockbusterNight,76561199588259632
inblair.09,76561199811816257
ABUMUTAIR,76561199521762538
vlad dotka,76561199113512969
HL I SGIGAT EBPEEB,76561199564918470
irtovandrej,76561199810276648
ElectroBot,76561198001425172
MAJORKA,76561199566834410
Gooseisbike,76561199779153023
Doggogaming12345 :3,76561199505522606
ILoveMyPookieBear,76561198242937526
gtardito,76561199705521930
shadowcreater,76561199811268942
jd.gregory,76561199192353534
JACKO,76561199480156809
littlemnk,76561199059086730
PanzerSamurai,76561199187761063
генка,76561199728126952
PhantomRage,76561199510982685
mariofan,76561199528714349
valenciaelcrac,76561198959878456
gnog,76561199100704786
𝐏3𝐫𝐟3𝐜𝐭,76561199557085660
airplane580,76561199065336459
eugeny.zhuzhnev,76561198023096993
Romula,76561199210766374
oblivion guard,76561199586105624
Don Vito,76561198127680472
Lucky,76561199654255820
DIMOKRAT,76561199835916204
kiop34562,76561199296792891
МИКОЛА,76561199438725158
Crispy,76561198819562505
𝐹𝑜𝓃𝓉𝑜𝓇𝑔𝓎,76561199176923102
MENTOS64,76561199774216901
maxingo696,76561199797243073
Pebbler,76561199114066080
troxx_24,76561198453278250
хранитель семени,76561199171255291
Master lomaster,76561199565660391
giant Bepis,76561199438136621
PauluxasLTU,76561198873120329
danya.pavlik228,76561199228680242
.更 小夜.,76561199107673609
Đ￡Ɗ0k,76561198844049150
VIOLET_WIDOW,76561199178710626
gek-jek,76561198050966472
Elements USA,76561199028608644
F14 TOMCAT,76561199167166973
stickypetunia,76561199813257764
Teyrhon,76561199173882789
shawngreene4,76561198958198834
Photonyxx,76561197975804101
john.romito,76561199232364936
pmamtam29,76561199796543866
L3tsg0brando21,76561198055463984
DaveTheWeedMan,76561197979738744
尺モㄚ 尺口Ｊ口,76561198092329719
Thỏ,76561199034700456
Matanzasrojo,76561199495310721
MOn3YdOggE,76561199191158061
ree_nuat,76561198320137995
Ghost r scary j k,76561199238683475
tejon5554,76561199212908756
steveonhols,76561199216989100
ℙ𝕖𝕡𝕖 𝕗𝕦𝕟,76561199641858287
firewolf925,76561199753844504
hutchensfamily71714,76561199570277508
glk96Rus,76561198146207913
deanyoung90.dy,76561199388908002
ScatBat,76561198169585456
bizmutCASE.GIFT,76561199827895819
Flexzfity,76561199595427940
-=HOZAIN=-,76561198039378646
not faily,76561199592853066
avtomeenkolev,76561199769353897
przem300,76561199102634333
voycuk,76561198082522493
SuperstarHC,76561199575207045
Rankin_116,76561199689641863
YamanWalker,76561199239309927
loljctving,76561199853671727
georgeandjode,76561199778590193
Riley_dude,76561199126072762
Sillyboy1354,76561199122170573
d9llixson,76561199413335783
SilverLight银光,76561198990760127
Donky Dear,76561198446691952
dragon_romzes,76561199090856863
Darth_Ruby75,76561199812984801
iamvictorh,76561199698190473
Казёный унитаз,76561199814737040
kasha,76561199466775041
Koresh_Kota,76561199113234428
Zombi Stalin,76561198801337149
bright_eyes71,76561197992682016
n0ah62,76561199092920260
Triggeur02,76561199159618987
Colony4 Attack,76561198882184235
oscar4u2nv7,76561198421277630
Freakbob,76561199162041563
Snaz,76561199204848081
Mason927,76561198016189866
May Zedong,76561198988845120
royfoster,76561199154641864
Klpn519,76561199071464961
EGGDOG,76561198871776190
YoshiGaming33,76561198376045698
HABU,76561198415055084
yeban45,76561198964101244
walkfu,76561198867508854
KOT_STATiST,76561199134678913
АУЕМАСТЕР,76561199057129193
wrcombs2006,76561198035653502
charlie brown,76561199230105957
Mysticspider,76561198123738082
Chadler Chidlong,76561198186127119
LegoLord,76561199120573995
WhiskersPlayground,76561199005954338
not_me,76561198281968902
MrDrift120,76561199231614020
Jimmy Olsen,76561198864421015
buffalo08,76561198034149119
simarglfoxson,76561199436870041
Def_544,76561199211908271
Samizo,76561198393050451
SHPALA Jr.,76561199529777501
kilkawmasle1999,76561198838373885
janauffenberg,76561198200955801
Thorn,76561197995250077
Stellar,76561199435689181
Demon Tech,76561199514352264
fantamasBodya,76561199251129917
jailbreakitsc00,76561199834327102
Silphon,76561199221889361
mr99,76561199556047918
jackfastcool,76561198266832651
Nightmare,76561199173642102
Jhudd073,76561199656519803
pigeon,76561198988783764
pattyhearse74,76561199874580922
ProBingQiLin,76561199487133427
rjanderson852,76561199561447597
THEpotato,76561199387961027
Maxim Gorky1257,76561199377505303
Ptysiu,76561199562208624
mxer125,76561198107857733
kamilkamie,76561198929700166
Superoof80,76561199676548202
RedWyvern214,76561199252894703
Crimson_Axolotl,76561198974178478
Vroom,76561199568949682
Mr Prescott 21,76561199862649791
SMN,76561198122624902
Rusty,76561198072774392
AlienGodzilla,76561198997531115
Micky,76561199811462497
TankGopnik,76561199696299907
Ayoqwi,76561199280813693
Liam2010,76561198271842570
Nishaeyno,76561198857996380
Krumm,76561198870952566
Hasselhoff,76561197960268400
Mynameisbobandilikeb,76561199029679166
ItsGoz,76561199099855550
Bill Cosby,76561198848670040
Smocktock,76561199784376113
fjaddict,76561199261532439
bry2j316,76561198131603826
Marcius Renato,76561199015821388
congition_sv,76561198086122515
Jwford907,76561199434521087
ussoR²³,76561198258325045
Mr UwU BALL smasher,76561199015264941
peexerdoodle,76561199184022832
NinjaSebastianR,76561199158085073
ljames134,76561199811362687
ewyn2144,76561198963860464
harskampeli,76561199520839517
PD130,76561198993741644
coldcheese747,76561199812007336
OoberGoober,76561199523182272
Plungman48,76561199510376087
ppchangs,76561198967883032
Hivemind_Productions,76561199523247821
SGT_Weeks,76561199141062914
ConnorMan4692,76561199496277104
NGTMRE,76561198003502567
toreetmon,76561199042576724
Desoto,76561198878705950
insanesteak5591,76561199547123448
Hethan757,76561198853464046
Flux,76561199059509438
domitherock13,76561199489612530
doofusdingleberry1,76561199854645245
TravisBOI,76561198369010653
bollywood stunt-guy,76561197966406272
boyce2211,76561199881524943
Wckdqn789,76561199748252438
iqis0lol,76561199115913326
West,76561199247271197
dfuzzzzz,76561199060213387
TheRaptor735,76561199438504901
NotYourAveragStrateg,76561198163139278
tom_e86,76561198310576415
The1stPariah,76561197962998435
Lightsauce,76561198004656957
DigitTex,76561198353324585
Totallyagooddriver,76561199754104830
Sampletext,76561199231415825
qluno,76561199190387714
EquivilentToAToaster,76561198992409685
GFRGAMER,76561199136355649
jayden110211,76561199873325753
Gill,76561198408484689
WaterAddict,76561199175182300
gorlllia man,76561199235090811
AJ,76561199223542742
camo523,76561199704523446
NathyPat11,76561199159271667
blob,76561199036564092
Ninfang,76561197979424212
jh121683,76561198817915434
HumanPowers,76561198356433007
Nash,76561199501529548
jr2183,76561198071794495
coffieldacademy,76561199385717318
kathrenlowery19,76561199745859794
not a player,76561199229721100
Chimera,76561199455026801
Cozzmic,76561199387505789
I_ISHOKO_I,76561199130773694
MILK,76561199218134444
kaiseer09,76561199204434634
Draco The Gaming Dra,76561199731273870
jasmith00000,76561199230042943
enderdragon0221,76561199554462648
КУВАЛДА,76561199817784326
chris.g.counts,76561199143561976
Faxier,76561199407344291
tjbarsch,76561198801203531
belinda.1980,76561199873227394
BrodSkii,76561199017924863
subby27,76561199473779436
Devilish jerry,76561199072434709
cspott2011,76561199816414029
mcreedon03,76561199160226128
Intern 360,76561198835072442
Ninjax_24,76561198859273342
lexi,76561199521596648
豊かさ,76561199259346328
McFresh,76561198047341571
decayer_,76561198134901951
Šunkový Salám Speciá,76561198835935233
meshuevos,76561199078215132
🌸Musashi~🌸,76561199180717079
skalosk,76561199120776216
zbot_6,76561199237589487
Gordon Freeman,76561199079990311
hydramuriel,76561199066968428
Stormento,76561198841679185
RogerMaris9,76561199066345237
Lightning Raizen,76561199566962696
lucaswobig,76561199674360315
Lord spity,76561199540198360
bondar_O,76561199114879347
mr.chuprov,76561199698264173
Znfixity,76561199681099550
Lion KING,76561199608764682
dmniku,76561198105534856
YourLocalDumbass,76561199039824704
1Zoned,76561198383254958
jennlynnlittle,76561199228538703
elimaster11,76561199664834213
SSSNIPERBOY502,76561199869410617
El Bandolero,76561199159211178
Sl1nk3r,76561199293950740
idocb89560,76561199492642096
LRt-223 (CS Money),76561198282101089
zachsteam,76561199112608416
Lord Kingston,76561198858124855
werzevul 228,76561198204470957
harlaus,76561198841122650
rik_breh,76561199606384702
Ryan Gosling,76561198995025313
Alohadance,76561198413736987
кузя лакомкин,76561199068211224
DRTX,76561199074800624
NV-Igor-tm,76561199803040009
Zaul,76561199812541902
Antonio Margheriti,76561199087608601
AllenDulles,76561198946945347
lio5,76561198332602399
BoyKisser,76561199682553590
Norificator,76561199202276619
Nickel,76561198033255590
KiRitos | キリト,76561199559650417
slugyboy1234,76561199166164311
Pit,76561199811052165
rev,76561199814641195
forfoxsnakehd1080p,76561198345428716
Рыба,76561199500383285
Shr1mple,76561199342390163
jaded,76561198444904588
bolo_volo,76561198017867417
Sledopyt630,76561198415449095
D.,76561199571843684
TheLuciusGuy,76561199499299076
Jaspercat12345,76561197977427989
ArcticBlue,76561199849874570
Wigza,76561198846193510
ROSHEN,76561198871523639
jj2557.sompong,76561199834584608
ILY-SL,76561198070176413
REGEN,76561199592543886
BurgerMan,76561199699061336
SebFace15,76561198220932400
j.richards.orkney,76561199434648088
pp9322,76561199567590889
6-10-we,76561198294412314
felixschmidt1009,76561199581458773
DRmåksym,76561199243530127
Pootle,76561198887087613
Нарко,76561199549923676
Commader ghost,76561199646453283
liamhamster1713,76561199033311806
MrPilot,76561199692859119
:^),76561199342152064
Eirikrautha,76561197970541927
Wunger |HM|,76561198067063854
CAMDEN,76561198892077450
The Jetworks,76561199140433799
speedyknight04,76561199451832485
poopy,76561199479385365
AARPlayer,76561199868720327
ojreid1,76561199480877175
giaanly420,76561199792231623
bodank63,76561199465484829
Firebird 2-1,76561198021183298
bitzbpz,76561199122708236
jim57c the historian,76561199121526603
krisidk682,76561199124337604
reikerdude,76561198268198591
Potato man,76561199100676898
Cookies_398,76561199654232942
Ovastek 𝒜𝒽𝑒𝑔𝒶𝑜,76561198798884207
CrazyAdrian,76561198208814392
MillerFroydRC,76561198081559966
WaveBreaker13,76561199223568516
matt.karl84,76561199554849817
RainyEed,76561198136392803
Phoenix_Inferno,76561199512613433
Nados12264,76561199146325252
nickthatguy2003,76561199879112901
aa.tacktcal fox,76561199814249176
randomperson,76561199204232453
Prime,76561199542917852
Dodge Fan,76561199114522417
romenamartin,76561199355160033
cyb3rhunk4416,76561199811354913
bestbonik,76561199665250137
Gabausaurus,76561198306214988
MeMeMaN_V_II,76561199220068058
Jigglelewkyboggle,76561199640095319
Luna,76561198877186022
evollove.mjm,76561199124483971
HexCraze,76561199219435626
gmoney,76561199051317047
reedler10310,76561199788434803
agaronovandrey,76561199484167902
Hanzer Dragon,76561198314650587
L0NG W4KE TURBUL3NC3,76561199122056781
Schindar,76561199501242662
Mitch Gaylord,76561198171517563
troyarleenjensen,76561199454097832
Digital7912,76561199507131096
dragonballs2017,76561199589254611
lukamasetti,76561199109512106
fdzmich,76561199569335912
OstpojkenZ,76561198355132431
poohmeplease79,76561198414960533
HLAFEX,76561199390749919
GonczTardos,76561199214233568
capyfrog,76561199801879261
matFOX,76561199151745604
Westbracelet292,76561199189862384
Durito,76561198161840816
Marski,76561198943296786
Coolman1202,76561199177133934
Konrad,76561199027071414
sabhas,76561199699400759
bigwarrior17,76561198860782315
Pebblecrusher,76561198156605830
Bradleywinz,76561199136964389
BG3CK0,76561199134587411
landonmommyof2,76561199762325307
CorbinNator11,76561198378949318
Bcv354,76561199084668786
extraoxygen,76561199130900534
MrAmazing,76561199847781975
kalk00,76561199541344761
devin.sanders1118,76561199222558234
Pdog8760,76561199048257043
Horror,76561199536447988
redpandasaregod,76561199078368351
Rihay22,76561198866883188
RRC Family Gaming,76561198315882241
MostlyGhostly899,76561199273238650
CATZRKOOL223,76561199720622253
Lunatic,76561199237137173
999,76561198402498440
romanbelovic,76561199477211943
TNT-dragon,76561199095869431
mrplum8,76561198866367403
FinsUp,76561199611502632
masterofgames247,76561199790944380
Apache 11,76561198995425340
MacBuilder3,76561199229347443
l DeathBlade l,76561199090054437
349552440,76561198840955950
IReallyLikeCheeseSti,76561199796030277
se_qh,76561199368382724
d3fine,76561198274538415
Ваня Прах,76561198026528400
Limegreenchallenger1,76561199624440655
wrellyjelly,76561199538383134
cooperduncan2010,76561199856971330
Mcnoogy Woogy III,76561198448539175
realSanchez139,76561199275651683
johnlewis528,76561198865078870
Lukodo2009,76561198251104646
welder72530,76561198051786674
Themilkturtle,76561199229372328
helz,76561198085007314
mtzqueen,76561199810553556
Charlieboythefirst,76561199590972622
Global News UN,76561199230736635
miata,76561199689170079
lpetersen114,76561199811340483
Takhi,76561198085497745
голый слигун,76561199791249708
god of reailty,76561198300655680
rockskier2022,76561199503127124
RedBull,76561199388752765
minho125,76561198857898098
skonyong61,76561199527199436
s99547319,76561199509386343
Guyo,76561199124267037
AbsoluteApex,76561199439454258
轩仔儿,76561199745516685
MAN!!!,76561199672708346
Чай,76561198087544805
Space,76561198991968019
max,76561199853748824
Keitu,76561199057083315
sam😍,76561199158028414
Afameon,76561199790392790
Jednorożec,76561199445659112
LachieZYGamer,76561199100761747
The Emperor\'s angel,76561199066121589
DjWither_Storm,76561199811489053
impressedbyjessdesig,76561199774366590
Moker,76561198219758345
timcenkob941,76561199849066748
harryarthurevans,76561199511485055
Littleknighttas,76561199044128040
Super Samuel,76561199220423506
i am a black guy,76561199312447087
LuCaS_GrAiN,76561199462887183
MIKROCYPEK,76561199558960706
Jack_189,76561199250094841
King Julian,76561198842285066
Dani.on.240hz,76561199305418807
Kapselek22,76561199636231392
pomidorich322,76561199697914631
PopaBobra,76561199158506079
LORETUS\'15,76561199525898150
floopa,76561199252205304
Salepa206,76561198880037521
seansebascol,76561199058366105
kent hentay♛,76561198376935388
sleepy cat,76561198052430611
liko888999,76561198928706861
parrotflap,76561199444745014
Talavari,76561198322636145
Joseph BALLIN,76561199525452249
RenVampV,76561199642613574
Robbie,76561198004058292
Ozzie boi,76561198278304844
RALLY FAN,76561199753193565
T.Neuville JR,76561198020394465
M1A2_AbramsTank,76561198807434781
Артём терминатор,76561199832885527
kcurqbqs,76561199187994676
Proxy304,76561198129344962
NuggsLoLz,76561199105143600
Rex,76561198240129502
lucasmoeller2010,76561199225486548
davidm,76561198996386231
crazyfriend,76561199481837868
Focally,76561199167852588
artoxx15,76561199501984263
Umney,76561197987356061
dcsus2gd1,76561199810940378
Nadu,76561199466795775
250,76561199145287903
Steven,76561199554478781
名风游戏,76561199350653002
Travel,76561199533625638
lillyfam1986,76561198222231388
MrCrab,76561199407782142
GHH_19,76561199063548905
steele_420,76561198839495846
Merry Christmas,76561199743850611
Catgaming22,76561199477732687
Proto-08,76561199083011369
foxxy22421,76561199798718592
Daegor,76561198189017482
Ricson,76561198238692292
BRUH,76561198096216213
Feen Lord,76561199195885801
Mirage,76561199672372074
m.w.christie2011,76561199391925914
carameloBR,76561199571833576
Mercedes_Spyder,76561199649369977
adamhurte,76561198440712796
SouthernKyt,76561199201998335
Garry,76561197991823212
StunttKingg,76561199659759686
Ruanzitos(@_@(,76561199003166275
Classt1,76561199067573331
Double D,76561199079831575
aria math,76561199453307492
CaptElijahIrelandYT,76561198879539339
Kaber,76561198106342449
owenhannah13,76561199810670910
Dclan123,76561198325688542
bonddr24,76561198051973240
1,76561198005961531
CertifiedSupernatura,76561199438302687
Dutyfulwal2443,76561199228307410
monchitogoal,76561199391820056
jack.croskery,76561199122774187
Fat Nugget,76561199659224480
GORSE,76561199506769003
Mr.Murphy94,76561199088442060
Ricardo,76561199021814203
isaiahgrimes123,76561199611878151
SWiFT (as in fast),76561199793947080
hugge.hugge.wugge.wu,76561199632218484
notmrdurden,76561198313291201
SturdySaltShaker,76561199568827427
Victoryraven,76561199814744175
manea.rrs,76561198437716967
Soldier,76561199588967628
TheAssassinITA,76561198854181649
Flooper,76561199515150810
Maple ♡,76561198359391439
saltycat,76561198029012434
Brickbotx,76561199865091535
Alkash Meier,76561198196550035
007,76561199063391059
jvd9185,76561198836970457
GHOST,76561199231389420
jmatias,76561199595993135
RadicalGuy1204,76561199804370502
Wagner,76561198977364185
cace12500,76561199466295525
Markus,76561199249197688
BIGFISHsmallfishcard,76561198431572251
NiMiX,76561198963693013
Miscellany Bones,76561197971119503
MEATBALL343,76561199092689755
mahnat,76561199493331614
rita.faroh,76561199235820172
неудрочимый,76561199735763967
GORDOCHOTO,76561198880942668
NicanorMillions,76561198256715660
{Taz}Ratz,76561199054371749
FaHaLeR,76561198927959437
RafaelGames,76561199075585406
WIld-Deniosuchus,76561199873131943
VLADLOH,76561199198600022
redcamaro5,76561199820410352
Dimon4k,76561199798639547
ianmcnair400,76561199237338436
Severed,76561197971230554
Robloxian_3000gaming,76561198894582273
DMASBeamFormer,76561199193891837
aricesea,76561199112118189
thekidcake,76561198997938564
That Guy,76561199055288024
elidaniel443,76561199689516456
XXX228227,76561199583122064
MR. Pyro,76561198849151736
jayrencaballero31,76561199451479493
Kashy,76561198375331866
nclavigueur,76561199065075728
rubenlgarcia00,76561199698365554
kellyrmo,76561198260805151
THEIMPOSSIBLE,76561199780331861
xXGamer007,76561198994000047
chevypickupman78,76561198017739335
VW guy,76561199865554940
ThatOneBee,76561199861334265
65tyu67iouy,76561198984048586
Dexter Morgan,76561199145790775
The_Captain209,76561199575051750
KaijuZilla,76561199868706534
ma_rt01,76561199304799199
Sgt Doran,76561199125958722
1,76561199178240308
ash tray,76561199168986723
Techno,76561198858862554
DeltaDagger,76561198847206392
ThatBrokenPC,76561198983434337
minigrass,76561199754427539
trans706,76561199664511671
Lawnmower_Stealer69,76561199085395762
kitler,76561199304654705
king_edward_1012,76561198983356429
shayzilla,76561198848766764
pro100dd,76561199879734805
sensin-r,76561199048410994
NoahSandin,76561199872568874
Leako11,76561199568077642
B r e n d o g,76561198041985397
U.S.S. Laffey DD-724,76561198335423843
oskar.weissflog,76561199853857264
kingofshirts,76561199813311590
SNGPRO,76561199844132639
jakniedziela,76561198281996884
MisterBlock09,76561198405074417
Winzy,76561199535465108
Anlegal,76561199816956394
Tupoy,76561198169503303
The DOOT Slayer,76561198091275024
ic0nicant,76561199125532261
slaysee,76561199190698393
paozan,76561199824921749
cobyotoole14,76561199429084516
Sanguchito,76561199474401396
RealFlames49,76561199497723972
AlphaZeroOne,76561199123586394
moodlecheese,76561198978364232
catfishclone,76561199229603998
Boscosticks,76561199013292647
VastCrogue`s,76561199405994448
ak-47 cubing andyg01,76561199144377718
🖤𝔻𝕖𝕜𝕦🖤,76561199221708860
lucashley2,76561199197719025
m249king,76561199453046046
Mortal Wombat,76561197971422276
lewis,76561197993335359
P_Platypus,76561198864968829
Boxingshark5760,76561199235683988
monke gaming,76561199134566540
THE_MILKMAN,76561199812091493
Zephisaurus,76561199013131371
reactor611,76561199187995188
RunicPagan,76561198014592707
carterg8015,76561199379920067
Yotaswamper,76561199770654363
Yurtlurtle,76561199846917669
gabrijuspazereckas,76561199556142131
oliverlink0615,76561199531771738
Professional Dumbass,76561199075089712
TCJ_Legend,76561198334721182
axolotls,76561198119430209
sirsnipes887,76561198055076539
ERROR_,76561199800027418
Joshyw3113,76561199814174418
mckinstry2008,76561199355902676
lkichman29,76561199803732188
BestNDWorld,76561198077215468
tlaboys86,76561199311964977
jrrandom27,76561198991827968
jason,76561199262695027
TrainEngineJack,76561199125172964
imat41,76561199709301480
maxgordon1008,76561199573099091
ThatxGuy,76561199217561256
Silent,76561197972289396
TheResidentShitter,76561199216250703
SterlingSilver,76561199239032581
Dreadnought,76561199572784069
Optical1821,76561199057058319
Person,76561198952312977
Ashron,76561199161470334
JankosxPL,76561199191323197
f35,76561199331201486
URNiceNDead,76561199140467975
faulknercaden300,76561199824931458
guillocg,76561198955972526
Nori,76561198991001250
agenorluciano532,76561199872729665
dls04242014,76561199812838396
JoJo Siwa\'s Bath Wat,76561198294366178
Brodeman,76561199072950629
the mmooon1,76561199107345607
Singris,76561198879976887
FollowZeRabbit,76561198119864470
FarmerElon,76561199245286134
whatsgoingtohappen12,76561198352716468
turkeyBacon,76561198369883346
farticus34,76561199850700177
tax the poor,76561199125424910
Eng1neer,76561199811754334
noctisman22,76561199334037882
TKL56,76561199110883512
Big Blu,76561199575812206
Aperture_Laboratorie,76561199630280538
Arkxem,76561199069704750
Rhys,76561199468177404
Tinell,76561199093073232
acoolfoxy,76561199375551248
nicolasagostinho13,76561199882028823
nicolev183,76561199552567823
Texasball01,76561199595110654
Arthras,76561198199250403
Mad_N_Rad,76561198869062207
oif2medic3,76561198194921026
не знающий побед,76561199222866436
kaydenmdjones0719,76561199879511755
swarn,76561199388958561
Technician,76561199188550385
GC45,76561198031352005
SKULLkid1623,76561199770438678
MD64,76561199675680779
SmallGraphics,76561199034668179
Lil Mustee,76561199687847575
trains,76561199752245502
Xcreeper2019,76561198931115597
BadIdeaHere,76561199014591778
انتحار الشيطان,76561198191422087
Monkey001,76561199191108571
Tank_God66,76561199256542358
Destroyer_5555,76561198843733377
Diesel,76561198435792804
beniandresortiz,76561199502543697
ツchipsyツ,76561198840147214
Georgiajqck,76561199811872955
AIM.9L.sidewinder,76561199833029108
CASPER787,76561198386144048
globaltechnologyinit,76561198180729705
uncle eggroll,76561199231911950
skshus,76561198974865653
CeeCee,76561198122616807
Shia201,76561199114630072
CrabbyGamer,76561199224142539
joe.a.carlini,76561199865967738
Spooky,76561198361861502
redtail75,76561199563026056
nelsonen77,76561199142662079
matthewvdonaldson,76561199765266013
Mr yeet,76561198887657121
Clackfox,76561199027092902
Buttons,76561199087028334
jneeece,76561199653925970
wgoop291,76561199529935206
Casual Chris,76561198995434027
Zach,76561199262630795
dragon-slayer123,76561199066098986
Jujubeee13,76561199469180407
toothyshark3,76561199854156753
pizzaboy561,76561199229441791
PaNcAkEs,76561199076282955
jesustrain2013,76561199873575339
Jewel,76561199230382959
dontworryaboutmyname,76561199573367707
moshiko,76561199158650605
your_pal.,76561199115641220
panguen1YT,76561199811358646
Inxects,76561198409609161
jeremylopez.91231254,76561199641813722
Beta_7,76561199213008104
butterthetoaster,76561199637153174
theateam5510,76561199601313105
STAR_CRIM_TOP,76561198852065137
Spiffy,76561199453985341
Palms,76561198161643891
evattnation,76561199760050444
ggabrielhert,76561199800885058
S1mple,76561199804020967
Alice Shimada,76561199257515484
wey2tren,76561198003657058
ethan_smit,76561199834468094
a9630711,76561199501740718
Famous_Pastry89,76561198041264356
abraham lincol n,76561198398375347
King_Max2020,76561199217768468
Luke,76561199010513984
depre,76561199579902173
daneparnell,76561199204180729
Starf1ng,76561199750845320
Smaeck,76561199271034629
retep,76561199278415215
vo_ek,76561199105868811
Werri096,76561199257904907
gagol,76561199083078912
bryson,76561199230628644
Ugnius612,76561199020737630
76561199428343141,76561199428343141
GavinsWorld12345,76561199373644170
Jan-PL,76561199180864444
skidmark185,76561199013278750
bob,76561199122076040
serega545777,76561199548835028
HousefireHenry,76561198799356582
sgt. chelz 75,76561198827609323
Все Зашибись™2.0,76561199138709034
VoidTime,76561199095139647
GUS,76561199077138454
PassMeMySword,76561198011619875
kubus28041234,76561199759879416
PINK,76561199044760500
Neox,76561199158630206
madxx,76561198148643162
BallisticGOIDA,76561198876455427
Tom_bruh,76561199120569988
горящая мечеть,76561199567440073
Miro,76561199073094813
Greg,76561199019351651
mobarikimobark,76561199842989171
Codey,76561198985889754
BigBear,76561199185779045
cmealingjones,76561199526112973
Dale Earnhardt,76561198970806130
Olliewooz,76561198830404262
1275lgp,76561199660363610
nhausw,76561199208900582
nickw1964,76561199442021804
jgaidenpc1984,76561199062242164
ozzy,76561198983068555
tslea20,76561199339955052
brettjay4,76561199130638389
Dmalvanox,76561199814064782
ARSLXLD,76561199210384711
Layne01,76561199014599690
Bread,76561199768126084
AndruxxA,76561198998322381
MilkyMikuu,76561198272112725
ezman2012,76561199775992730
robbievann123,76561198900230576
cool dude,76561199106375555
leon,76561199822220033
ryanmoore_90,76561199649660187
ShadowMarcos32,76561199810995075
DimSum,76561198197874574
GreatBritishAirways,76561199878938853
r.xbox,76561199119731509
boomba,76561199500656188
Timman24,76561197968614014
JJ,76561199191617114
alistair.urruty,76561199481832184
Xminey,76561198179146179
pointman,76561199098001088
MakVertigo,76561198965591251
lquimpere,76561198985531457
Mr Tickler,76561198258954793
degocoolboy123,76561199401506802
Hex,76561198951804184
ilikecars155,76561199837412492
gigglenamedidk,76561198867297865
r.davidcarroll,76561199193066864
Stomp On Burning Duc,76561198045608426
shewims1979,76561199032962054
alragin,76561199551512125
dianasantillana85,76561199812031088
Stewie Pinball,76561199575076575
Lost Signal,76561198860719424
wolf,76561199203803949
XJlEb,76561199415609427
Nathanial_Schmuff,76561199139912259
Lukers,76561199073100584
JEB,76561198409252815
44eRiu,76561199510096142
vovasikpidarasik,76561199240727357
不破美帝终不还,76561198324809786
Старый ИИ URF.IM,76561199214108446
coldz_lol,76561199541435705
CK_Draconic,76561199006411961
xXGamer008,76561199250119447
snisbettsr,76561199072910320
Phoenix0891,76561198796734417
THE DUCKY,76561199186394367
finniesseejoli,76561199411347276
warhound41,76561199249458131
bigbenbrooklyn,76561199229451782
Spoodermem756,76561199075154026
uriasfransisco832,76561199810899468
EwItsAJ,76561199803778306
SJ,76561199138620739
PlutoLeviathan,76561199845742841
SLAYER_HALF,76561199513046969
rodzz,76561199566033063
-PARKER_07-,76561198378544842
jaydrector,76561199249008993
Duckers789,76561199489056868
Bread of Speed,76561198132291572
C.L,76561199130053024
cemenpodtazkin,76561199688130759
CAR DRIVER 24,76561199811554565
beeboopian123,76561199881579782
SameHolysh,76561198957234336
meteorherd,76561199552767693
ThisIsHowIroll,76561198983052895
The Alaskan Sniper S,76561199786280699
DangerBoyF3,76561199435135214
dsh01355,76561199364433812
kevinplayslolol,76561199445615603
$_$,76561199095145126
quagmire gaming,76561198039363955
rovz,76561199405978943
tyswizzle2366,76561199812865927
DtotheV2,76561199812446587
Cricket Ernest Green,76561199469735003
Ronaldus Mcdonaldius,76561198190760870
laynegard,76561199542239779
конченный гей,76561199624733338
The Judgement Crow,76561199597958389
tjayisafag,76561198122708485
westdw19,76561199811089833
1 2 tax frei,76561199050835234
XIFantom_ru,76561199687057412
0-oDANGERo-0,76561199435309351
шими шимияй,76561199249090012
Лимфо_Узел,76561198856542510
dawid-piesek,76561199867514243
ЕГОРЫЧ,76561198970149315
Kabanchic558,76561199664379686
atamal,76561199555805643
ishaang25,76561199097001827
911614506,76561199881860106
i see you,76561199008630421
phantom,76561199483060993
ARMOURED TRASH CAN,76561198401177656
nicohentrich80,76561198862391022
monkedzia,76561199536421765
yogahnr,76561199206367473
obema0081,76561199826272505
Totallynotbrandon1,76561199748788190
Mrooq,76561198053923668
УГАР 2010,76561198258677124
corbin.brailsford201,76561199216032541
HistoryGuy1944,76561199004989445
PIX,76561199164035960
LandonC3560,76561199200688478
Brownie,76561199696272343
Monster.exe,76561199194588350
TheGamerCat,76561199056076894
DEMKA,76561199205439626
JMC2411,76561199157025190
WolverineBro,76561199444587585
sgipson.jdm,76561199203200400
[REDACTED],76561199408904860
баба истеричка,76561199088765098
meow,76561199220010681
DaBoyz000,76561199478469157
ouchief,76561198026883557
kool girl,76561198246073726
poot jet1321,76561199003534988
obro0404,76561199500481940
WarPigeon,76561198267885331
OwenHobart2011,76561199216210866
LittleD,76561198990411955
shadowknight,76561199589035182
Jacobfoxy,76561199275799351
millerdaswag21,76561199106694604
theo-smith-2018,76561199675309244
RadGoodNow,76561199203207234
Анальный магистр,76561199155335265
leonardengland,76561199637854398
SirNefarious,76561198887122308
Chinook24,76561199209980297
Dirtbikedude,76561199556432151
Ordanay2,76561199129200972
GamerRoad,76561199214567645
BloonsCraft2,76561199699647400
Maximus V Gaming,76561199081916821
kingstoncoop8,76561199749266516
Farmer Chad,76561199203350276
Yung gamer,76561199808440407
Zephyr82821,76561199830027104
lint28,76561198140676332
Tape_Worm [FWKZT],76561199524424286
DJCtheplayer,76561198989659451
Vos1c,76561198012066588
manuejl2010,76561199354022729
euke,76561198147738357
taterf26,76561198259681529
heavyrescuekid,76561199443284479
cannabera,76561198936997025
cryulu,76561199655186289
ChillZazu,76561198917274908
mikesowards2014,76561199809931537
ChaoticGummyBear,76561198801792539
Colt Seavers,76561199229821309
Koom Mann,76561198192643775
GashedAlien24,76561199041032020
BlackMegaLogan,76561197968837422
Zenis,76561199206904256
ralfbscherer,76561199810527762
Cowboysteve_45,76561199032219454
rbrenticus,76561198219417839
watsonaric89,76561199814247739
Kirtim,76561199766277616
fly,76561198098896843
Jordan,76561199100260412
Christopherx999,76561198081719174
ligma b0lls,76561199232598120
gagebillinger,76561199534836404
nas,76561199179847043
Loki Flyer,76561199128354035
АРСеHИЙ,76561199385418268
Cteve9534,76561199285638852
Rex,76561199369967015
Касета,76561199455985054
cheesemaster,76561198247702124
Potato Prime Ministe,76561199116363982
w50923813,76561199711825982
Indix,76561199434796633
Sharkz,76561199742901655
Furxanix,76561199794297391
ButterTastesGood,76561198981715745
lacerta,76561199205235142
ldenning69,76561199045049995
emilianotrujillo2121,76561199284327475
Foosh_Boi,76561199024316464
gbyrne.a350380,76561199862426569
𝕽𝖊𝖔𝖅𝖎𝖘,76561199520695782
lilbaymax,76561199799429752
Hudi1972,76561199861676333
Phantom,76561199672474714
Just A Gamer,76561198799395356
ireland19711,76561199861253010
BRICK RIGS,76561199199443819
Nightnerd9,76561198984706580
Deadzone212,76561199871023925
PetKaSETAR2006,76561199091434309
Field Mechanic,76561199522960246
4ida,76561198035833476
desired7226,76561199094378625
StoNE,76561198068675558
170cm v potoke,76561199136315323
Seconder,76561199178354848
margaretlessa,76561199063587131
LynyrdSigurd,76561199762204138
Matchlin,76561198975087164
linex,76561199620226504
robalotta,76561199058024633
Nukem,76561198376303788
Fufelshmerc,76561199443393885
Captain Hank,76561199439314090
Lucius11211,76561198280932931
Irbis063(RU),76561199050430871
Icelandair Boeing 75,76561199344768153
هيمورسالدЫ,76561199367134096
sasha.evminov2525,76561199861424316
smesharik,76561199645620528
maj_mtb,76561199699098663
nuggiesaredebest,76561199546553163
sur226,76561198843105220
JJmtb,76561199215573183
Zep,76561199134714391
EkulOffroad,76561199542516961
the Urinator,76561197991339267
idkwhatisio,76561199809460298
microwave_mann01,76561199001086306
ladismanthwaites,76561199853607113
MemeBender,76561199289903437
daqzaki,76561199780291283
drake.ashton-bamfiel,76561199567085282
alexlion,76561198999993283
give.me.your.nukes,76561199012617633
U.S_PATRI0T,76561199080187686
spudster3k,76561199229576062
bob_the_builder,76561199728429321
ブラックホーク,76561199585355065
Norfolks,76561199088725516
Rush2,76561199223794505
Lily,76561198897746192
frasergamer14,76561199584938806
urwrstnightmare8,76561199831769165
Scooter,76561199754296491
AKI-SAMA,76561198321813973
malachix714,76561199229918285
jacehuegel,76561199489672288
dkontreras,76561198244858958
Bestia,76561198061987392
AoS,76561199178042795
Arsonist,76561199487666646
En3rgy,76561199530399216
WarpedSportz,76561197960941466
demon.campbell16,76561199866817547
ctcrebel,76561199196764708
haydenshelllcat96,76561199576927012
pilotscott.smith,76561199856787216
testament,76561198041457067
Infinplayz,76561199109026146
Stash Gaming,76561199178381293
nicbones1911,76561199078898082
kj343257,76561199122033512
Fritayu,76561198972030414
lucasobm2013,76561199387803428
Bjp424,76561198040609121
rduke901,76561199217922992
maxwell,76561198973913145
The Goose,76561199650282755
timmer3911,76561198048058419
coltonfleming179,76561199557471965
Puffcat17,76561199545855451
allir,76561199191463603
Dasqops,76561199039823301
GRID,76561199527293797
PizzaPeteLikesPizza,76561198963104215
dragsmic,76561198067936696
cjc_8511,76561199812691179
hilarious goober 73,76561199240771514
Master disaster,76561198298784844
Thatguygaming,76561199268825634
Bossman229,76561198136319982
A1eksFN,76561199239841617
deviltrigger99,76561199528011539
Ennard,76561199014626144
dragonlord387q,76561199155705918
nieshaco,76561199071503787
chris.chadwick888,76561199882400219
Titanic2,76561199198770139
Ciniminis,76561198835505266
Friaster,76561199080434711
Arsevalius,76561199145066293
nathan.h08,76561199590883631
navinjohnson009,76561199784363801
Thunder,76561198976446937
Mr. shadow,76561198300633217
lukedeangelo84,76561199126980804
GUNBUNZ,76561199479187012
Nazard-1 1/3\',76561199234137398
gyw048787,76561199879769523
mong0l/5am5ers,76561199537681425
_MattTM_,76561199032223005
SnowFox,76561198841454393
ethanvlogs2,76561199009922189
brazyBraiden,76561199521074847
TACTICALCORNDOG,76561199162359673
MothMan05,76561198867605679
v,76561199816734617
422013836,76561198824335499
rwa7143,76561199222488516
Andrew Redmayne,76561198127523910
ultrabrandon12,76561198086598447
kmckelvery,76561199061032298
Starz,76561198963421674
rosemikej,76561199177622779
Uncut_Ham,76561199371180071
ryan.menth,76561199465570234
wef849,76561199690054681
Spiffyyy,76561199244242674
red.chuckles.craft,76561199747721923
pdub2583,76561199107339753
Magic Meth Raccoon,76561199127947946
CMG100811,76561199807223186
mianku,76561199592841685
barrettdog2,76561199096759267
clayrog789,76561199379822231
WHY,76561199690870134
FaTalGun_Neyhlo,76561198359561271
Swagnoob,76561199481183207
mgmt.burchell,76561199062446436
TheO.GDinogamer,76561199291154781
watermelonsaurus,76561199532130664
nightmare,76561199480754770
Fayt,76561199197778858
missyanndavis,76561199810532620
aidenh81011,76561199804226778
Митя Fly,76561199026997215
Bryland15,76561199219093233
Zakvaska,76561199043492899
graves25t,76561199755215461
Ardow,76561198217304391
ZingoNoob,76561199882284025
OkaYKaktuS,76561198825686510
csteiny,76561199377182731
calebs4700,76561199826036669
Red Ninja (The spy),76561198182318790
mdk541,76561198101669425
Sanchez_shmeat,76561199813361737
ashhh,76561199237057305
:(,76561199218101310
stroonstar,76561199181122047
Bob_The_Man55,76561199467031088
sxmmits,76561199091158698
shoob!,76561199176104566
johnmccus,76561198067851796
matthewzbuilda,76561199228176195
henry.francis.cooper,76561199881662656
colorfulpigeon298,76561199586813249
davidbenjaminbrandt,76561199016364023
TrashcanBobJr,76561199883579768
wattnz,76561198062090890
WeaponizedGamer,76561199065651515
pavicajoe,76561197990929210
AlienAtArea51,76561198034072462
kingsleyh872,76561199741174809
TarponMan,76561199163173965
lwoodk,76561199805511740
Raptor,76561199069043417
The_RaptorGamez21,76561199128943243
Левша,76561198865410218
RedNek,76561199288526953
boogiemaster784,76561198345467842
Loki,76561198028644268
travelunknown,76561199062306087
kingboik27,76561199116586836
Spider_PigMC,76561199521866065
Rikoka,76561199094708022
lindadaniels97,76561199622213952
Tio Monster,76561199049082237
Petit.Phoque,76561199205479210
erik.vodkin911,76561199756749620
Tino,76561199696430116
naziwaffle38,76561198806820475
L-1011_AVg,76561199823375152
029thgng,76561198840404616
бублик,76561198186169451
Nugget_Brater,76561199583761956
mackvr964,76561199680393825
Benya,76561198259173932
I AM PLOOB OOBLE,76561198961368903
wpersall,76561199368474364
Икроржон Шамсудд,76561199204541799
The_Helion,76561199187783061
Frozen Empire,76561199235834654
Mrgamer12245,76561199609291968
raphael.austin,76561199543034444
Fire Fox,76561199228701141
ABlood_ThirstyFemboy,76561199682028597
IEate_Epic_Gamers_To,76561199107499678
fingle,76561199229712504
Mrmonkey,76561199539323041
JetpackHamster,76561198067742926
Operator Tank,76561198989089204
ericvh2014,76561199184111697
DeadlyRaven,76561199493358970
Inviz_76,76561199743949915
Mikadostudios,76561198832340221
WickedLongNuts,76561199512971732
figgy1982,76561199492820849
UnAp-а Baobab,76561198886443010
costapam25,76561199698417278
V1b3z,76561198305657491
BobiJon,76561199537441267
[Б.А.]MoonlightFox,76561199180551617
DCXX5,76561199589120921
pip,76561199148256999
Wadermelom,76561199603666686
Yoshi,76561198058844181
Slouchenhousen,76561199056111120
66875122,76561199547538345
glebud54,76561199440800108
Yes,76561198830202741
Poopsterd,76561198165512694
tarpapershack,76561198006885725
keekweb522,76561199591578732
RSA,76561199604330690
kierancarey515,76561199644668774
Wazo,76561199389275026
Killshat19,76561198213778516
poyraz,76561198325118027
ajdhjoanna,76561199144322493
conradium09,76561198889984257
TheRealBean,76561199256400264
kvitung,76561199198244057
kidgamer1234,76561199874022135
xX-Just.A.Evil.Guy-X,76561198839606860
Moo,76561198827592810
wymots,76561199522534457
M1N0TλUR,76561199526063742
Jay,76561198374362126
vynlslapper™,76561198136313663
Youflell Ball,76561199278182230
HondaCivic,76561199364164832
Mowgli,76561198017851070
ясь,76561199691614922
Simon duckmen,76561199041490238
jonnyme84,76561198064102676
jaydenlewistaylor201,76561199383029113
bplunken,76561198436638485
TheEngineeringTactic,76561198203580469
Salt_Pig,76561199529771919
fire dragon007,76561198073740496
J3sielgamerpro,76561199470190783
OopsIDiedAgain,76561199395371593
RAZE_IUF,76561198874750934
armaygaga02,76561199555184555
Curlyhairdude127,76561199055334929
denainastaff,76561198967634676
Operative,76561199038604416
Celinxtr,76561199010045990
Froggy411,76561198019246239
XPiredMilk,76561198957604889
lawnchicken1,76561198835445038
codyp445,76561199342629455
alstiles319,76561199624288951
1+2=3,76561199588960235
Burkie,76561199262800762
Dinoace,76561199161768568
obesjan,76561199878387324
SneezeO,76561199080837560
jakobcc14,76561199454128823
BillisticBacon,76561198032120742
eliasm1048_yt,76561198431340400
boilingburritos,76561199516431068
putz4_2000,76561199536648375
C1Gaming,76561199209029521
knog1,76561198317397066
fetteraffe,76561198852168036
gregm514,76561199688988457
Tombstone,76561198826442539
lamervb,76561198040608465
kevin,76561199511159397
MAKSON MARGANELLA,76561198850972713
maxwell_keybord cat,76561199245975366
kimberscheerer,76561199513104027
Blorf,76561199228920215
Droid,76561199206071032
m_olson78,76561199215416876
gurt,76561198172122519
vymlopez_1988,76561199882381311
Shibby,76561199813685737
Just_COFFEE,76561198931208770
табурет (живой),76561199547052414
Трусики Вай,76561199167937594
Dragon-lord,76561198876260150
cheback,76561199677916529
The Roaring Knight,76561199008904379
Joxue_132,76561199192305668
Сержант Кумыс,76561199054402046
ytn700,76561199574957586
reginaldbossenger,76561199403215435
Jenius ,76561199487253257
ar1z_13,76561199131113365
Neiro Neko,76561199181395302
Detonator_kibli,76561199783357989
Nikita_545,76561199586506171
.,76561199389569940
Im.W0rk1ng.Fine,76561199129005808
osiris10000,76561199206067439
Тaкumi,76561199816235357
lucas,76561199405357634
Nelbathelegend,76561199096169457
Pinky,76561199835580346
Hlebniy_Myakish,76561198875214603
jackamcgowan2011,76561199811825163
voyager,76561199239836465
paper,76561199647883853
Al3x,76561197994861212
andre.solenthaler,76561199451749263
Snegochist,76561199059225823
zbiger_DEB,76561199135673463
shivey,76561199444474900
floppa21,76561199858239415
BabyYellowBird,76561198124530862
aaronmair6,76561198173277383
HORNET AJAX,76561199203274004
ioiotkiller,76561199237547721
will.bs720,76561199041579524
SavageJohn1900,76561198818969790
ATLLGROX,76561199225173394
BelleTower33,76561199203263210
SJKO,76561199420988850
Marcelo125,76561199783249597
Whirlwind_64,76561199591868528
kobeshouldadrove,76561199680336125
Royal,76561199002299774
tihoni,76561198094621469
crazymannoah,76561199653303372
Rodan,76561199044336019
lyte2021,76561199277112496
pv2smurf,76561199138421775
ba,76561199200795915
Bubbap3,76561199138260718
Tubaplayer.10,76561199077491485
SlimJimShady,76561199368302660
bstreebin,76561199267899771
RealmGod,76561198975307783
Brando,76561199126063330
emeraldgamer,76561199871383948
Krampuseve,76561199245992383
danielatolov,76561199867559166
moyu82,76561197974613440
ProtoEx,76561198372585806
A-Train,76561198002042029
Kittygamer123,76561198283785882
geoffreyrohrbach,76561199487340283
lvowell711,76561199260741465
cshere,76561199884101510
Степа Яблоков,76561199136180672
~ Yakim ~,76561198170050209
SpikeNoob,76561199235302199
Kreeziel,76561198165825391
claireoff,76561199741846971
Twinkie<3,76561199125442580
pablopoop89,76561199531935284
Mr_boom231,76561199132447068
GrackleCrow,76561199686660681
AutoloaderBMP,76561199196528888
lchandler1420,76561199804496732
remy.alexander07,76561199878958965
Protogen_3,76561198302399941
nowaynoway♡👑,76561198853283186
_Abamka_,76561199503183316
steadyninja,76561199229570757
Rennid,76561198235360412
jannis.bart.1991,76561199541743227
jtibbs23,76561198360220016
et201324,76561199666448235
cry1arloll,76561198175901221
winencheez,76561198351155971
qwerty,76561198863031380
В.С.Г,76561199638277117
AGENTGABENA,76561199107273683
[izi]Krug1yash0k,76561199484685707
Irishman =),76561199490596603
BlackD,76561198415071406
Muscovite,76561199112376129
w1ck,76561199081536721
Medimedi1313,76561198866249215
racer,76561199387207914
Ramps,76561198024410176
KOPEIKA,76561199675432304
Johnredcar36,76561198323167268
DoctotIceStorm2,76561199443203241
brunozieciak10,76561199498189813
lyndamarieowen,76561199058026456
judbrogdo25,76561199863807913
Onatic,76561198976746186
Mr_Guy,76561199818909604
Aralin,76561198154214596
КЫР КЫШКА,76561198019374225
lobergster,76561199535723874
derranross,76561199482495480
NoLimitVortex,76561199633790360
chriswinsalot19,76561199573208319
apic40,76561199428661939
elraygravy,76561199453780189
A_SINISTER_MR,76561198438515906
Tank,76561198557035067
Benfucksmunoz,76561199215385925
BlockCrusher8k,76561197973437969
UncleSam_1776,76561199455906474
red_sloth YT REAL,76561199384336057
amwegc,76561198230997528
storm_chaser,76561199787999373
NotHuman,76561199376871009
Thunder Squadron,76561198111384491
stormblade,76561197990649886
ROOMBAA,76561199105249586
Terrordaktl,76561198030734560
Shoretrooper,76561199123192270
kduodu323,76561199491914179
alexander201990,76561198247354556
OhioCapybara730,76561199876397223
LJF,76561198857753446
formlessboss69,76561199843880820
OppenDowsky,76561199198140888
Elidoodman,76561199797516145
tgomez8888,76561198157893790
jaycebfarrar,76561199873325224
mattowen04,76561199586594731
oliver.t.geoz,76561199267521886
IS-3,76561198160511748
crouchjason,76561199811546113
madness7337,76561198040108290
Axolia,76561199079476302
Dantzler202,76561199132984779
warwolves,76561199416387946
zack.ratner-miller,76561199545082361
Box,76561199229776956
Wordly-airway17,76561199699656289
Blame!,76561198984614367
Average Halo Mod,76561199521498225
bzielinski81,76561198176736421
Iota Sow,76561198435818961
grilledmacandcez,76561199454986663
deadeye,76561199085898471
kuro_nekomimi,76561198009486140
Эльтара,76561198171396638
oblea2010,76561199430664222
YourFavoriteCracker,76561199185446312
Grantbybee22,76561199063034700
hold7100,76561198981674901
Wolfmanlover,76561199388624185
ImRollingWithTanks,76561198969364696
temDylan,76561198418318644
Kamikadze,76561198917466139
Dizzy,76561199418823187
OnxyOwl,76561199023082880
277,76561199811193175
kentohun0,76561199565299734
Buster,76561199233578745
qlalemar,76561198159936507
Wierdkid1234,76561198420153649
Darknclaw,76561198168163706
Cheeky_US,76561198137210007
MGE MAKCIM,76561199475653913
friendlykenny08,76561199146803163
Humbled,76561199765722095
D Piddy,76561199080837074
BaathStalin937261638,76561199273927533
Muichiro,76561199688611639
acepilot6535,76561199037042737
Pretend,76561198292613951
Carcus,76561197963834654
Dorex,76561198871019070
AngularPlains40,76561199112634139
Бизе,76561199561697472
Gesintojas,76561199461055347
EGORKA,76561199796198444
Хайда Сардор,76561199021862677
𖣐ꚠ𖣠𖢉𖤢𖦪 ꔪ𖣠,76561197995547501
vivir,76561199104898824
Dumbo,76561199249228104
Somesz,76561197999813772
your mom,76561199240278126
Jbone,76561199561190632
helmermt,76561199629313890
sallyaspinks,76561199749620647
Ol1x,76561198841885011
why does technology ,76561199074892873
Mr.Dubrovsky,76561199126581130
waj200,76561197998568825
Ya_gor,76561199199385714
Jupo,76561198930581540
ProfessionalPotatoPe,76561198045548238
Isle Of Man,76561199467831995
CMDR Dozer2146,76561199106261559
Mikey,76561199796936139
deacisthebest,76561199346874886
clarkfam74,76561199438410908
andreinfp,76561198181749633
edspinheiro,76561199429696539
ungraved,76561199379669768
H0R1T0N,76561199168694528
tkia888777,76561199705596625
buddy,76561198869555644
Dadywaddy,76561199376317712
ChaseChex,76561199806919483
oorreeoosilly,76561199784227468
jkroh1,76561199526316978
saab.last,76561199441901226
𒂝/~ Paperbowll ~\\𒂝,76561199156724268
idkvirturalreality,76561199702939705
Lucas,76561199584182856
Wyatt,76561198989062867
Tristanmori2,76561199480684912
Roglar2,76561199092099650
AKAImasurvivor,76561199279871847
BoSSMan71,76561198996303651
Jimmon Arbmab,76561199590887779
Getoofed0190,76561199645077450
TheBeanKid,76561199530529889
Vault-Tec,76561199085346460
Mr. Epic,76561199424424724
DriftKing32,76561199884183797
MAD MAX,76561199553109850
war cat,76561198852616802
Silas is potato 600 ,76561199468201689
Blitz,76561199825056394
AshFrags,76561199178521043
FunBananaBoi15,76561199040511896
Beekeeper,76561199389882080
obiemouser,76561198056209588
redtailfighters,76561199476908316
половой гигант,76561199781524798
ryderjfults,76561199277346814
Тайно Дёрунл,76561199766313658
UncookedToast64,76561198367849789
justin2014ep,76561199811387691
ChaosCreator18,76561199122136566
DrPorpus,76561198090566324
sgt. husky,76561199485561634
k3wheat,76561199499351386
imsickofyou21,76561198821171258
Maishund,76561198324483719
Beekrazy,76561198312222696
Pink,76561199841655728
blue boy,76561199701432811
bennett.shrider,76561199628299887
ALLO,76561199454800766
cman61411,76561199599927300
gatorgamming,76561199525931588
Nexgengamr01,76561199204593708
a violent brick of b,76561199445409237
Aimec,76561197992350546
Dirtball,76561198319987144
blackcat101,76561199810449798
Rychu Gośliński,76561199032170453
gamerboy0529,76561199156853370
scarey39560,76561198844311208
landonr73,76561198401853631
BJE,76561198975771366
King Jon,76561199465556947
101search,76561198946363240
silasmabilas,76561199651303138
shoyko98,76561199186108953
qbeestark103,76561199698743477
mshann,76561198038702870
benjamingeorgeland,76561199675894685
Fatty,76561198363414407
sir_budley,76561199442330238
Hamz_Fast,76561199511591273
KaiserFriedPotato,76561199522322096
Mr. French_beans,76561199629594768
CoolBeans747,76561199798945701
coopermarcus0302,76561199833635564
Fury Insidious,76561199280910108
BAUMER,76561197971535899
[LOS] ByLeanT,76561199806354057
werti,76561199866944201
BIBA,76561199210553923
Aviationist 101,76561198802193738
rick.01.ortiz,76561199034649549
MilkGod,76561199681101638
Litteducks,76561199539086399
gary.chinn the first,76561199122029069
47,76561199665971707
SHENEN,76561199522523057
Liawynn0529,76561198432786282
ProximityChat,76561198845290325
nawarlock,76561199759131148
chubbs256,76561198437856401
Chasezilla,76561199055992606
RenegadeRon458,76561199571574881
alexnjoum,76561199477382812
SpookyGhost,76561199465910109
lies,76561199454109084
daredevl12,76561198878059062
HubterChan,76561199211649176
Chicha7671,76561199519227042
LLD,76561199661596970
боря_про,76561199511112337
taddel,76561199088902666
almostbetter,76561199692229207
Billy,76561199230350887
mika.p171117,76561199813399032
PAVUK,76561198983733054
PLthunder,76561198859071175
󠁳Obliteration,76561198933802731
observant,76561198920369711
tomekdwornik46,76561199857648062
izzyjack09,76561199118519506
cesarcarreras20,76561198877545023
agdent06,76561199564838773
kolomiecr66,76561199698992449
fingerfish2,76561199091942119
vadimsimullin41,76561199498343816
xmarks72,76561199557259061
daumid_sho,76561199178412274
RyuRank,76561198886902801
QIUFENG-OFFICIAL,76561199094926242
SpaceyChip,76561199146353222
Klerklyn,76561199203449823
kevin.duffy1980,76561199095816926
aim_assist,76561199069338056
B3NC4NDY,76561199240341844
GingerCat,76561199619949073
BL0X,76561199505159395
Cake9246,76561199744626717
Meeooww,76561199073471702
hedgehogman0311,76561199111004596
fizzyducks,76561199405935114
DinoVortex,76561199766774071
joseph65julian,76561199764902661
Dogtags,76561198035725618
Humanoid,76561199228559602
gregpine52,76561199156486759
Whatsthat,76561198208876972
Ackker,76561198811818706
richiecrim79,76561199537377059
garrettisfast,76561199528616934
PWRJaybin,76561199466240300
no_soap_here,76561199003865153
jrdragster64,76561199810736480
T00MUCHDRFTIN,76561199382706240
Fatal Error GT,76561199039151639
futokrin86,76561199208813341
Legokungfu,76561199058756183
Ted,76561199204228037
robskywalker,76561198857990058
Volkswagen Corrado,76561198989904928
Stevil,76561198030966574
metalmanzach,76561199193789162
Northerner Transport,76561198370547996
richiecrim,76561199199798562
dzcakes,76561199078603477
Bowwar871,76561199644155890
пупсик,76561199525363111
lights,76561199861728281
Arthur Ford,76561199016189551
latex glove,76561199216699413
TuxedoPickle,76561199091808676
Paint1032,76561199045440282
Sharkii,76561199071536818
AquaCookie,76561199073073752
David082009,76561199191357112
Snallygaster,76561199095004780
ItzDudaBruda,76561199000295430
Blizhni Bill,76561198374596272
TruckerBob,76561199014638985
oliverkleemeier,76561198997067148
Winston,76561199838884365
OpOwen,76561199100692688
NoOne2.0,76561199528343814
elevator operator,76561199705715260
ДимонCh1k,76561198893194788
HDT2030,76561199249976947
grochówka,76561199144134391
grandmaster1,76561199218438078
Землеройка,76561199230370460
Chameleon,76561199125300890
Johnald Helldriver,76561199384253599
dlandon370,76561199871631194
nikkoart0,76561199839397725
rizzzzzzzzzzzzzzzzz,76561199848177983
chickenwing_504,76561199095325145
SeaChelle313,76561199853485638
Sauce,76561198158988211
Ghorn L2 Reborn,76561198056547146
SHPEAK,76561199027304174
payonk1,76561198332546315
276,76561199379948909
Auroxant,76561199213158839
kollyxu,76561199144179136
Central Of Georgia F,76561199147321824
levpetrosan8,76561199871465374
IG-88,76561197998211598
шапокляк,76561199641973054
k9joboof,76561199811881284
KL_9191,76561199166443467
=Hadron=,76561198860526747
ZakAnimates,76561199067498625
malea.mcclean,76561198372322195
volcano344111,76561199812656003
lord-M,76561199101247003
NAZIKTAZIK,76561199237666731
Gigachad,76561199807180367
joshiefoster,76561199662515438
гарик харламов,76561199829336021
JJshoe,76561198211667356
SlutBot,76561199722088981
Bert_Avo,76561199651543475
inibenji,76561199255984137
filebanr,76561199660326670
Celcler,76561199070177457
hectoraki_9,76561199216609284
fedor_nl,76561199794830330
Muammar Al-Gaddafi,76561198957559417
Роман-Никитен,76561199193426070
thirnksewk,76561199582040482
racecar1481,76561199085331308
mgw172,76561199070506936
djc15214,76561199531820175
KamiloK,76561199085298112
kieranadams2020,76561199096481860
nick,76561197961890397
1635ty2005,76561199829099995
GamerchrisYT,76561198345502075
Grz-,76561198163292768
Dolev4,76561198414354518
slasher564,76561199752520288
el perro negro,76561198111629334
bismark21758,76561199845711312
mithrandir35,76561197972295353
sarah.toor,76561199760577581
fredrick,76561198974710949
Zulazeeda,76561198200401835
clicked,76561199205941080
josedr23,76561199734444350
wavedrop,76561198381035010
RayzGround,76561199571745349
liz.rowley,76561199516873773
nd052,76561199842645716
CatLover2500,76561198847678441
soggytaco,76561199027070920
willclub,76561199124921342
Silentstroker,76561199365481509
ely.k,76561199580331730
markkle,76561199021225349
davidjhorton,76561199502801617
mjchewski,76561199058571937
Sharkbait,76561198029021124
regluv321,76561199641926952
xxx,76561199103693819
whippy_fire7,76561199565719408
Eslovack,76561199260674125
gamingfool1396,76561199589410663
an buaineoir casúir ,76561199588763328
Phantom Skull,76561199122061387
M1911A1 Oversize®,76561199231267977
Taboma22,76561199529175165
josephkbingham,76561199443471782
Chango_Boy_11,76561199251558651
Pickle,76561199208824238
Adamracecars,76561199659524193
BnBGobo99,76561198131010510
TheMegaByte,76561199003216572
пердящий чакчак,76561198802101984
komaruss,76561199044503767
benndinsmore,76561199629909491
giovanaburgess,76561199064835283
jemarkus,76561198228742996
emersonwachter,76561199656222644
MightyViper734,76561199835387740
Lunesta23,76561198045070472
aard228,76561199134473331
austinknoxmcc,76561199840214005
fa1ny,76561199688859409
bobozhir2004,76561199232919529
Akizek,76561199646522500
GeoTheChico,76561199647917791
Supersmurf82,76561199157159965
Molnek,76561198961513628
bluebright,76561199209513166
EctoEman,76561199016373880
Dynozシ,76561199177828697
JCL,76561198238268162
zootrain13gfd,76561199527195739
pugdog0,76561197990838484
EasternSpore556,76561199782950101
timmett86,76561199475415787
danielmotalozeta,76561199521524889
alexzander the great,76561199830420264
ryder6xx,76561199017341861
Hot Dog,76561199453392317
onyour682,76561198925098376
codes,76561198970097107
sussyboi334,76561198808141279
endinginangels,76561199076501184
Kradien,76561198238520180
Duelist9,76561198881479633
AXES,76561198916865928
motherfukcerss,76561199804983515
KΛZΣKIƬΛ,76561198977074650
Muderst |Ham Mafia|,76561199775735513
Infinite-J,76561199143225542
Snx,76561199126654086
blpalmer,76561198357358216
IDontKnow,76561198986767547
Eyeman,76561198205414021
pjbaca4,76561198153741684
Woolker86,76561199129053635
Mar1234,76561199228105645
ластик,76561199127762161
Сбербанк,76561198337659313
andrysdw,76561198866502113
boata164,76561199800125058
Kanyeezy2024,76561198275778093
OneEyedKing,76561199856593483
panovlesa91,76561199819077650
Данил в 40,76561199218009492
joel6903,76561199143400506
Дикий кабанчик,76561199549242515
tomajz01,76561199811918529
Mrlobster,76561199736472290
Artoreeius,76561199485410908
himbo,76561198335755329
EGorдядя,76561199434192396
Vegas,76561199040728274
The Real Heavy,76561199512415410
ajrichardson2022,76561199590054284
Uzi Doorman,76561199211344099
yuvelirich,76561199675167460
andrew0tod,76561199140862876
abdulbasitarshad08,76561199511976974
AJ,76561198449056456
TheHoneyPop,76561199179050409
DaRaRa333,76561198977731110
SUP3RPANINI,76561198972002949
honacc,76561198047101458
Aaron,76561198354624270
(S66)-JAX_TC,76561199229547041
t1z,76561199161987878
dadonkey10,76561199161052996
MikolajTu,76561198118797818
turtl3,76561199277725385
apeninja732,76561199532175835
damian142024,76561199628094758
Luft,76561199050063192
your_werid,76561199630091883
jenkim1125,76561199065215561
Bobby Bananas,76561198066929418
DFS BURGER,76561199630423132
Billy BOB,76561199015906529
HAL9000,76561198022713963
mike,76561198370236289
jimmycurtsinger3,76561199883241829
murdockj733,76561199433454463
theluedtkefam,76561199753285117
Noahjc03,76561198031676303
ronw819,76561198031536381
Burnt_Bagel1122,76561199639044989
Mr_Wierd10,76561199009566297
GensSM,76561199579779017
Roxet,76561198117119848
Kanye West,76561199016578664
DINKS,76561199049077194
kaij2612,76561199846334497
jafet_329,76561198987704478
FUJI,76561199812299241
zxgosselin,76561198294248590
davipereiramartins46,76561199688465326
zanefrost,76561198058070552
BonnieStarMations,76561199629058379
mr.dawsey87,76561198888538360
cptforge.gil,76561199555147710
joeyleg21,76561199122236779
r.lewandowski.1990,76561199383878265
TrueSledgehammerianP,76561198958930177
TheGoldenGlizzy,76561199109629191
jeneconner,76561199862778178
PanzerKampfwagenV,76561199022783776
черепок,76561199572889492
fischi,76561199138251183
ranskid2016,76561199181286734
TTARM,76561198894125974
captain12610,76561199051989272
Mr.zman,76561199042144804
frog overlord,76561199001055630
geanederodrigues,76561199799731201
coashlaug,76561199122500274
logan,76561199278300403
Farmer Dan,76561199107995036
charic,76561199541748027
cak,76561198874168671
Delta-04,76561199807900609
thugin,76561199452347712
sobanski16,76561199406241694
RENTMONEY,76561199187366078
Dog,76561199012260959
Nonkar,76561198239350442
BrushFire,76561199157964798
nugbolz,76561198447627769
itsnotsebastian16,76561199885522676
joshnmarcoe,76561199259253728
whatwhosthis94,76561199806192686
swuhga,76561198817999996
loganbarney55,76561199860400868
bro1baby,76561199131684346
Dizwesdy,76561199086768480
S0ULS,76561199465624468
southwicks2011,76561199213283329
wayers50,76561198193140469
Karatelhevik228,76561199759035792
GRANOLAHATERS,76561199230586227
Nico.1661,76561199158469232
kappanc1997,76561199880825125
littlefeli10,76561199445484358
Not Online,76561199564135110
Scout0890,76561199810581003
stilltrucker,76561199880683488
kingofinfinity6666,76561199490496648
lucces,76561199683725871
MrGiggly,76561199813043589
linda20080309,76561199619028700
geoperti5589,76561199777706185
mnypl,76561198038929545
ffddx,76561198801010292
1273830373,76561199805976188
🔥 zykari 🔥,76561198823054481
antibiotic221786,76561199679096081
ббройлер,76561199202804425
alexaace1979,76561199379993522
❤DSH❤Meister❤,76561198232902028
ianmichmartinez,76561199013148929
KLM1001,76561199081818522
i47490025,76561199838528492
yarichek,76561199815947545
woomy,76561198146615317
FIS_placemann,76561199656441694
Tobsman,76561197983817587
nicholasbeesbees,76561199811205682
mohammadnazrik,76561199217101815
kw3zz,76561199630490196
Im_cat,76561199704981238
crista2,76561199049406911
plewk123789,76561199544233349
Mrs_Blackbeard,76561198943581750
hulk_WD,76561199202408642
equalfish2.0,76561199810972151
AdrianoANQ,76561198128571717
mmaller,76561199581340631
𝕾𝖙𝖚𝖗𝖒𝕽𝖊𝖇,76561199685930907
br1ckman 8884,76561199624043672
welpthomas1,76561199690256094
McPanda,76561199499240060
FusedFrancium,76561199055571625
princejason8011,76561198426306208
V1KYF,76561199228895656
TTV_youmadlol,76561199465203193
Dave Cumstain,76561199470791226
KayJayNinja,76561198060685792
mengyunutada,76561198021298262
Seckrooten,76561198985584078
hiroxbird,76561199881122490
MAX0418,76561199645037567
Texno_lis,76561199106078214
splucker,76561198859878729
glbougie,76561199720526313
Spy,76561198978056407
Destructor,76561198831249272
carcar2020,76561199126707344
noahcarreno42,76561199765863575
ryan army,76561199575674814
happywangood,76561198382262594
Raincellz,76561199511628128
Little_Fire1234,76561198007947966
caveiraojuz,76561199507352176
speedyoffroader,76561199671647069
GrayZen2u,76561199147120193
Kylo-Dad17,76561199851564016
Doookiez_Cool,76561199219054801
Bobo,76561199679996877
Thales14K,76561199885291957
aheasley1106,76561199798967911
yitto448,76561199141335688
hallscharlie23,76561198966876563
jasonhetherington,76561199564602066
shinydome19,76561198365630015
SD Trains,76561198880510077
restarted,76561199087595497
Simoncutie,76561199148145370
ecg33111,76561199874921724
liamlich2011,76561199219172972
Prasmaters,76561199202420055
gvozd34tg,76561199257734366
Digital Bean,76561199360320294
luis40ak,76561198287178287
ciarlegliojavan,76561199557659927
JaderAssis,76561198027892018
whi44741,76561199639257813
rihaansworld,76561199841213330
Areospire,76561199666737163
pkshoots,76561199527933312
malpishawn9,76561199294396680
waldekyo,76561199552669540
Mr.maxwell,76561199243264157
Swiss Cheese,76561199045081534
Gordon Freeman,76561199757647627
The False Son,76561198280142393
choochooalex,76561198401274248
000064tim,76561199259792854
larndornhehe,76561199456359951
natanjankowski,76561199676727109
mad_man,76561199467343258
ozi,76561199235805587
jb,76561198289208857
Baneo,76561198808004159
Agent Space Cop,76561198370087581
nicklas,76561198271690719
henlo,76561198263434895
AlexTheBoss,76561199206779022
joespears33,76561198181843473
mikeypeyton12,76561199884987238
Mr. 3̙́2̥͛4̯́̐,76561199586894267
spookston,76561199465752245
qdflynn26,76561199502060911
Awesome,76561198148581686
王建国明远,76561199157038229
lmaoal,76561199545737008
Wescoolya,76561198363000689
turbobaconbitspro,76561199644110582
Ignaruss,76561199121632578
wbillybob,76561199589246218
dimavintajkin2,76561199787244749
BOWEN HEIDERN,76561198113829405
MEMEMAN2085,76561199675094685
Raptor,76561199209796208
умом,76561199482677455
Alexander I,76561199487692107
GunnarTheFeisty,76561198080500059
Lev_Saimon,76561199697427453
LLukz,76561199596576258
kailukas353,76561199803391629
Calaveylon Kwai,76561198832262289
melsky01,76561199817333526
Kapycta.10,76561199571581716
killershotput,76561198013891983
dadm.x,76561199280714061
Nanchi,76561198878558275
ANGEL,76561199830414054
BazarVokzal,76561198817702469
ＬＩＶＥＲ,76561199309198398
SmittenFirey77,76561198339076858
sai SPLINTER,76561198258500164
in_debt_meerkat,76561199554814137
Hutsul_337,76561199577596419
N_The_Drone,76561199109467021
krigokokoloko,76561199161875219
shbgggksks,76561199873822082
zgierzak,76561198085677583
wojtasrura,76561198018702163
егор228 про,76561199181273661
[QRG] Why& BroRust,76561199549441182
ashley.fleming82,76561199564627059
ezgutzman,76561199872910956
Зинаида рынок,76561199239503389
rfunck77,76561199261674206
SHYGUYBRO,76561199588473491
itz_raining_fig_bars,76561199636177394
psychoduck2023,76561199574098090
dcauceglia,76561199591917050
askdoherty,76561199808058263
kurt.ford,76561199192732682
wend0130,76561198361473179
ad.ed,76561198417801954
celesteb,76561198407555082
sirfluffhat,76561199444695798
taz0447,76561199229428937
GalaxyFrog77,76561199421919513
Donut,76561199069813592
Thatonekidvr,76561199122183601
Derexmoo,76561199814888931
Tactical Rat,76561198049214080
Тедди,76561199107635355
LIL_Houdini,76561199061391333
rritaisthe1,76561199333544647
S t e v e V l a d,76561199071757338
NumberBoss921,76561199665476498
generic turquoise pr,76561199225394041
jasonflynn222,76561199092112649
Luluzulu220212,76561199810335088
Kolchak,76561198121277841
Nate,76561199012838655
CrashTRC28,76561199579713505
DogeMan_35,76561199789569793
Kinger,76561199196763797
Phant0m,76561198950168904
bob44,76561198831284098
lsingletary40,76561199662131153
Ninja Wizard 3000,76561199060422954
Bean_Boozled,76561199212304872
The great Alex,76561198403552173
TAZ,76561199181078155
BoxOfFox,76561199192707818
outsideAgameR,76561199259214892
manfisher,76561199178455062
МАКСИМБЕК НИГЕРБ,76561199549949641
Godprocraft06,76561199838597041
noobcgws,76561199882232960
NIGHTarWOLF,76561199518164591
๋,76561198852522432
Unkown_freak,76561199039640757
Советский ПХ,76561199525195510
FISH,76561198859967885
zekewz,76561199653313937
The Goon Meister,76561199200987449
Sunblast,76561199233626434
Zander80,76561199440817074
JosiahG,76561199196442162
~||L1ghtSp33d||~,76561199111681322
The demolition,76561199590349488
rwiningarjr1122,76561199527632581
fardnuggetman,76561199122227948
NuggieTheDuck,76561198454265237
TristanPlayz,76561198102673954
Tim Simpson,76561198354806125
mmi.76,76561199862328269
Joy,76561197992692447
p0sixmac,76561198149007267
egor.d.kulakov,76561199180621009
JAND,76561199330909466
deadyleon,76561199822633490
FAQ U,76561199772228160
Студент доты,76561199813867621
Notim Portant,76561199100359035
subintesthong,76561198973509461
willhughes2208,76561199762930502
katarzynakopanska,76561199226157173
robertx0618,76561199498589687
igorzakabluk,76561199054064483
bisaac,76561198453531675
accent090,76561198133037558
young,76561199619019754
cigoe,76561199840094565
celestash,76561199688488091
A.H1tler,76561198971408895
bonniedavidek,76561199685550106
dill.clark,76561199815639240
Sanskill87,76561198900989904
Caravana,76561199008260806
fcffsean,76561199800274322
jsisler81,76561199784086709
InValid,76561199548597820
elijahw333,76561199229454449
corbin.a.lewis,76561199529650718
coolpotatoe724,76561199085534410
Mouse,76561199118458104
ElectricalJosephine,76561198175769943
GOTLIMO,76561199174161808
Aikenizer,76561197993918098
concessionsclarence1,76561199829624793
minigunner gaming,76561199626747349
MaDmAdViNcE,76561199010891279
popcorn6868,76561199849356718
Pz.Kpfw. VI Ausf. B ,76561199179189896
1Buffalo1,76561199614390605
LBlair1,76561198426709734
ThePurgeMan,76561198353906976
s.h.a.d.o.w,76561199174132606
vanboss_88,76561199486558281
judsonbeals,76561198271658656
Василич бензопил,76561199438591872
memfig029,76561199536927740
ChknPatySanwch2,76561199764132279
GamerTactics412,76561199447229649
Karl Stanwich,76561198067371274
IAMTHEGLAIVELORD,76561199070150412
SmoothGalaxy123,76561199066634191
E man,76561199104675746
Random_dude,76561199862344995
Delta,76561199626172449
Egoriiiio,76561198864896180
TheGamer1st,76561199123378958
NotARedStar,76561199726443663
TicTac2482,76561199593247441
elroibelroi2002,76561199752716622
sebastianzubietamanz,76561199258118309
shaunda2bobby,76561199051537731
ACE-OF-SPADES,76561199122207313
wbamford39,76561199261606336
MrOwl2_0,76561199070964545
Average Pyro Main,76561199817381943
Gefaver,76561199761597827
AntiNegativ,76561198802932887
scotty26105,76561199559849097
furo,76561198369256754
olgasafak1986,76561199122165548
GriGrish,76561199871998892
тубуретка,76561199127767555
Shh! Jkomess,76561199140955620
Special_Ed69,76561199469850000
mauricio.td0013,76561199525672499
bnr gaming,76561199056761502
Nom du profil,76561198180687191
totalnirvana17,76561198007713075
Guardian208,76561199382427045
AtFoRm ,76561199157925451
Bigwillyplazz,76561199013025066
БлэкПапашо,76561199807380411
F13,76561199352162347
leelee.sl14,76561199843653700
applejackhicks,76561199446684834
D4Ny,76561198074158580
Micro,76561199088552363
simas,76561198252462648
Dudel_Nudel,76561198304746885
DombusterNozza,76561198953112623
cb,76561198346750430
HelloThereGrievous,76561199873371968
Cypher,76561198930594967
悠哈是你,76561198863045973
jacob.s.rose,76561199585700873
LittleFrosty,76561199556671872
jololink,76561199275472098
CrazedCanuk617,76561199491480587
Alexon360,76561199762997582
The Side Character,76561198886536548
KaKou_To_4eJI,76561199223836747
burgermeen,76561199379149080
yab11,76561199004378402
DuckingFouchebag,76561199242323718
ALAN,76561199207694819
IChugPeptoBismol(ILi,76561199083990505
Carpier,76561199074688307
mason,76561199811101625
BubsTheBear13,76561199202684524
ninjazu ◥▶ . ◀◤,76561199819766014
MaxwellCBunz,76561199466608469
pakulamilosz112,76561199706368445
poppa-p75,76561199805062633
Raiinziger,76561199272491281
Spudlet2013,76561199074240303
Hunterloganwolf,76561199498767089
dogsforlife,76561199405897173
Angelspec,76561197973202794
LightlyToasted,76561197970796725
Calvin loves trains,76561199396115832
enzofassbinder7,76561199812411281
wyattjgarrison,76561199700322016
BroozerCruiser,76561198941502714
lethalcomp,76561199442135769
frigbit,76561198970134013
AngryC0rvax,76561198065663428
Mountain Dew,76561199126087465
CyannaBelle,76561199122061348
ShadowsGaming,76561199500312143
McLaren Marlboro,76561199513857063
zazawoods302,76561199685944927
Casteroid,76561199079485783
UwUmaster,76561199013051473
logapar3,76561199058963432
Rayanahmedtube,76561199000766733
ZzNeronchikzZ,76561199477964708
haydenklaassen53,76561199579077856
Elixy,76561199031827364
bismarky,76561199301224279
Steak Sauce,76561199025167360
eminer3033,76561199202304933
Marcys-mareep,76561199146817374
SkullCrusherBL,76561198857801253
Frasier,76561199556700481
Арнольд Мефедрони,76561198377532681
true aryan,76561199767281043
Вялые_Яйца,76561198972126494
tuvfloz,76561199394848737
StrayPupdog,76561198382688846
z_naughton,76561199758879930
Nummerolipolo,76561199064887572
Donnertornado,76561199118330997
ngreynolds2011,76561199275972699
EthanWesu,76561199657710091
kenny,76561199588718592
OvaAlpha,76561199156357531
extremetile,76561199757445379
wyattsakai,76561199815271124
pom,76561199068447923
chueco perez,76561199500783107
Babygrinch,76561199530862844
Setvalley,76561199124913283
dragimusprime115,76561199085668824
FlamingRCCars,76561198257889098
arobotdalboephh,76561199794673553
PMC Wagner Group,76561199216075905
(casen),76561199307060208
toyota4lyfe,76561198386592564
SranieWbanie333,76561199209731988
serega1899,76561199834960232
ghost,76561199470286128
Merry Christmas,76561199842834991
SHEEESHHH,76561198880726269
опездал,76561198317711302
DaRoWA,76561198820228428
cyrusdavirus,76561197984327267
janczukowskikonrad,76561199754088007
𝔖𝔭𝔢𝔫𝔠𝔢𝔯,76561199207600116
Camen,76561199289563716
Министр минетов,76561199408806321
xidO vcs2.ru,76561199814133629
dmetzgen,76561198345373306
TulaneG59,76561199544875446
Petrus,76561198972190429
КрасЫвый дЭвочка,76561198168137719
IBCHIPS,76561198330159792
Air Wolf,76561199808544186
Crack3d,76561199742955250
Luke157,76561198074209172
sethwells361,76561199466571681
zanderman014,76561199249730083
rain_on_144HZ,76561199573407048
BFALH,76561199879378702
Mrmunchyolly,76561198285338202
2manygoods,76561199584128711
michd912,76561199250872421
jamal,76561199492501138
34manjo,76561199813570850
Cool__gamer__200,76561199463839066
syzizibe,76561199618514747
ACE,76561198351641228
MIHA,76561198174410403
carzuki2,76561199010178978
jentanzi,76561198982197692
Buckshotbarden,76561199624374477
FirePunch,76561199471596800
No glyphid,76561198870616111
BloxGoneCrazy,76561199226646802
voibster,76561198165513673
ethanm10293,76561199202479737
Ross The Boss,76561199513249309
Spinning_dog,76561198391323995
lisandro.checo,76561199544423321
archziggy13,76561199133068305
ThatSpaceBoy,76561199567153874
ahsanul1,76561199066105266
The British Grenadie,76561199242848345
lukusscarrow5,76561199806876610
Freakyfish,76561199486636527
Archirola,76561199228649261
benny.2025,76561199365969560
doon1123,76561199851171836
gabicca99,76561199057601645
Source404,76561198441193262
shepeepee,76561198980540594
Ertuj,76561199024574761
MischievousToasterin,76561199122485902
lampaz2014,76561199812125888
sammytrains,76561199438998160
LS86,76561198878821103
Epsilon-6,76561199110808504
dbloss,76561199182581388
Олег монгол,76561199487095800
defthanter,76561199284071215
siddonstj,76561199761274508
Tarkov,76561199189047638
HouseOfFlies†,76561199004399180
Acutasai,76561199255718926
H377,76561198875341392
predsfan2,76561198993987814
Eggcrypted,76561199820112969
DieselHK416D,76561199676801308
Whiteouter,76561199812107593
Errgterfisch69,76561199384928278
kasced30,76561199083577987
KingKoopaJr622,76561199067661278
HayOs_InVeStOr,76561199828513640
The Hunter Orion,76561199246280840
Higuruma,76561199845662047
newbiebeastispro,76561198805868900
MRFJORD,76561199184611711
Artyom,76561198895001258
IMfast420,76561197992385858
godzilla 2021,76561198815401892
Nx_777,76561198171017421
PotFork,76561198070523801
avg pug,76561199465981966
rekinek,76561199531757152
Изумрудный ящер,76561199246135854
Deaxh,76561199199152936
jaynitrox6,76561199434091626
oma140766,76561199759615023
bobr228000,76561199803453748
耄耋258,76561199261711582
syabilsafuan,76561199081042536
\\\\7\\\\[HGH]//7//,76561199754624851
benjaminparfitt,76561199785483620
eldiajani,76561199841572371
🤫😎UNB😎🤫,76561199224339178
Пес Патрон,76561199153706195
Jester4962,76561199455778050
guberhedden12,76561199885159347
CRC2448,76561198924092311
JaxonBro5612,76561199266518609
dan11zz,76561199157202068
Pálinka,76561199121640849
Michael Jackson,76561199610701884
Melon,76561199816458313
PancakeDude,76561199219891614
DrTiggleTip,76561199240002807
drew4467,76561198040430470
ZW Matt,76561199375348916
ct1568,76561198966086161
trainboyTSW,76561199085737146
chaviskelly964,76561199875557351
Ur MOm gai,76561198986119739
Dragon,76561198833970542
Lucas,76561198395198948
Edmo239,76561199749773095
BSD//sam,76561199839569115
CailebsFreight,76561199689257208
foxeeiron,76561199486733166
M4t1.9h,76561199175065839
I Tried atleast,76561199372154290
puszka,76561199066375421
robertsutherland29,76561199378151286
!Yeetmcgee,76561199012121760
Foxy,76561199348321915
simplyshocking,76561199487104939
kornflake78,76561198085615638
GhostGunner0,76561199588851253
blarb\'s brother,76561199650106615
h,76561198982589740
Henryisthebro,76561199133081413
HydraSXF,76561199072266843
Tricky,76561199620308268
iceops,76561199466658110
KAKRIK,76561198887918318
spypickle,76561199014620862
BEXARGAMING,76561199794324403
Wiro,76561199015614485
snowdevil2002,76561198010457876
gigiejacks2023,76561199832948366
Dangerous Chicken,76561198200507681
Garr1son,76561198268976102
Maverick,76561198065140634
dan777williams,76561199589080769
PONNSE177,76561199261501987
Poncho87,76561199396681768
David,76561199166250682
strawberrymilkrocks,76561198819877359
flashx5231,76561199401420506
rjkcurtis,76561199862141799
Komal 💖,76561199155662411
linked,76561197979442194
Lurfnh,76561199376477990
jasheath15,76561199751504945
Siokaraz,76561199152690036
RawdyHawdyDaw,76561198849765103
† 𝕂 ℕ 𝕐 𝔸 Ƶ †,76561199709629475
Галина | SCOPE.GG,76561199576641472
hamrredondo,76561198040053305
MrUltimate_Black_Hol,76561198302597581
Jaesun,76561199797615794
car guy,76561198989234957
xaedree,76561199256245294
Srgt. Nugget,76561199161114511
Bo4ka,76561198095215895
steelers16,76561199528842083
froggy,76561199581060951
kokolok,76561199676600537
Suko,76561198377703862
joko2011747,76561199595683969
WillyACE,76561199096075855
davido2509,76561199266925129
Ω aleph null Ω,76561199118005424
mana.haka,76561198111742264
elisat1971,76561198166689614
pipiski,76561199707358849
Svetzer,76561199142259115
mode: mraZOtaV,76561199026311552
KG-64,76561198827762878
JG TOMATO,76561199074730216
S3boo,76561198055942805
Snack_Jacks,76561198334649441
G11ich,76561199529875623
EgorMetrostroi,76561199140583106
maks_loginov08,76561199396929811
toaster,76561198023033538
JetSpeed FT5,76561199071665475
lvromeo13,76561199700462607
dinosaurcostum,76561199455708779
aHAHAHAHAHAao,76561199275179964
마기,76561199044863416
jogo,76561199130693615
Chugen8,76561199169628253
M4athi1506,76561199523827427
gavin.e.jenkins,76561199454721495
ryantkeith,76561198040300118
Dexter,76561199017752328
Ajay,76561199228152497
Zhmykha,76561199001029814
Agent 3,76561198962974640
Barnoc,76561197991391758
Kingdom Line,76561199484883913
makushimu_42,76561199415574182
ririver,76561199132443106
izaquebears17,76561199854375324
Cdoggington,76561199451794929
AceCrusher,76561199819329547
Squidge,76561199074043719
km.wade8712,76561199756158769
DarkCosmos2864,76561199151279925
guyyug,76561199864042889
wdberry11,76561199594234456
ArToMaN,76561199524692362
Chainsaw,76561199513835983
FBIOpenUp5600,76561199747389733
Mr.Land,76561199453663525
PeytonAvgeekGaming,76561199818877105
rmcavoyhope,76561199863996811
factoring2012,76561198281065565
DOF gamer,76561199217295865
General Doxie1120,76561199200913947
Microsoft Edge,76561199786123452
GiLu,76561198294965933
Хранитель Семени,76561199275052535
EuroNation,76561198080366022
БОБСЯН,76561199170225353
вованполководец,76561199647233465
takumi fujiwara,76561199767396105
random36mv Vii.,76561199186572712
Sm1Le,76561199818928361
VAP proudly sponsore,76561198411777667
ast99,76561199679885134
TrueOmegaWarrior,76561199132652365
Keven,76561198961791162
carriebear82,76561198436420520
kbarbati4,76561199815052085
zuko,76561199512735541
Asgore,76561198012130218
RO29,76561199548204159
tchapek5000,76561199123749789
AFFEKOMMANDO,76561199111282324
mspinkston78,76561199229831925
Caffeinated_Coffee.,76561199301267051
MAVERICK32,76561199438786984
Ryan,76561199037510006
ryanadam15,76561199575862683
mudracer86,76561199810903770
bingandthebong,76561198799177847
snapjaw23,76561199642516235
тутель,76561199389885145
Doctor B Rumson,76561199197645550
belkan74,76561198316669395
Everett,76561199360987020
bubs326,76561199874722885
BOOMNKRED,76561199240227339
nektarinky,76561199641738739
Dimon,76561198052393662
TaiSantana,76561198882284761
комар парижанин,76561198333715421
PILOT XXL уполномоче,76561199816237275
DAREDEVIL,76561199188075486
danielfairmanza,76561199606554270
АДМИРАЛ PIDO9,76561199652213287
нямнямыч1,76561199805786121
чил говновозщик,76561199498050284
lil bean 89,76561198309950236
T707,76561198865464548
󠁳,76561199178764605
тайлер макнаггет,76561199353026620
Jolly Nightingale,76561199447120702
Jolly Nightingale,76561198274739544
American Nightingale,76561199154727020
Jolly Nightingale,76561198218504440
Jolly Nightingale,76561197991116720
Azz,76561198263085936
gregoryian,76561198034424533
jupton0524,76561199817985948
Kona5023,76561199438429341
Bubba1010,76561199210276040
профессионал,76561199638135771
shumanrobert,76561199811657723
spiderman_maks,76561199649362830
dogmafia63,76561198904255078
GET SOME PHELPS,76561198851226591
shenadore,76561199235282477
Dill Pickle,76561199175858866
TheOreoWithin,76561198861614931
danielcaton09,76561199509250026
ArtooDetoa,76561199061032902
HighLandSpring,76561198090440043
mwbzip,76561198385024296
NWC4,76561198146754022
LockheedTGO_YT,76561199001658956
freeoneriver,76561198061201052
crusherzac,76561199116492633
spencerblumenshine,76561199555163029
ans.ism876,76561199806585429
martymcfluxx,76561199242389712
tatordeathtot,76561198315256700
cgunnb,76561199390864950
scoobygdun,76561199152965362
Vwaves,76561198401277481
offical.hackjacked69,76561199773933288
Kriegslöffel,76561199587635865
Rise,76561198007767499
Rezonans,76561199200772807
hyper x,76561199813708729
mlk123,76561199235812160
andrewsobrum,76561199816640155
kid_behind_you,76561198988488902
onthemicpro,76561199745743801
Everbrown,76561199527554355
BiasForBreakfast,76561198366227371
Fizzycobragaming,76561199199110383
0NESHOTZXS,76561198804699683
carsonlc2017,76561199537074103
Grayavatar2020,76561199027997188
moosemac2018,76561199128459656
Drago,76561198360376646
richspencer69,76561199447275777
CPT CALIGULA,76561197983360500
in2vas4u,76561199875316017
Eitan,76561198179710626
zsu-57-2,76561199201909029
Train Guy,76561198425424123
canllyd,76561199175807253
Kilo_Nova,76561199218977643
eortimar25,76561199812528433
minva228,76561199860573200
ChaosCheeze,76561198032128445
Miku,76561199052506465
ethanmurrilo99,76561199880264129
kinggzachary2009,76561199086613579
Jushy3232,76561198407567026
K@ne,76561198880466550
tea drinker,76561199109936664
CreepingDuck26,76561199864061113
Azz,76561198088209759
War,76561199005128144
Fwang Tiddle,76561199453489764
GalaxyGalaxyYeahYeah,76561198868391248
anyway~lose,76561198446821197
gingerbread_NOOB,76561199455692781
Leviathan,76561198052729696
Crayon,76561199205305668
feish,76561198853694118
Gojira1954,76561199249298189
sniper 2.0,76561198433316374
YellowKnight297,76561199883552241
gulinegor21,76561199787883672
kexiq,76561199104247340
Player1,76561198984027379
artem2792y,76561199759756182
Omatsu,76561198162121876
georgebawab155,76561199401496595
itz horror sans,76561199017092026
Roman pley,76561199222177772
PartaPena,76561199015088303
bcoll281,76561199178907671
WillaMesa,76561199436055265
Silver_Strider,76561199444885935
feitanv,76561198015483399
Henwe,76561198986596671
chum,76561198022010991
lbolwerk89,76561199856314575
mediumraresteak677,76561199594529829
TheRealMoodieFrootie,76561199818568118
нежеланный,76561199619894486
TankManiac,76561199511405450
Vixx,76561198971075130
Tonio,76561198023710462
Theeooshow,76561199078409469
gyrokmkm,76561199522387302
j.ramnarine,76561199228539706
Skyess,76561199229381612
barryb02.bb,76561199811491323
samcat333,76561199202892478
Kar98k,76561199661343600
Kurochi,76561199815639005
dorotashah,76561199313360990
bwarejr27,76561199801094379
JD_INVENCIBLE,76561199751714038
SpaceGoat101,76561199100696014
steve harvey,76561199819773250
AGermanGoose,76561199086484691
chrisireland44,76561198174994222
brianaustin32,76561199672362703
CommanderBrick15,76561199015224524
Egor1312,76561199014608270
Octavo_Piso,76561199853154068
rover,76561198271675882
rockcairn997,76561199246996711
279,76561199196244774
Tfue,76561199804015117
rpreeves,76561199644229139
Cyvicle,76561198013969962
Squilltastic,76561199591158407
olsonboys96,76561198990017447
coweeDAgamer,76561199229574308
just a square™,76561199550327560
William Wallace,76561199006677542
Kss,76561199257633632
mike_nield,76561197972582840
SoapMarco,76561199217030930
bielsimmine,76561199712967418
facebones4151,76561199808140351
Arpeggio,76561197970951618
sdward70,76561198022263014
depre,76561199802592058
jirttthebirtt,76561199043542643
speedracerh,76561197972968023
VICTORDEFEND,76561199593267544
Ash_Kicker,76561199008645070
Phatt_Maun,76561199077738321
kgelinas11,76561199436070818
XFactor,76561198018176796
worms run the planet,76561198880884639
Ricardo,76561199587214588
Spryzenkoopa,76561199568459767
jamagill2014,76561199611260411
dashie,76561199813394834
DarkIce,76561199278573391
BOB,76561199396449938
adrisbosch,76561199196530241
evangelistword,76561199074457712
Greater Houston Rail,76561199134105032
|KOBK| Skull666,76561198272949222
arkin81,76561198037227581
Lemonlime262555,76561199811291350
Gamer_boi,76561199238920457
Halligan Bar,76561198124101064
Vladosul73,76561199401700720
Saze22,76561199404153991
✠Nëät Sqüïrtdëjöür7✠,76561198853378312
Shadow Wizard,76561199111623463
renoswift,76561199502632052
bear,76561198256929582
pop cat,76561199156142538
EnZ,76561198018687607
s1rnik,76561199021549729
LinkyBoyG,76561198817925480
jupraise,76561199056775968
xoxzc25,76561199867082144
1979 Porsche 911 Tur,76561198964915034
Thunder,76561198122448127
rincondelmate.pa,76561199061688436
aiden.morton15,76561199093230315
Perdunchik,76561199039776718
The Tank,76561199333856359
Vibing,76561199252080254
mrburger,76561199014073492
christhonus,76561199487907152
anders.m.mathisen,76561198839967096
jesper.aarseth,76561199158683133
h4r,76561198967776354
25762325,76561199272592744
alex,76561198031488578
Scarface,76561199052504735
DeepSnow,76561199703886457
KATON,76561199143124470
FoxTrot,76561199016169108
mahkamuzokov,76561199543684357
AZFAR GAMING,76561199063528085
aiboyswich,76561198203669144
Zthunda,76561199505945601
CoolCapybara13,76561199430648895
extremechefs,76561199231400911
thatboiseapancake-YT,76561199061312512
jensoosten1890,76561199540316085
obethurem,76561199219200527
RyBotRy7777,76561199138831484
SecretSquirrel,76561198423396940
AutumnDuck1251,76561199130035361
greypeters13,76561199765228910
C00lkidd,76561199577404136
alexmspc15,76561199763757712
ChunkN0ris,76561199211612491
[IX-BRL] Allgad Unio,76561198014386474
HELIMOPP,76561199064336387
Zefiro,76561199627652929
lanlow9665,76561199850212958
tal.albashier,76561199679735080
ghxst,76561199473664650
Femboy gooner,76561199216746784
wizdomcube,76561198043769723
YourFriendlyDumpster,76561199230359711
the guy,76561199834076208
GamerKidEaston,76561199632991401
kelly,76561199372202772
epicpandaburger8,76561199826946466
jrbassman513,76561199051318016
LockItfyre,76561199263609348
what is my name,76561199217648665
GLITCHMOB,76561198860889619
suzannaedens19,76561199812199380
idk,76561199389231380
MrMaple,76561199224320974
michael.lemire1,76561198854776115
Jay2funny,76561199513050854
callum:),76561199445286266
HealTeamSix,76561198016861435
Unlawful IV,76561198370154410
acampini25,76561199641025806
paperjam_dipper,76561199378817767
TheOriginalBlood,76561198875028821
Makima,76561199138133954
illyX,76561199508755970
ylfortner,76561199484835402
cwshults,76561198067299849
межсезонье,76561198815351607
binkus,76561198202778184
Crimzon Wolf,76561198958645366
thatplanet,76561199649472581
Will,76561199133173743
KELKIP13,76561199813033200
cooestpicklehead,76561199048533018
Bobbz,76561199472200891
Klaus.Gallardo0330,76561199073994589
Death_Jester420,76561198968737739
mccol,76561199643769335
Guffak,76561199625312703
gblucher,76561199773521090
Gorchilla,76561199699144330
spocktrek,76561198196011510
Bacon Rain,76561198886184726
Meta Moon Geek Bar P,76561199122955668
Keegsisgaming,76561199216629020
♦♛Ｔａｐ１ｘ♛♦,76561199214289032
Southietheproto,76561198354907677
loganfranklin2007at,76561199849595643
Big_bees,76561198426521323
Dani551CR,76561198407723250
s_skop17,76561199651410932
v75scs,76561198052657842
robynsoffice,76561199405948474
Gramps2oiled,76561199179683560
Xo rioo,76561199864907988
Rise of Kings,76561198305554223
skyrim npc,76561198199443057
XXX,76561199670411070
Lazerr,76561199124060803
John Reed,76561199125958889
Term1n_3X0,76561199690067723
_Bomber091_,76561198997995132
э толсты,76561199476194908
vons1,76561198873710160
Ebra,76561199095721619
daurensss1,76561198031486840
Burg,76561199099681990
wileyscience,76561198963252510
mchuykov15,76561199499301965
Natelious,76561198087641193
eugene,76561199850139514
kapital4,76561199816339277
3do29d,76561199235954859
[cynhunter],76561199019049300
TOI,76561198893466063
Amylou D,76561198884902875
GetPressed,76561198174389558
b717driver,76561199624585691
zombiekileruwu,76561199578063429
Mikedogsizzle,76561199557054418
fuflik844,76561199749172227
taylorqld52,76561199021691557
Cheeto,76561199043758757
joerinfactolerin,76561199649465732
B1NDE,76561199382786577
144th Fighter Wing,76561199218969725
Capibarello Cocosini,76561198997699110
GYSUPUSI,76561199576591721
Alvin The Cripmunk,76561198803442509
B-Z Ultimate,76561199477775022
Zazew_1200,76561199759022751
Rashid,76561198072755846
---,76561199070269190
ZLOI_OBURG,76561198382015182
pablo356,76561199651512968
c0vA,76561199216798697
Polonia,76561199222103991
Dingus,76561199491832362
hula2136,76561199218927641
пиво истребитель,76561199568891095
littlepause,76561199229611464
Sgt_Tibbs,76561198271140012
мертвый анархист,76561199474361252
Villalia·Grayna,76561199223905080
jojoplays106,76561198307537456
Sparsh,76561199453378102
KingLandy11,76561199691216429
Godzilla,76561198830546210
er571,76561198316174186
BatBoyJib,76561198846094100
scarface,76561199811501344
meric359,76561198025014565
wesleychaosfarmboy,76561199064464766
kovel_lukasz,76561199194639432
Grauichkeit,76561199035632362
spoonyhawk39467,76561199103204562
ashtondimock2011,76561199637776011
Breadguy30,76561199829482230
gamerzoid,76561199013146904
marius.vor,76561199222789971
magma adidas,76561199847397262
xeon93.,76561198435329559
beam boy,76561199387643926
Busty,76561198963595475
carzoom6390,76561199162933981
WhiteKing1988,76561199103119157
Bexxon,76561199122637943
Mr.Frosty,76561199472621624
Cannon\\,76561199076334138
MaDino,76561199350933259
Theycalledmoron,76561199018582853
BoydJ,76561199258628178
soten4ik,76561199799993753
KapTa_Maгa3uHa,76561199337323915
sava47,76561198347254656
Lamafun21,76561198993628676
the mighty stick of ,76561199259911182
Riot_WasHere,76561199416888495
Renat,76561199230990844
[NOOK] < blank >,76561199640068044
JoJi,76561198898226787
Bruno2207,76561198376610084
HazardHaze,76561199428741199
the guy,76561199165786643
Xtr3me_rav3n,76561199045865560
Spring_Attack,76561198834284517
pastTense,76561199365876600
Elitelement,76561199193719782
enforcer202,76561199449981589
Kazuki,76561198355162183
tybugcarno41,76561199166007585
masonjmweber,76561199465717370
furer_ss,76561199870582733
Antman,76561199016990932
wiled420,76561199822569441
Cyclone,76561199122284572
Darknoon8119,76561198387134805
im washed,76561199750389299
moop,76561199365763155
TheexplorersnAZ,76561199223783262
sisyphus prime,76561199615567538
Firebone,76561199089800038
danche_g6,76561199465962734
Dr. Daniels,76561199007366964
Xeddy,76561198883694353
duckybbx,76561199350366709
partynoob7,76561199881862973
jimmyskoglund13,76561199591195604
thien.t.2007,76561199026690187
SP3CT3R,76561199087276586
luke,76561199139700757
GregTheGreger,76561199379129223
jirm09,76561199194483199
invisiblë,76561198880151673
Tixon-11,76561198878400874
Limozik,76561199078258963
Черемша,76561199443358723
nicsbrix,76561198872562230
V A C U U M,76561199051597474
Jov,76561198290721364
kahler,76561198280920362
Orion,76561198426105952
missfitscouts198_you,76561199101157359
Tomioka Giyu,76561199480754550
JumpNight808,76561199811932524
kenz,76561199001315008
KiBerkotlet,76561199502929841
游戏玩家,76561199114955887
Jesus,76561198278738126
RS201BEAM_g,76561199133269948
ISABI DLUGI,76561198046276280
Oxrannik-79,76561199015032759
proto,76561199124552406
LBHBVRF,76561199495820569
weihnachtsmann666,76561197970440565
DevilNugget,76561198271816279
kungfoogiraffe,76561199824423608
dexfort,76561198817433537
Inphrom,76561199589167832
Еврей,76561199813296985
XanderLi$e,76561199230888866
JohnWayneOnRoids,76561198068776700
sintezz,76561199536131256
beebo,76561198035779075
Greyske,76561199220469900
ronaldbarnett66,76561199812334868
Lion_39,76561199557825614
...,76561198994116422
Aaelliotta,76561199539962723
n1fty,76561199187861777
robanddenised,76561199229018480
aaronu654,76561199825701608
janssenjames870,76561199541306418
GreenTruck100,76561199643928433
mohamed,76561199546857837
The Ice Lord,76561199491510260
PotatoBurrito,76561198066989232
gavnonorm,76561199019255675
saabturbo89,76561198165186159
gsnyder0428,76561199229291504
BlahHulkBuster5,76561199175597663
Yreek,76561199075252676
Leg҉e҉nd҉a,76561199543471587
Maydug231,76561198794753473
Kvas Taras,76561199204143374
jeffstream,76561198058595644
teamterese,76561199053658198
SkittleWittles,76561198042897630
xfury52x,76561199226458514
Pepsi the Florida ma,76561199572467719
GreenGoblin,76561199401745317
JURGLE COOPWAGON,76561199152723387
qnbian,76561198216379455
WillCoop,76561197996381572
XXLouisRamPageXX,76561199021585542
bradleyj.taylor13,76561199813364631
pkcollison100,76561199591027830
xanxanjelly,76561199520701053
RBJJ1,76561199077246286
Blueastronaut2,76561199471995029
rk,76561199098370015
0zA19,76561199476566507
KETSTRIKE,76561199526615708
ckingsley1414,76561199128863138
t3rrorka,76561199575203597
raw flying meatball,76561199214878361
Boch1toh,76561199060870498
לארי סילברסטיין,76561199225172936
בִּנְיָמִין נְתַ,76561199745049150
izzyzub,76561199065572318
John,76561199562881664
TheHotDog76,76561199588910079
malamuted,76561199507034743
BelRus,76561199773239083
jpalmer57119,76561199690268407
9151377398,76561199183723701
wasdaada,76561199021968550
StepanGaming,76561199395878584
Иди работать,76561199007832227
M109A3 Howitzer,76561199640824439
AGERA,76561199424266104
Pingu,76561198831572479
Kloc978,76561199805175505
Modifaer,76561199522905257
John Helldiver,76561198987953431
scottwalter1937,76561198990479282
Darceun,76561198973345880
monkeman,76561199241545875
Bananas,76561198034963002
Pickle,76561199810895614
Armageddon in the fl,76561198417442975
bluwafflecone50,76561199589030193
Miguel_west,76561199230472423
Mineirinho,76561199805149230
thatapacheguy,76561199498746412
ajfanning,76561199516063033
SirTedEBear,76561199008454575
mrichards4,76561199388073102
WOLFSTOKER,76561198082082259
SzymonP,76561198284544120
cookie:3,76561199104701522
Lemonfox,76561198848801444
Levi Picklebottom@ba,76561198415786502
Xhdhfe,76561198874777805
speedster418,76561199205618456
theriotgarrett,76561199397838261
DerpTheMeme™,76561198130278959
AGENT_ic3zy,76561199368960082
RIP_TWEAKER,76561199813410198
Plutonium,76561199844795619
Polish_Pyro,76561199000040283
monsteytruck,76561199228105881
shawnnat52,76561198793820355
dutchok,76561199467212752
wehoagieskid7,76561199368871394
somebody_yes,76561199220676527
BILLYBOB56,76561199251406624
Sparta_legacy,76561199099626446
Algernonramone,76561198025213334
Pot_of_Weed,76561199416779784
Hadeus2009,76561199793794533
l8spool,76561198367021485
mememachineisawesome,76561199016014322
dettweilerlogan,76561199043597249
walterdog,76561199071824960
Rizelton,76561198210970705
Notliam22,76561199139642961
Smallpasto,76561198208939469
W + M1 + M2 Pyro,76561199141005221
Mr. Vador The Brick ,76561199679808233
351,76561199867285493
arcticfox,76561199574342952
mr hickles,76561199103232994
peach415,76561199040683564
Cobalt Hero,76561199468724958
jessielouu1987,76561199139499442
Sansfar16,76561199045963076
jhl3591,76561199308906280
moriartyevan78,76561199468861655
Mike,76561199658290173
Seven,76561199148523693
Robotical,76561199248874186
RING,76561199447667663
Kancler,76561199185065605
FIG.Егор_Треугольн,76561199381062115
Tungsten39,76561199888907692
evsr,76561198044505130
Xphantom_AceX,76561199110876284
coopbabyyoda,76561199208211794
zoinks,76561198793625804
beanszilla912,76561199465352284
Marty_the_Wizard,76561197968716441
rooster,76561199743394571
ChimpChampion,76561199365284095
ns.erfan,76561198369790490
shane,76561199524664227
toastywaffle,76561199405543338
That1ComixGuy,76561199202127382
GrowlingWolf,76561197993589372
dspin2008,76561199233051082
espresso,76561198413231603
Echo,76561198334466938
Grass Block Cube,76561199172703146
lil_napoleon,76561199111703637
SoggyPotato,76561199509101535
TheOvacado,76561198994467073
Draco_NotFound,76561199307650440
blake3616,76561199866247288
Dmitry.m.lyalin,76561199025310438
Wicked_Mortality,76561199138137469
Zвездочёт,76561197983114362
бешаный негр,76561199785885978
Legenda_DONBASSA_9.1,76561199426864525
Messiah,76561199479527416
TOLSTY_BIBIZYAN,76561199651107149
YRIK64S,76561199830329501
Limon4ik Z,76561198821279172
stefan.dako,76561198435386238
viktor tsoy,76561198152335130
dummy135,76561199231455284
frenchfrys,76561199886939342
EvaRows,76561198937101269
Birindar,76561198065633160
Koso,76561198043108848
sharpy007,76561197962021561
StarGazer,76561198011991208
帅气的杰克猪,76561199247540168
the guy that drank c,76561199298461534
ayden4life2,76561199786807324
Viirus :),76561199121714736
-=Herbie=-,76561199138409103
Hstgf.DopeDragon [3t,76561198161322221
waffle_of_war,76561199512278575
TrainWrex,76561199667804177
Covers,76561198880475376
RandomGamePlayer,76561199191094277
M-26 Pershing,76561199200869102
IKeepgettinghacked,76561199218321875
ClarkDaShark,76561199862422888
piVo_thunder,76561199817020814
warwolf,76561199107050687
The Train Guy,76561199221686718
AlberMarlie,76561199579994858
jshif14,76561199309658281
tjeffry117,76561199486005194
davalosjay5,76561199484951422
mhodge0016,76561199809478514
Capybara,76561199467099898
Rosh,76561198372136322
Gamernade,76561199057614897
PARZIVAL,76561199644151761
GabeTheGamer636,76561199473879744
M1DN1GHT,76561199208852168
MattFace11,76561198969036848
FastArrow7,76561197984243484
jiodio2025,76561199855135507
mthw™,76561199021725496
TOOCOOLHENPOO,76561198798585608
HunterTheDestroyer,76561199817442458
Archerthefox,76561199168845074
ultronmiles,76561199512476213
Arthur Craig Waller.,76561198910581984
alicia.b.brown85,76561198794670473
XJSwifty,76561198984178857
ksorchilla2,76561199780935300
jaker614,76561199221547570
danishagarcia2486,76561199851208514
petergriffen57448,76561199799773635
glicerie_19,76561199883716966
gride420,76561199766984388
zenko,76561198060243656
Igor000121,76561198871273160
camgaming290,76561199882958905
Mistagabie14,76561199552280919
JohnnyyDangerr,76561199889185302
Skubee,76561197966920289
Lenida7,76561199525098334
grube302,76561199432356642
PizzaEater,76561199674321782
Technoknife0914,76561199117289257
Sir Alex,76561199450390765
crownedkang,76561199445683064
Ben,76561199188994655
matt✰,76561198070683359
B34U,76561199594324484
llsheppard2010,76561198794647952
Ozzy421,76561199245070840
rojuusopro,76561199486460194
chris,76561198366342073
cainisntbich,76561199122222515
cotton jig gaming,76561199054182618
𝐍𝐨𝐭𝐨,76561198230308332
ANON9872003,76561199012794019
flynn_xjs,76561199788433078
󠀡󠀡Leizurly,76561199019232236
Ash106767,76561199113992597
renly.lane,76561199886342918
Ducky,76561199522418487
jcrzponciano,76561199586840862
ebrink634,76561199686272469
gilad_pelleaon,76561197988748557
CBR333ZY,76561198029987459
Jaxxy,76561199436801359
ngt20209,76561198881011213
SolidSnake03,76561198351463603
𝙎𝙡𝙖𝙫𝙮𝙖𝙣𝙠,76561199235112846
Zirarynk,76561199814253168
맛있는 샤와르마,76561198110640775
alexbellows2,76561199629364839
onionarcher36,76561199086155592
rdecannett,76561199196751814
DUDICUS08,76561198090517229
owengerow15,76561199109155168
dhunty22,76561199467176123
sabrwoods,76561199395680886
godzillarulesab,76561199587715706
Ralseitron3000,76561199807477022
korn.jana,76561199468312054
𝕄𝔸ℕ𝕋𝕀𝕏,76561199653756671
timik19882203,76561199487953244
Ace,76561199200778978
hugge,76561199805827548
TheProtectR,76561198352773942
A.M.,76561198166375297
jore,76561198962337026
Juniper,76561199026332329
MateuSio33,76561198865255579
greencorvette,76561199217647881
scarlettpoulinhome,76561199220999588
QWERTY,76561199588537833
maxthetonk,76561199478930933
liammc03,76561199481994334
hilsabeckrod,76561199795695423
OMWTFYB,76561198336632481
Osiris johnson,76561199883896309
jjamal420khan,76561199642306631
Ieatfish,76561198999619587
stfreezn,76561198116911128
sylwia_musial27,76561199870213907
Th3almightyaus,76561198826301902
isaaciifd,76561199875732448
DjMarshmello745,76561199656226703
ikea,76561199193717138
ooo0,76561199606410597
smash10,76561198360042013
Rustless45,76561199472547038
tupidor,76561199160792512
navy,76561199813960891
Fogdoggy45,76561199229563005
pepito42,76561199810825182
mylcord2012,76561199652754662
Sztywny Gicior,76561199079897294
Scooter,76561198093872878
The MOIST Bean,76561199141383382
oskarplplayer,76561199467070410
j.chavez927,76561199628805544
Diego,76561198454819802
Immortal_MJC,76561199013077454
CyberGame\'s,76561199516927958
heramuge,76561199797780780
Tekkiekid,76561199417935705
THE GOVERNMENT,76561199427686993
reddfoxx17,76561199033094740
Rabbit. H. Hare.,76561198841157105
Darthkitkat107,76561198447493396
rtx_3080,76561199087420288
timsharif12,76561199597314349
petyastoyanova,76561199852577447
Ferlox,76561198792873511
gamedevlopersguy,76561199305054056
Noobert,76561199003722510
loki1point0,76561199783369319
dcollette1981,76561198201358194
i love eating clay,76561199120189172
FishBone,76561199386573983
wolf2o97,76561199085527945
Random_Fellow,76561199585565720
:skull:,76561198851826195
xxkadog123xx,76561199511430334
Blare Plays,76561198377672195
Fusion1123,76561199072781382
Ruslan,76561199466539615
1x1x1x1,76561198977043528
ego,76561199380950829
Tickle_A_Pickle,76561199109828129
F.B.I_Berto,76561199078502933
Шошқа әкесі,76561198825622987
lizgiannos,76561199694242721
KRAHMALL,76561199480047107
без негатива,76561199510008925
Tiger,76561198109925889
The Reclaimer,76561199108581808
Петька,76561199227898408
Andu,76561199451616450
Sun_2178 ,76561199086396751
5-Gum,76561198809638635
Adrienne,76561199439443947
Trex,76561199806761603
kba10,76561199175477593
ЛЮБЛЮ ДАНЕЧКУ,76561199169099286
dima50035,76561199124316678
RomaDino33,76561199858122122
ambergeorgia006,76561199848396330
sokolov_platon,76561199682454131
skieta,76561198889143610
99jcwms99,76561198932424497
lapelusac,76561199804985333
nepenthes171,76561198985858272
snips,76561199231085781
Kingnels9011,76561198379484475
POT_POT,76561198016000275
williamivansmith2012,76561199212757792
ash,76561198128530144
Aguynameagnonysmith,76561199307011736
leeroygravy,76561199465470295
Shadowrunner,76561198076054423
eversonfu,76561199846093958
Coolkid3112,76561199761751597
P4eeoo,76561199073130408
джокер,76561199172585255
hellfly1210,76561199092801621
Mando_Erik,76561199885106979
rix.canada,76561199275419808
tcedillos91,76561198793698254
Kaciuszkua,76561199728446998
anthony.j.probasco20,76561199802317550
->->->->->go!,76561199810247712
ReliableKiwi,76561199415825203
CharleeMurfee,76561199805266301
Peydogg2007,76561199381890672
Happypigeon1,76561199499938327
Airplanepoop12,76561199061810110
general.enterprize32,76561199813004495
josiahndad2021,76561199691137652
michaeljohn8133,76561199644163435
JJisIto,76561199534458727
𝑺𝒐𝒄𝒊𝒂𝒍,76561199202020051
amarkleand2000,76561198015779648
opchipmunk.d,76561199880237004
helpiminbasement,76561198996601022
flowersnthesun,76561198932816095
balek813,76561199589111028
viinakas,76561199059113657
BobTheOodGuy,76561199705808003
AnnexxFreak,76561199246092938
pecas155,76561198244822284
420 Blazing,76561199550391857
Real Muthaphuckkin G,76561199476126195
ZachSon_Vr,76561199868931596
turdburgeer,76561199101831698
wallaby1002,76561199229231761
Destid,76561199685833939
ByQoo,76561198036213577
Мистер Фурри,76561199643844494
Shpatel000,76561199777368472
Дедушка Адольф,76561199557290115
Enter the Maionez,76561199466057858
wojciech,76561199092273947
mednuyblok,76561199658645828
Reights,76561198005890904
neuro-sama,76561199542271836
Vault-Boy,76561199812059718
S3NiPO,76561199467890508
Puffy,76561199124474353
RCA,76561198387903659
joeymcg13,76561199837821689
Limezsz,76561199529949610
the pies belong to m,76561198021655497
a.dahiru,76561199030506666
mete84555,76561199492734151
Pink Floyd,76561199173097285
lukejacob0614,76561199344106263
cool1seth,76561199829976775
V2,76561199642598035
Battle for Dream Isl,76561199467827442
Dawciu68,76561199440255899
x3re,76561199020055185
pro_gamer3064,76561199386857667
Чоколадный,76561199523031360
✪Cowboy✪,76561199203703578
Themaxjack12,76561198883654952
vankeman,76561198131812278
ashleylong23,76561199116402796
captjlance,76561198297939569
Lefty0806,76561199078363281
randomsppamer,76561199753979186
gerisroman060595k,76561199853548354
vanessagrundheber,76561198792878994
Antonomick,76561199812266760
Indychus,76561198118662102
🦋Night butterfly🦋,76561199751713949
EFtwist,76561199465391968
kblloyd9,76561199871789772
ICEMEN,76561198853606575
КНИГА БРАТАН,76561199767073164
blue bell ice cream ,76561199241204618
SыN SаBaKи,76561199666872069
arcreactor,76561199863110896
Sponsellers,76561198040732938
specializedbndt,76561198121265885
stevewheatley800,76561199229680582
regginryan67,76561199229508305
frog_stabber,76561198847879799
Jevons440,76561199867108143
Camaro guy,76561198802155137
henrydawkins1123,76561199216600318
kmreiss13,76561199106769767
я чел,76561199786402382
John Government,76561199007160521
masonninja10,76561199653062995
zoxxyz26,76561199471473200
Creeper0908,76561199125141650
♥. * ･ ｡ﾟ₲𝘦ⲡ𝘦,76561199554246874
pnoydjay,76561199888617074
adaniels1210,76561199259989067
Willjum,76561199038604414
NormalGT86,76561199222370524
brandonkai40,76561199525012764
shayleivas,76561199007097470
Wriothesley!,76561199220035438
Panzer413,76561199075145283
gigachad,76561199552345333
Sane4eG,76561198870558724
💫 ₳Ɽ₵₳₦Ɇ 💫,76561199612723246
Xz2,76561199815880410
ЩаЯРовераПокормл,76561199662916945
PHD In Swag,76561198202253416
TomRob YT,76561198977429750
NeedGLave,76561199229803662
GriB228,76561199801691923
blazerlad11,76561199829230289
Abita_UA,76561199404722162
DEB17,76561199098704485
Kapitan_Miki,76561199101460962
jonathan.varsos,76561199765586363
BB_1,76561198037281412
So.Nello,76561198070797840
Yippie Kay Aye,76561199220109886
SinsOfTrade,76561198188713241
Vladimir Putin,76561199114511737
113Gft,76561199854352480
blueskies350,76561198078701512
kaiden_a2014,76561199589368614
king of the pizza ro,76561198805884503
Tucker,76561198081974041
Sebastian Ocon,76561199802605170
Powerman5k,76561198264993919
sonrisegirl,76561199843472402
thowlett83,76561199119964344
DJgamer88,76561199112883156
Bloodaxe,76561198051771833
Spacezoid,76561198882984652
rizzyid,76561199222659439
johnhancock82,76561199434510905
[.PoP] PADRO,76561199514342597
lingerdakota75,76561199845064760
ltmariux,76561199548821190
Dann,76561198000874174
stormpillow,76561199385272388
Kaid,76561199067631074
Paucitys,76561198177034883
wind,76561199487970483
ZaKo III,76561199117424491
pomidar4ik,76561198945905335
TREES,76561199518837702
SownScott,76561199805709843
Сметана,76561199783960513
Skiper,76561199138229092
Three Goonz,76561198982582019
mason.viola,76561199588332357
monksjusbetta,76561199162889931
pamkharod,76561199523637301
hokage leanchek,76561199521406208
alec.archer.becker,76561198794028365
月Hikaru日,76561198278349493
cosmic,76561199023095207
filly851,76561199173098356
JimiHandbricks,76561199015043662
McLovin,76561199227447700
jrom,76561198832963696
feralpug,76561198005900494
rsok0320,76561199235295814
XSAPIK,76561199797431188
Techy,76561198889966047
thenavycats,76561198453138835
尖顶,76561198801103648
Regional Defense,76561199224742139
на чиле на раслоб,76561199838053548
Chris Knaggs,76561198851181184
i like forknife,76561199750118558
Рулон Обоев,76561199045283164
CEO of Tunneling,76561199472649699
Матильда_мастер69,76561199185822528
HolySmokesSalty,76561198971973011
jasonwenzel0510,76561199429600482
UNDERSCORE,76561199438453326
tdogg24,76561199805733035
carterrockstar1,76561199039278323
Dante_son_sparda,76561199105479845
benjaurunde,76561199162857493
JeanGulaken,76561198979717548
CSX AC4400CW 110 Pro,76561199160239480
lenikslonik,76561199202050486
Spongebob,76561199801269751
Firma_play,76561199639966471
galajdadenise,76561199480890799
Trains241,76561198247415194
Brick Rigs Pro,76561199131562315
Babyface4Ever,76561198988610332
BrickBoss501st,76561199865026788
mrbin,76561198032909259
minhluann822,76561199825296515
nore.drugge,76561199590393978
COMMANDER DARBONNE,76561199261963158
MONEY,76561199227923663
Legend001,76561199482621501
kringle la pickle,76561198340830098
ARTUREK1201,76561199436715326
Starfleet Captain,76561199004840419
gousttend N1TEAM,76561199154449582
chy0rtick,76561199465738428
redeye,76561198849625180
ian.adkisson,76561199812242235
jdrake111,76561199454090930
jag3r5ho7s,76561197973789191
brickrigfan1234,76561199682543476
супержеребец,76561199781659440
Parker\'s Place,76561198009481666
jasonm314159,76561199379595185
railgun121,76561199549856113
oliverbl2015,76561199085085662
IconicFlows,76561199804629922
Vinchelseymo,76561199406750479
nathanyoung74,76561198351625452
cicka,76561199365979016
ramdrorox,76561199384836083
ShadowStrike (Catboy,76561199611939440
DILDO,76561199323484982
banana.boom,76561199250595461
Jaams,76561199861316292
Darkness,76561199190491866
connorcrabtree29,76561199130752371
RemiGaming,76561199056986908
askva,76561199115705465
CaptainRL11,76561199586936493
Pigeon,76561199145430518
TheSweetFighter,76561199225122241
CVPpless,76561199279233497
Hopeless,76561199051504722
Alex9111F,76561198986778328
турист,76561198159729615
bugbasher2021,76561199138641067
🎄Viper Zero🎄,76561199066728514
GamerGabeV,76561199239221074
thebiancoboys,76561199576707533
Sir Walrus,76561199053963862
rustybab,76561199850742139
mason.mullins2414,76561199793986327
timursangar2013,76561199847256519
aleksei_metelev228,76561199700640715
urakorale2,76561199552455816
mistaoolala,76561197998712427
/01,76561199411940129
killmilov,76561199088264800
noble 4,76561199126633104
etu7102,76561199550955531
inside_of_oblivin,76561199202996443
Will,76561199875860839
liamrmcgrath6,76561199791307904
Maximus,76561199145397022
judthedud152,76561199001431597
ldock2010,76561199173697527
banana-man,76561199507413579
plxzma,76561199122121744
ianashley420,76561199851313430
pugen,76561198404510080
Ghost Writer,76561199041337606
STev,76561199066094646
hen2o2,76561199205668831
tmanstarre9,76561199089579437
artem5673,76561199068656900
kumi,76561199118378103
natescrazy3,76561199505474340
bloxy,76561199226044844
darthtyrannus07,76561199137375224
437 | Sr. Trooper  |,76561199467594818
TheRealRedSpy,76561199593374949
monkey_bones,76561199645376926
naughtygirl,76561199845306380
waynebeardy,76561199837656962
Booty Hole Itch IV,76561199478046742
PoZzaaAAa57925,76561199797469641
deshokie02,76561199278328981
Spiffy,76561198818094378
мабой,76561198280613556
Cubyrainbow,76561199131463759
AbsoluteUnit303,76561199109908231
Shabluta,76561199202564988
Noah_torrres0625,76561198849626765
Ruvpik,76561199183210162
ybivateli_detei^^,76561199488679961
SigmaKai,76561199741788804
HappyHoppy,76561199079188495
KingBravo,76561199241793154
Greatfix,76561198922850481
90eighty,76561199519783685
legato187,76561198064273954
VELES,76561199151230952
Syron the king,76561198275034088
Cody The Man Pan,76561198889951389
DogFish200810,76561198441109089
dobik_3337,76561199560778621
Zman,76561199019587102
isaiahanderson981,76561198793521544
WUKONG,76561199230301538
testofmight,76561199262083790
𝕵𝖆𝖌𝖊𝖗,76561199098336320
Captain Capitalism,76561199294435370
CYH,76561198798927850
jamesmartell2024,76561199807353838
JeffVader,76561198079625164
Cutimen,76561198872996333
EODslim,76561198004536243
bigga,76561199860279361
MKT-1,76561199387715109
ИС-2(KDB),76561199810797172
Kofuku,76561199356974423
Vadger,76561197965942362
ДЕРЖИ ДВЕРЬ НАСТО,76561199304493925
Chel,76561199528229163
Fadedstar,76561199520687179
Lt. Wallcroft,76561199682176991
Vanfan1987,76561199175803787
kphipps0113,76561199601913437
jack,76561199275745701
Olly101,76561198089330090
Who_Stole_My_Toast,76561199221966124
Lazerbazer,76561199842829140
Nyan cat,76561198437660791
personalwhitaker,76561199814358931
donrayjr914,76561199229720603
axel87559,76561199219356916
The Roaring Knight,76561199469159076
renzloh,76561199372795700
myboyda,76561199379228348
wolfy,76561198272366179
tarnold023,76561198382579413
OvalPancake5585,76561199556188817
zandale78,76561198871936040
evo_ruckus,76561198977821758
moracer504,76561199511040708
MrArrow,76561199267488377
i_love_fish,76561199664358142
diplomatic,76561198131822009
bschone2544,76561199502630246
Lammaboi9eYT,76561199597640718
Jeremy,76561198412052467
awashketchup392,76561199516196858
RyōKpblu,76561199018557167
jsalame,76561198025011318
tim.sarah.hardin,76561199657768134
\'MERICA,76561199228027803
flannelman237,76561199177345008
danielraible,76561198830347720
captainrum79,76561197975708848
FlipperNewt9443,76561199598071267
nERVOCALme,76561198868465332
JetConrad,76561199589276839
Henrybrat,76561198079210925
artsygamer318,76561199521469233
big_gav,76561199126340758
dude4345,76561199566867532
c00let0n,76561198402298439
Lancerevo13,76561199067730150
juarmytkd171,76561198286175922
washerbroken,76561199528173019
ajdude1314,76561199587947975
varonick,76561198941242280
Futrera,76561198043631673
DasPanzerCommander,76561199805738354
RAVEN,76561199365893227
Fire Phoenix,76561198809074211
OrphanTears,76561199049153095
Playtime,76561199239126413
Maus262,76561199809605634
keithanddeb1977,76561198049770535
bentleybd08,76561199767162063
douglasmacarthur0892,76561199795361269
user,76561198793479761
Kat,76561199631290731
f14lover_forever18,76561199310783776
noone35l,76561198813807234
teoooo,76561199815320868
Бубнов Александр,76561198805847966
Stool,76561199700424916
nig2aotsos,76561199776022505
НАНАБ,76561199873709619
Benji,76561199057539639
Spray_N_pray_Jr,76561198432688335
smartgames56f7f43d76,76561199861042716
dencek_vlassocek,76561199052982631
Гена,76561198091471033
козявка,76561198026046611
FireFrostey,76561199388315222
𝖛𝖎𝖐𝖙𝖔𝖗 (-_-),76561199832871963
llamaboi67,76561199013560140
bailout,76561199467362761
287,76561199871378429
arim,76561198354655248
sologolos,76561199423229319
noahzzgaming,76561199051887220
Smoke Builds,76561199222265455
daimon999,76561199386943928
quattropenzel,76561198865166102
РУЧНИК,76561199630676915
Florida Man 69,76561199481040921
ggClose.,76561198250863844
tristanissak,76561199764001297
ezekielzavi,76561199101537901
StainlessOak,76561199055296567
BreathMintGuy,76561199097476170
Rilliam,76561198144321284
MyNameIsBio,76561199553091665
Goobing goober,76561199854039885
Jack_E_Robot3,76561199466955927
ringinglake,76561199774955810
rchest09,76561199852087369
Jamball2,76561198065177185
DrDough2360,76561199500840290
faststang11.gg,76561199588711260
MasonandGigi,76561199037639140
daxtonbutts,76561199784228707
The Digital Engineer,76561199221177599
gavindude244,76561198791123358
Mr Nobody,76561199504894930
TACTICAL TUNA,76561199438957032
mrshellshoc,76561199015727872
sharkman3221,76561199093832440
GTAMANIA12,76561198972536320
p1geon,76561198967112502
BSN556,76561199101430040
drewskissssssss,76561199888428041
Brixton The Zombie C,76561197993211396
Kum,76561199172929166
Crusty-Crested Joe,76561198386293260
churchill_w,76561199244021895
saskia_sinclair,76561199121531464
leighton0719,76561199447411416
cool_dude,76561199535040629
Пенная Зверюка,76561199470913949
greensuperduke,76561199024876790
BestBobNumber1,76561199673320174
theothegreat2013,76561199120764218
MatTheW,76561199060566333
medikegor32,76561199874717738
Boxthings,76561199453805469
Lvck3z,76561199325760522
Knight_Raid,76561198046363670
peanutbuttertoes,76561199475846744
RedPikmin,76561198260219987
That one guy,76561199209297581
BelAir1958,76561199564226919
livinghappily98,76561199135132603
chiken,76561199465995429
PVTparts973,76561199187653355
WAKAY,76561199635385483
taloncanadian,76561197987568961
jnunruh,76561199528270275
Garkal,76561199094059014
bowie,76561199244974287
zigamett,76561199470376031
stupidlist23,76561198924897513
Blazefireboom,76561199095727132
ЧЕРЕМША,76561199858507394
Baconboy1,76561199589700394
rippedpocket,76561199543979013
镁-与爱祖,76561199152809606
mdos17071976,76561198838478290
MIDYZKA,76561199029408978
peter.r.cains,76561198081874256
jmullington2013,76561199855434875
MrKebs0n,76561198354282821
[AZM] brandont9347,76561199275707922
superlevsteam,76561199833550087
erick_oceano,76561198954136820
BiplorUranium,76561199860588286
nstlx,76561199139747018
Milo,76561199121637895
dougiedawg2013,76561199225485702
MAN,76561199789504552
spotter,76561199758038936
DazedBrainiac7547,76561198865001439
ИВАААААН,76561199434506730
DAMENIK,76561199548306276
Тренболон,76561199255817904
Scream,76561199488166482
Sined,76561199199600915
fuzzyejik,76561198074412335
小 哈,76561199529386797
Josh,76561198953638418
Otto,76561198968995450
deadshot,76561199679561763
soger380,76561199403545725
lucasstavenes,76561199760991423
Faro,76561199570228404
jamescswong2,76561199230523286
Aquwaro,76561198823319758
Dudethedog,76561199217164345
StupendouslySilly,76561199251756160
howiizer,76561199499188692
Jaquavious IV,76561198009584521
Remonowaty,76561198365824785
stricklinhunter1,76561199753542025
Miheq143,76561198972042274
djstooz,76561199072796575
pixeldev,76561199474463516
Shabible,76561199119331648
kermitdiesel,76561199875109661
the wibbly wobbly li,76561199468068953
susee001,76561198198147925
Jeremiah Swandleson,76561199043118740
xboxmen1575,76561199576006554
RIBINJSH,76561199058692616
chum_maks,76561199204037312
ddogsdigs,76561199211840753
Raberto_007,76561199092341802
joshua6k,76561198382348664
crustyguy,76561199062473033
Applegaming,76561199817372845
croccy1678,76561199026979993
E4TGAMESL33P,76561199881395883
aj3nks,76561198795361833
CaptainBub,76561199114967349
JaxBeast,76561198389760926
rjsteve22,76561199864006351
shaggy,76561199466799515
lastdagestanec1998,76561199096893524
Эчпечмак,76561199166433410
lcrist74,76561198878467439
amulkeen,76561199467242806
That One Fox Knight,76561199812034973
fgoodwrench,76561199851991205
DisTractedz,76561199113589462
COOLER,76561199488961564
Chancessaid,76561199235279130
Astronut,76561199013844012
bestlaidplns,76561198031073977
PedroPlay222,76561199881914586
geramex,76561198148117233
fivecrows,76561198045090833
orangewhaleshark,76561199065223711
Maximo Dolores,76561199102958708
ssssr,76561199671020863
веник,76561199764678989
Goobr,76561198963987618
Gaming nexus,76561199832092940
upfansrule,76561199652827508
warbear7ca,76561199838803975
cbaglets,76561199097906251
manditopendejitoxd,76561199764924268
WiLdWeStViRgInIan25,76561199416555291
BearsRCool,76561198395410838
сушеные яйца,76561199826632169
dolbaeb1k,76561199802523035
Farloner,76561199654493347
Сrocodilo BOmbardio,76561198800783040
pros62032,76561199820208991
Falloutpotato2077,76561198821547922
Alcaeus,76561198957638654
xayo,76561199848392327
Жеси Розовый,76561199384315019
Madmilk_Tj,76561198316062278
toughchickenlittle,76561199466095788
DANYA VARENIK,76561199546488919
DrKssz,76561198791081930
АЛЛИГАТОР,76561199099337489
xcza,76561199121397938
ab4adventure,76561199274887937
Grodzik,76561198199484102
Volatile,76561198801360669
mishammm,76561199039042066
afanasevgv,76561199145586541
telmo,76561198960842698
J247,76561198424768363
nailuii,76561198080736532
FaZe_PoLaK,76561199811951114
sjmr611,76561199152832108
mrumney8,76561198091271708
ᚢᛠᛋᛩᛕᛋᚺ,76561198013098109
Ruin,76561198041539116
Baykany,76561199512774593
maggielynn1212,76561199121940157
Kalebe hs de ak,76561199699285853
Nightf4ll,76561199803268269
TrainCoop,76561199131695656
Regnbuebörk,76561198401633713
SPYCAKES W BUSH,76561199848022375
sweete0614,76561199138839185
полимер,76561199182967328
dallanromesburg,76561199572396843
Velvette,76561198882728672
HemifiedYT,76561198980254830
Musket78,76561199130805500
AlexZero8,76561198979375304
Offigay.,76561198371564973
kononek,76561199594734610
LiGo,76561199232809282
Maxi,76561199480433583
bongwaterboy763,76561199558552051
maxwell98506,76561199594507827
Solzer,76561199766979947
Storm Cooper,76561199566228199
Vaulty15,76561199229304422
Kameha,76561198349988043
kurdakova1975,76561199212631114
dulcemsoto87,76561199807458781
Pear,76561199855865143
alysian.ahmad,76561199444005938
firemedicc,76561199255554270
umut,76561199387572661
sxy_wizard,76561199001498624
h,76561199084865871
michiganian humanoid,76561199762309000
drewrd13,76561199811327596
ianrandomstuff77,76561199344137995
cc.achilles,76561199465752248
KidsarecruelYT,76561198931567428
FotherMucker,76561199122539803
monkeygorilla732,76561199571447192
Lucasvuga132,76561199466644804
wegley.riggan,76561198792179386
MoxieMike,76561197983125510
darthur1880,76561199411725672
Bizzy Bone,76561199157768901
devils1217,76561199145032952
ＭｒＰｙｐｓｉ４ｅｋ,76561199319278870
anti_Stryker,76561198802497424
Pyro,76561199472922957
Boogman_45,76561199636158041
wettacos420,76561199069239835
zander.11,76561199879166057
EnderTheNoob,76561198954963375
Mosthip,76561198864233443
Dayv1ex,76561198447156251
Dinosaurus,76561199159996471
GarlicNoodles,76561199529801614
georgycentermira42,76561199592496844
KruTy4_2233,76561199653096189
EVILORD,76561199495279636
Andro1d,76561199610108427
serial_tom34,76561198005684700
Masio_2010,76561199193417915
Kovtanch1k_7,76561199488106322
zappa1g,76561198385847668
faresalattal,76561199211947827
Tobi2021,76561199159544674
Noah11400,76561199000443726
Techman JR,76561199653816179
AuthorisedCake,76561199209912795
70uj2,76561199527736493
Giga Gaming (SaveTF2,76561199436568772
daboplybirb,76561199388554729
peter_nesbitt,76561199120017740
attack the D point!,76561199833824483
B2 Phantom,76561198789690950
NoSquints,76561198949225959
snoop dogg,76561199004329304
Stu66s,76561199229650089
lil_hudy,76561199090671774
spidergirl24u,76561199544980819
elizabethaciaresrive,76561199849343299
PBandJ,76561199352199579
Jebroniee,76561199483456032
askir,76561198314664466
Atticus,76561199677348626
Poop ship Destroyer,76561198038288834
problemxchild87,76561199132685424
torrus007,76561197960420112
XJBtopher,76561199672716129
dianemenefee,76561199653794366
MuseSata,76561199806030039
DropDeadDante,76561198445404360
DIET DR PEPPER YYYEE,76561199501569966
zenfg43,76561199741075290
Болгарка,76561198800905368
zarancey,76561199222331820
RiskyDuckling13,76561199473953031
cazrpm,76561199064800292
cake_gamer9,76561199038681049
LeoLakris,76561198392053610
AHvertex,76561198967460751
V O I D,76561199756428395
Mrflim,76561199231626926
AwesomeSpyGuy01,76561198864343318
mOnK3yBoI07,76561199240372917
CuzHoly,76561199105941115
Angry Spacemarine,76561199182686911
ᴸᴬᴮᵁᴮᵁ,76561199654481495
Bob,76561198084253858
russeh,76561199013269642
Dakekenger,76561199850747330
BaBaYaga_,76561199003416322
notsolilbigman,76561199230027006
Раян Гослинг,76561199649878209
trustaker,76561199242466552
hynes.matt3,76561199653780405
catesmw,76561199099116985
♰✯𝙆𝙉𝙔𝘼𝙕✯♰,76561199770207702
gast_6,76561199702937849
Fat_Cat61,76561198866317432
kobydurran7912,76561199867788909
Haze,76561198453523678
eBay.com.au,76561199283349517
писькi,76561199388695378
угандийскийслон,76561199365695416
_ловлю_рыбов_,76561199553321610
Gnarpy [Uranium],76561197989651842
ladna,76561199480459400
alxshababs,76561199113750602
VPotoke,76561199213169844
NEKO,76561199380044417
arch_d,76561198072030492
lou.brown78,76561199568679751
Hirschi,76561199549710278
Пушечное мясо,76561199185897297
бульба,76561199813923781
ИлюIIIa,76561198881643482
artemchirkov1409,76561199850380612
itsjustmedane,76561199044119173
Megiddo,76561197995914374
ismael,76561199807590052
povhbenny,76561199480793143
atamiri,76561199557094746
Vaz23kp,76561199362250727
CyrusArcher,76561198372362779
Innes,76561199138023802
Sherman430,76561199811824005
cmharper2002,76561199084936019
katherinemason80,76561198970271016
the monkey,76561199230508517
Mogo,76561199014074368
rurkarzz,76561199870055595
kiteq39,76561199092961822
Joshi,76561198959768148
Spycakes_Fan,76561199228800005
dantezzzzzzzzik,76561199587841813
Lazer Me DaDDy,76561199330413697
daneilgnitro14,76561199256105004
ToxicFlame868,76561199229772849
Schlatnick,76561199155141210
OperxtorWxlfe,76561199467457609
p1zzarollz98,76561199229807855
anomalocaris,76561198989641688
SoloMasterChief,76561199219147956
ShadowStriker,76561199688852331
PODBITY(PL),76561198993295786
DiconGhst,76561199595718757
lastinky,76561199885443196
liam.snyder00,76561199141347510
REcoyka,76561199558425704
robert.reese84,76561199381975389
juan wallet,76561198875159858
SureWriter46280,76561199515607620
Turtle,76561199589512190
John Doe,76561199390416284
denn.gus,76561199848642072
pioter-13,76561199777823082
Medic gaming,76561199262123403
foxguy1212,76561199238063977
smecharik1,76561199077423296
jeffreyred0123,76561198789503642
Major Payne,76561198942017573
marcus.huntus,76561198789603896
lukeiti,76561199487499471
carterhkohler,76561199053259420
Super_SUS,76561199395256031
YADA,76561198817317398
mrrp,76561199859282071
SUPERCHICK,76561198901660160
TGT Rob,76561199230160257
TheColonial,76561199066084889
Slava45,76561199112744173
Rathern,76561199212795685
90T *,76561199483535770
Checkpoint Music,76561199121823604
Just in case,76561199212553380
tylerpeterronai,76561199812927256
olik4321,76561199855179158
yunchangbin62,76561199697847614
kotleta,76561199105740296
madonna,76561199585405355
damianswatowski08,76561199465644968
ковбой,76561199204779558
Alphabravo171,76561199883343335
gre34653462437@()UFU,76561198882597883
Käsenascher33,76561199875804131
adimech74,76561199519882725
KlocuchMarek_112,76561199390494595
progamer,76561198980983548
t4to0k,76561199137566233
Homixide77,76561199016519200
tiplingl,76561199811114779
ethan.trott,76561199864844674
sodacan5,76561199254856788
XmanE17,76561199045444412
Jig Jones,76561198931671111
Wargasim,76561198000507597
daniel,76561199713711272
simply Nuke,76561199490301604
Straßenversion,76561198083468489
QMann0013,76561199700124612
Lokis,76561199566563980
deedeepop11,76561199174734394
Festive,76561199095879453
Serolipia,76561199183980222
trxterry450r,76561199643331873
DatBluGuy,76561199574851763
Space,76561198822797843
mellalaw13,76561199540760696
eternal,76561199812461402
Samsquanch,76561198016822845
tomatebeta,76561198116946590
djhanson162,76561199588602929
tj_tesch,76561199135616970
Cookie228655,76561199571399337
jasonbagwell,76561199812117658
spem,76561199004413135
efe,76561199519986875
211theopen,76561199230095399
markeightyfivenano,76561199218088803
sovietdude,76561199635942974
tyesonmartin2,76561199762552995
kremuva2137,76561199187985802
West Da Best,76561199811548516
Pan-Oceanic,76561199422470916
mgh2538,76561198968844343
ALEK1T0,76561199591131534
THRASHnasty,76561199192123852
wyattdg5714,76561199700620066
$ latte,76561199384588589
ПОЖАРНЫЙ,76561197995120475
IcePachy15,76561199654782914
BlueSwetie,76561197980463693
7h34fr073ch,76561198279888811
anthonyerlandsen,76561198159818512
odiebodie2010,76561199708898020
love-to-kill56,76561198100970886
jssgevs514216478,76561199873122615
Chill guy,76561199216559198
Стояковский ,76561198880129837
Thorin,76561199208201817
GamerKnight0524,76561199060887914
monicap2501,76561199885522356
Vivo,76561199227517846
Driven_By_Sleepiness,76561199763366624
SNAKEVR,76561199691160300
jaredgoldstein6,76561199231900564
green56,76561198783616204
coltynklenke,76561199465769338
kms.den4ik,76561199094678602
The Booze master,76561199866068693
SaadinlShikShakShokX,76561199529062744
targetrhymeswithgrug,76561199037225527
samanthalee81,76561199100127241
zarovetskyidenys,76561199746972697
TacoKingNick,76561199667605344
mluley75,76561199498319399
StR8OutOfBrklyn,76561198331228652
mrtheicon,76561198032881071
Steven T,76561199545220189
Fat0n,76561199207354910
Rengoku,76561198869977187
Josiah9909,76561199244147492
Krefix,76561199751919726
rowspot,76561199811376728
RiceFarmer,76561199171813456
longpupg190,76561199466880710
луффа,76561199178012129
hwbjork,76561199695690568
Luke Kuznetzov,76561199619581319
ENABLED,76561199070882204
hen4324,76561199534983709
christianchletsos,76561199246996246
Zeusy1976,76561198042167818
乡𝙸 𝙽 𝙵 𝙸 𝙴 𝚁,76561199562252118
Crazyian0909,76561199061970701
KliNsToN,76561199529771052
kkisky0711,76561198799256612
Деловая Колбаса,76561199830299943
RADVII,76561199846472931
geeboose,76561198134908890
F.P | Barack Obama,76561199582826667
JumpyIsballing,76561199049844622
crash,76561199872649600
King Of Bread,76561199841405514
327171299,76561198886659179
pelmen,76561199811437502
Krokod1lchik,76561199459436849
kenvin,76561199466913702
info,76561198973318601
Jose,76561199541693031
lowtup золик,76561199530574230
Mr.Lineyka,76561199114755417
VALENTINO,76561199002886822
ДИМАС ТВ  ДЕН И Я о,76561198810688323
牢大,76561199115042495
wesewn23,76561199076344689
beamracer,76561199465724325
funnyturtle2,76561199222288087
lovejoylogan139,76561199886488142
Milk,76561198928373698
jackiedino,76561199233384229
cutz2001jb,76561198087079292
Wonder,76561198005674200
JakoPR,76561198058680967
zebbyklein,76561199856161063
Demogorgan,76561199211182016
FastAsTesla,76561199222855866
ROYAL,76561199103701603
Heros,76561199122058104
Nugget,76561199083771834
feliks_may,76561199202041843
jarhonmma,76561199104149508
I curl in the squat ,76561197968333254
Ethang13,76561199449011366
JTOMG007,76561199522224149
Fenixdragon,76561199047545512
Italianboy2001,76561199679186580
RupertGamingBoy,76561199555244307
RandomDude,76561198851624854
Thugicus,76561197969475011
bebop_2032,76561199044567541
CFWarriorAMW,76561199053340938
duff_man,76561199452784209
coolguy,76561198789024818
Outlaw,76561199161115221
camcamfiredept,76561199558917184
Battles4Seattle,76561198137111036
Friffer,76561198040863246
Cyn,76561199503768518
D\'nnis,76561199485921721
Stick,76561198313781840
sh1shka,76561199286106740
charchar,76561199617937945
yonatanevz,76561198789715701
Mr. Jamiroquai,76561199083106246
supermush,76561198160392416
BoonchGamer77,76561199750393736
lucioevn,76561199675508177
bentley0101_55,76561199319707514
archonzj,76561198790691211
Lil\'l AL,76561199697961088
freddie8212,76561199587799457
Nitro,76561199405767092
00rip_van_winkle00,76561199550908980
mr man YT,76561199238968785
nheine77,76561198970495491
Jayden,76561199145177671
paw,76561199016978076
Dagg3r,76561199815539312
Laihela,76561198065047490
ОЛЕГ БОБРОВИЧ,76561199802454237
Pablolox66,76561199380806113
Neofelis Nightmare,76561198191825910
BSE777,76561199777825793
•Ivqn•,76561199819241784
Snoke,76561199651693272
LiamFlashZoom,76561199147774085
iza shekel,76561198852518546
gabrielkoloay02,76561199789043212
Krooker2012,76561199229122190
SmileCASE.GIFT,76561199114563855
implan,76561199791488091
etebnev,76561199820985803
BABBLE GUM,76561199803066314
членодробитель3000,76561199584463856
TIR22,76561198069997620
hajimepart3mzfk,76561199565596414
LD| 𝕿𝖔𝖗𝖓𝖎,76561199869631814
leonvtecr,76561199497721969
sable_333,76561199817866032
masterminionno1,76561199400340208
Ice Cream Pimp,76561198014143508
lucaswoodcastillo,76561199673655934
itzdaniel_01,76561199095200812
chfelde,76561199809944044
Disqualifried,76561198049265675
n0LIK,76561199545968146
Mr_Forish,76561199215070857
babijon,76561199810171317
KatzenDJ,76561199779238542
lilspider142380,76561199803134282
mkmarzec0,76561199229023987
BOBERR,76561199805381355
атомный завод,76561199609024941
Katynka,76561198140136240
Сжигатель говна,76561199639715568
ARFCVBM,76561199582991251
verybusymommy2,76561199109388784
susypusi,76561199262648781
Ungegelt,76561198226140088
ciler_combat_UA,76561199796485673
OneCyborg,76561199232109626
mirker,76561199375870344
arsenkaas,76561199435636821
rifle555,76561199760784533
Rico,76561199123045629
FolcerX,76561199248674833
gubby,76561199447265632
Kingslayer,76561198261551670
Chelaba,76561199820610765
hazza50246,76561199864300133
energy923,76561199479383770
Iwo,76561199027064965
ItchyaboiEv,76561199109855216
luka.bak,76561199492183632
werlu1,76561199879484704
Gubbstjärt,76561198070593511
Kubixon1721,76561199026010452
Chumba,76561199267610567
salterfamily91,76561199152217420
hikoyit,76561199545046583
arpelkey12,76561199263472741
zach.dennis,76561199580196105
Metalg---Snake,76561199811685328
terrall13r,76561199440284952
ssjogren,76561199188540855
ronnyjochmann,76561198812142990
ACMJ,76561199538751838
boobmilkie,76561199136499274
broshka_,76561199756654039
bosen1322,76561199842173795
mathfaction,76561199261706012
Liam_Bear,76561198427359314
Fly,76561199401339884
progameremail15,76561199882244463
Blazing Tracks,76561198966260808
Bluethunder215,76561198346486913
Tater Cobi,76561199876898453
Unidentified Thing,76561199151714132
progo636,76561198795032615
SylerP,76561199013698761
AllergicCrown,76561198447088469
AAT_974,76561199203298028
phighting,76561199120808565
lilstupidboy,76561199066159851
snbt2002,76561199236229516
vancethepup,76561199811478185
Pooker,76561199165121998
Sunbladee,76561199054723309
shafer1,76561198046599951
krinkled_foam,76561199219116601
Fartacus,76561199102209248
Aki0Azumi,76561199210484690
clownbtw,76561199106337941
SNA!PER,76561199753971422
A-10 (🏝️SUMMER⛱️),76561199565977852
Shayka8,76561198973258325
ezzik2011,76561199663237373
JustAnotherRand0m,76561199530085843
srbin1553,76561199786683437
Chuckles,76561199706556383
RQ_W2,76561199406121537
W4ff13_Fr135,76561199526917865
YAIR,76561199471165694
SandwichMan0125,76561199818857594
ZORKI,76561199592759655
Smiley,76561199447958262
Kazuhira,76561198376475718
duck king,76561199478430669
David,76561199473635074
Leslie Burke,76561199210428591
arp1003,76561198182552429
raphaelp00ps,76561199872995351
СаняЛамбаргини,76561199767347235
Saturn_2137 skins.ar,76561199588083108
Ste4r,76561198194219275
koyoriin 유 CSGO500,76561198121528469
stanik,76561198308229680
DaFixer,76561197970945402
isaac.johns155,76561199657313444
leonCK6664,76561199067585611
selena.stevens,76561199743219534
prw5yellow,76561199230756710
hydrogen_peroxide,76561199811875626
cheekylittlebaby,76561199811621722
CaptainMav22,76561199474686516
socalreckingbawl,76561198034792478
Eggo,76561199125468042
Goose,76561199496825501
kemper.ottmar,76561199884267114
Xyilc,76561199230453734
JWOP Jr.,76561199032166491
FiremanGamer,76561199163443421
Timmy Turners Thick ,76561198271962492
Jegg,76561199230265800
PanzerTankAddict,76561199129702477
Orange_guy,76561199752906999
just_why,76561199143721927
Santafefan,76561199056487900
harleydavidandrews,76561199574305137
chazz0074,76561198163353347
Cpt. Tanker,76561198168493587
dk donk,76561199833399894
amis2,76561198421826152
BurritoMan,76561199177749350
SOMYARA_585,76561199816226257
bar Tech,76561199252083987
Milo,76561199427233469
ムä0ņĭċķム,76561199013110383
losmo0415,76561199428019914
archieosmo,76561199428697145
ECTO1A,76561199080797835
mail.and.nic,76561199220591916
robzetzone,76561199815118112
Shadowarrior8881,76561199315247818
Syka,76561199805659702
Bordu4kov,76561198798075005
salooomi285,76561199641101369
Kirillka_Zolik2011,76561199547308240
ИГРОК,76561199851662442
Abrikosik,76561199236137699
Mr.Konstik,76561199579872495
Картошка,76561198325296131
Mordavarot,76561199671215410
kolanchik,76561199600383198
KATLETKA21,76561199413336450
1mpu1se_Straxa,76561199872694158
alexandervencahjorth,76561199493836433
EnzikXD33,76561199747728145
plug,76561198323108294
nidalmg25,76561199756063010
Akashi Seijuro,76561199625915740
POMIDOR4IK_168,76561199682436691
Nikitos,76561198057922022
FREEYICO,76561199057362079
jonastnt7,76561198393746581
ken,76561199762148950
zakharstes2017,76561199657538053
streamliner49,76561198219339147
1xsazle,76561199386965422
Schwarzer_Franzose,76561198171226743
Rami,76561199130134871
Lyons,76561199485404743
RipPanda,76561199814343699
MatX,76561198974432910
blkrkjt,76561199784675206
Dalecv,76561199546973276
Джобра,76561199307344559
MxKid929,76561198035089324
dont_mess_with_texas,76561199214107349
WOLFOXY,76561198320657469
Kolyan,76561199475949480
tcipcic77,76561198850705516
sean.2k7,76561199121135893
cchigga,76561198876260910
Soldat12101,76561199522306019
Corbindactal,76561199415330214
sMixxer,76561199225186963
Shadow_The_Avali,76561198865637552
GTR,76561199175392576
BDF\'s favoriate cric,76561199412496710
denicololuis,76561199006217040
lostcatidk,76561198855050253
douglas36051,76561199445634063
eve_nin,76561199588113339
swipeyourkilljk4352,76561199829010883
pixelgaming2317,76561199612391230
Ragazo7,76561198813597383
JR50gaming,76561198214732539
Kanoobi,76561199229130778
HWD4449,76561199154595544
Mitch Rapp,76561198852141988
ArmyManLucas,76561199812012755
Yenvex,76561199875830827
pukka_lasso25,76561198870391460
yetidtl,76561199793934110
Jack,76561199699348168
general flower,76561199078624062
MrLegoplyr,76561199587475721
pugman,76561199135685049
jarjarbings79,76561199004129443
Biotic,76561199021368080
Corevr,76561198791711382
IBrEOv,76561199120937640
lornak43,76561199647781722
Avia,76561198921020448
бездарь,76561199469976693
jbitnerowski,76561199065607067
Ɍɏꝋ,76561198930442718
ViperRift,76561199685343650
гамасэк | 777,76561199134746379
TheDarkestForest,76561199134852498
PEPITO:),76561199260535126
DomineSerpes,76561199168574721
timmokroff,76561199583081860
GreenKnightDefender,76561198037966737
Хлеб с Кунжутом,76561199071944366
ELITM661,76561199676468950
TheoB43,76561199683057541
flogrownmac,76561199579618509
Valadriel,76561199102908581
Peep_the_frog,76561199000962252
notkacp3r33k,76561198141785967
HAPKOTUK,76561199682161331
simple sam,76561199475768348
penguin gamer,76561199812257796
Axtheria,76561199215526046
jessenchrissy,76561198850815428
DJ Whiskey (General ,76561199097415783
A_197,76561199040322978
TheSandMan26,76561199551585102
Kman15,76561198451502859
ananas228666_kvak,76561199388363708
kalladyn.faulkner,76561199064420952
DoktoBra4,76561199041620106
js_awesome2006,76561198806656019
yourworstpea,76561199652947024
ilya,76561199819308721
Capybara,76561199187181579
peob59,76561199232444547
bismarck,76561199304535559
zoor,76561198026211678
Ez-Bozo,76561199206263714
Ｃｒｉｐｐｙ,76561199802293570
MOLOT,76561199466650915
justmelon05,76561199123292027
maks1nn,76561199888291174
Panzer hound,76561199552898731
_bar0nn_,76561199810690507
Westmoon05,76561199205192165
KadikaBomja,76561199089123641
zolca,76561199481378011
БезРезкихДвижени,76561199868610183
Я ЧМО,76561199000989634
DinGO DoNgO,76561198986224786
the goat,76561199150275427
charlie51911,76561199836441678
NNRTYZ,76561199570321759
DonPablo,76561199576542565
matt101tyres,76561199196649121
WoodenTrainz2009,76561198397219325
CurƵo,76561199127054918
Hailrake,76561199067934509
Glabbed,76561198956935682
pigruler,76561199576507890
HL2PROTOGEN,76561198995024554
Scroochie,76561199166247872
ambatrom,76561199186193312
raysteiger64,76561198809238017
adsjhakshdkhashdsakh,76561199121939245
Monke,76561198354007591
SQUONK,76561199016620316
Demekri,76561198864423569
Johnathan,76561199214973741
j4ckcr4ft555,76561199803373131
/,76561199144157433
Turbomersu,76561198845711524
FleaAimz,76561199057964953
Thorallplayer,76561199162074730
322 усатый,76561199320935025
jdhofacre,76561199683470544
Tredyou,76561198163088580
Ottaka,76561199222270305
BUG,76561198096564692
markhoule,76561199592143195
gargae,76561199213092477
★Pacer★Test★,76561198849015783
Arthur Morgan™,76561199106249386
abefin5,76561199085826038
KarmaKat4999,76561199811793727
mrtaky101,76561199161565861
piop9,76561199122155806
haylujan,76561199527082211
The Man of Cheddar,76561199824679709
Beratmirac1213,76561199571707321
Gamer1lol,76561199115534702
fuenteselijah86,76561199455107647
Liam.W,76561199683154595
AviaFast,76561198815627808
Judester1112,76561199105834919
sociologyman,76561199436519381
XAVIERJ159,76561199325049812
HxpoutBoogie,76561199679969740
GFoxFunk,76561199393560468
taylor_herrod,76561199780718575
Nom-Nom,76561199179670596
sebnelson2016,76561199543605449
kellyscottnix,76561199465580951
Yaycan,76561198158173239
DistortionZz__,76561199229769630
scalpy77,76561198844728072
Tyler Robinson,76561198055079081
IDarkness,76561199387899484
tmoskal,76561199732174530
joshuaosburn2023,76561199732645936
hansenc12,76561199229783534
tonto miller,76561198395333746
принцессакрыма,76561198036290170
redy3ddy,76561199376062516
AwesomeNinja110,76561199387344689
LIMITEDCONNECTION,76561199219933325
eden099,76561198343390593
Ze Commander Luther,76561199219146107
pyro gaming,76561199652612764
myst,76561199860099274
☭Сталин☭,76561199576355260
Vingo321,76561199043899776
карась,76561199208577635
Сварщик 4 разряда,76561199441323362
the goofiest goober,76561199383000024
Печенька,76561199534679615
AgentSweet23,76561199215761735
Blazee,76561199814962120
Chips2Dip,76561199491501956
guantol,76561199768526541
belinda.jane11,76561199812592483
skrepnuk,76561198030977688
agehan09,76561199472451216
BentleyTheAngryGamer,76561199473645954
Youssef Riyani,76561199051965635
maarif.khaerul,76561199007190758
microwave:],76561199207078118
Zanoza,76561198795557795
cheese,76561198929776772
Rasmus,76561198879983982
PostGhosties,76561197978409479
Carnotaurus.EXE,76561199591141868
STINKANATOR,76561199391670742
Axell Hodges,76561199384206716
Hugoofr1,76561199797995778
Vergil,76561199229282937
ncents,76561199031527471
sillyoverlord,76561199443776280
b1lly02,76561199788308284
siavash.mehrabi,76561199529693266
Ankivmarko,76561199251128591
The pluger,76561199238790317
mustangman600,76561198904021551
fred,76561198957751551
гусь,76561199709063230
dimonchello12,76561199097534010
BR_Esqueff_BR,76561198067918274
CAL3GO,76561199770472091
Aisaku,76561199244801135
ragoon,76561199201229394
unguychicken,76561199825717457
@THEDUDE7623,76561199624466161
TherapyNeeded,76561199133678582
avgeek130,76561199688871528
daniel.puka,76561199246623520
Nametag,76561199884655941
MarioPro278,76561198988942702
inz702586,76561199883191406
Soren,76561199523218630
Foxswan,76561198158753129
donnajean0266,76561199749106202
Gordon Ramsay,76561199102409978
FELIXwobbl,76561199083684321
spongebobfart,76561199821310219
Boomer D. Gohan,76561199233085756
Hashtag_Gurke,76561199080043763
prospiral,76561199245380434
jack3702,76561199848738834
milkelle,76561199543578893
bdkwong2012,76561199843783811
Goofighter007,76561199400608004
kermentari,76561199812617585
subuha5,76561199766699742
Phoenix_Skywalker,76561198396793484
steveg2011,76561199466910086
hoylecaius56,76561199832298000
woodenplanks1,76561199186054595
dontbuymacs,76561198818854052
SkotyPower,76561198081304712
The Raptor,76561198860784871
Letaga,76561199401025738
LonelyArtemis,76561199712506398
trey6604,76561199887269501
lois5181,76561198836224995
Smokinggun,76561199812410622
ThatHaloPlayer,76561199259066405
Closet Squeaker,76561198118386986
noahipes,76561199329269388
LMS_Paladin,76561197960391869
jeletonbones,76561199066111862
..Sakura..,76561199829838022
SimPCh,76561199014603960
ericchristopher173,76561199696657865
kchampion1212,76561199530344445
Mo6028,76561199054770182
Grisha2013,76561199852279471
shmurkles,76561198217531581
siriga777,76561199779413312
SnoopySmoke52,76561199172864357
sheeshgod2488,76561199759629302
wsmnb,76561198406510732
Shinobii,76561198356156458
skitonix,76561198945642827
maroszek,76561198976455156
FuryForLinux,76561198938972031
davidtoulet,76561199754805776
garrinmail01,76561199782474458
T4R \'Nusian\'s Demise,76561199582080391
~Slack~,76561199454682496
Orangeimac13,76561199806292661
Naganin,76561199151106392
nadrah.jantan,76561199156989257
SniperMonkeYT,76561199771424892
Leg,76561198867849354
aasmolova,76561199700070328
drysdale.tfb,76561199566520573
LOLO,76561198814775871
UwU,76561199279101048
Br1tzal,76561199653270236
runrun,76561199206622429
JBGaming,76561199415261812
.redacted.,76561198377109204
xander.cave1,76561199520563116
kab7even23,76561198283799009
LeaveMeAlone,76561199180478219
The Dude,76561197975081490
Diddywise,76561199182322961
ziphron,76561198055540891
weasel6two,76561198030724305
Phantomlolita,76561198155191988
Stud_kickass09,76561199069998154
momabear414,76561199486993047
rorymb,76561199484401201
PokeJohn9000,76561199401479130
the goofiest goober,76561199454173909
WaffleMaker17,76561199099207569
Charles Lincoln,76561198981066390
timofejvarakuta,76561199375752329
Asparagus,76561199446431505
aosantowske,76561199873339163
Kyle,76561199165601299
atetzold,76561199620119504
Ahoy,76561199580069367
RulersOfTheLands,76561199467235627
cris17tian92,76561199212245123
pauluxas,76561199728255369
yap-central_zip,76561199107838254
Mad_mAn,76561199769245227
YAKACHAYUGOLOVOY,76561199886539812
_SUB ZERO_,76561199174627218
ArthurValenthim,76561198016279719
madz75,76561198129849159
JvXTun,76561199106814939
weenie1214,76561199751765567
ghost464,76561199463475710
nmesan,76561199486769322
chicken102081,76561199449469286
FR4NK0T3KS,76561198792211161
AVxRogue,76561199880411565
Kubaoslav,76561199275478055
Panzer II enjoyer,76561199834771635
cjs1367,76561198008682399
zrobinson751,76561199012507817
makasinka360,76561199200606428
minecraftbidder587,76561199780235935
Ronziepie,76561199065581617
myfriendscallmejones,76561198809296007
mchagey0,76561199818013753
KnigHTkiLLer131,76561199887795709
Zork,76561198162461293
PURO,76561199217885724
richard2733p,76561199620161923
PotterFamily2,76561199283132290
Baba,76561198284981512
corzoleisis,76561199868703811
MonikaGaming1337,76561199482509749
Dobry człowiek,76561199013784933
dsaaak196,76561199882342820
Blugnib,76561199185273431
angry muchi,76561199535945937
TheBoss55,76561199787799872
Xx_snipergaming_xX,76561199468953125
cleetus0777,76561199814615898
SilverTeethEdgar,76561199523171945
_47DaveeXP,76561199214133135
lambertcamden9,76561199770648073
PilotFrog500,76561199232119878
speedraycer18,76561199815950824
bugz,76561199350412787
269,76561199818405686
SEM3NCH1C,76561199816288656
amjppoczta,76561199053076660
AvGeek16,76561198396994948
Buck,76561199153365624
𝓟𝓲𝓴𝓽𝓮𝔂𝓵𝔃,76561199271537085
dead inside,76561199812659581
UnicornArcde,76561199593598488
Someone,76561198408634532
don.niko555,76561199580544977
random_person,76561199215110238
tumbaevaman89,76561199881314010
05MUS,76561199696856656
ken1k,76561199824623864
VoidRaze,76561199661398217
Bong,76561199677775938
1MPALA,76561199544653005
Pringles_Uncle,76561199402230017
MarcOFF,76561199492916965
Oskarimestari,76561198264229164
Simp_426,76561199148043473
kola,76561199864366127
ayzdanny,76561199178853823
esp.michal,76561199103685173
noobpro,76561198314268422
ExoticGamingLuca,76561198094311171
kalebr.r.2013,76561199837954319
UAshuma,76561198889614928
jamestidwell83,76561199810787404
rebecca.fox,76561199186195187
Magiozkin,76561199653121179
CARSKAIA_VODKA_45%,76561199663974719
chipi chipi chapa ch,76561198057582638
Gabriel,76561199472370961
Авито килер,76561199017557892
Skar,76561199111882637
членодробитель2000,76561199557071296
jedeckert02,76561198787594126
zackkblue12,76561199095349146
Черiп!,76561199130760600
dadanyil,76561199734382056
American Alligator,76561199595723154
ThePixelatedPlayer,76561199102109939
Aliceinchainsfan17,76561199371598497
leadgtar73,76561199521245449
Yanix,76561199043543507
nothing_gaming18,76561199586649080
jakelenssen11,76561199798133262
LAST_REVENGE,76561199811583946
karasimmons40,76561199841079454
Inklingboy274,76561199573101634
BerniG151,76561198817264855
mason 😱,76561199801279012
1911 445 ATG,76561199494220604
louisjonlee,76561199037489932
LeafStar8031,76561199228931752
Ironclad4808,76561198015789570
James_xx,76561199388403141
randomguy2869,76561199673792209
barrysavage,76561199198636644
bruh,76561199626304126
meowmix8970 TTV,76561199128239925
L U A N ♕,76561199160923425
robertson728xx,76561199788329342
XxjuampzzxX,76561199196418783
josuegg2907,76561199876461492
rwm616,76561199064607377
AsherProDude,76561199592726026
jonathanpaul9572,76561199196878660
bsirmeowslot,76561199471820266
Njninja,76561199052260212
CJBLACK_PANTHER,76561199493805676
SeanIsBoring,76561199685465600
JakeyWakey,76561199233251273
BenjaminSchwartzWhit,76561199582479796
vshamayel,76561198786563212
skstiffler,76561199034702177
kevinarias2011,76561199707882286
Yo-B,76561197985913245
L7DTK,76561199104750981
Experimental Pilot,76561199122302797
Gambit,76561197981296023
Wafers_lol,76561198408648857
bluedogjazz84,76561198044727322
becerrasammer,76561199468055436
winstonwylie097,76561199868616404
cooperiscool2008,76561199229742605
EROP,76561198006087939
hesterkarr,76561199158401991
ihatefitbit2012,76561198788863695
TTVbotrash,76561198810157860
TECHBOY,76561199879013620
isaiahsanchez0829,76561199540675263
harrispaintingltd,76561199158120224
knichols1985,76561199490179700
drstew23,76561199086792639
kathyf81,76561198804257604
PlaneBoi321_yt,76561199588629094
rainfree,76561199228390896
Agent_22,76561199668716643
Angelok™,76561198042043047
ame,76561199039242309
boxkemii,76561199405403177
ghost,76561199300941781
m.grey13,76561199442703734
Unnec,76561199482884492
ЕГОР ,76561199435028849
DrunkDriver007,76561199013255372
thedominator074,76561199823734207
ЁЖИК,76561199629864965
Muhammad,76561198427384196
SemiPartician,76561198885230809
2006 Volkswagen Golf,76561199850287663
Lewarek,76561199096896779
spotta,76561199806679387
piter,76561199822836155
Thorn,76561197994577178
Shadow,76561197962280003
thepro241,76561199388586783
Mr.blah,76561199222002905
samuel.wollmann,76561199124739720
rr-3581,76561198358374651
Jonas112121,76561199589681613
Zubik,76561199666934462
віще ні чітко.💔,76561199078305328
adfire90,76561199276771012
ser.crasnow2017,76561198287134280
fuzzypickles,76561199075250568
Nevr,76561198151552593
cheezeslice,76561198428591909
cwmehlenbeck,76561199812070216
кот с пулемётом,76561199394751691
Чивава,76561199219524030
Nudiefiend,76561199243905668
Pilkovic,76561198918807750
josipradojcic3,76561199850672412
Sasha_X,76561199378529500
Catoctin Works,76561199560620896
70dolg,76561199049172698
Макака,76561199011571603
bluesmith1913,76561199102467708
Da Jewish One,76561198010446929
TaLanT786,76561199067121661
лiв,76561199697177234
ROI,76561198881223791
sosunok,76561199574965066
toby.valler,76561199237280294
Thomas,76561198004948797
GHOSTmx,76561199112197054
joel87x1,76561199792321538
dbrice80,76561198086882485
Burnt Toast,76561199214096173
Cornball!,76561199231291895
xbrun,76561198841258608
wickedinsane502,76561199777391135
codylpip,76561199805734470
DOB123435,76561199774478367
sergioalan516,76561198956409138
elliotrouse00,76561199811863299
Simply_SAMO,76561199223568652
falconeddy,76561198074099172
Leefy,76561198354506643
Postal Postman,76561199817747000
Максим Киевстар,76561199231374475
ryfab199,76561199568368454
BaronVonnWhitten,76561199086452414
Thenewshadow,76561199055455230
chinese salamander,76561198884030298
Igotbeansinmashoes,76561198993862409
OkkiBokki,76561199494636157
RED_hiroshisamaru19,76561199053852922
nconkers,76561199276442723
mactavh566,76561199825502215
---,76561199076652440
bartus,76561199071368079
Алёна я ебал тебя Lo,76561199230550875
zosiawaslicka,76561199798849369
FatalErection,76561198112985045
MartinPog,76561199013258643
Artificial🍁Canadian,76561199490639229
goose13,76561199238424524
Ritexo,76561199069047001
marinela.b,76561199107116912
Shadow,76561199796406595
𝙶𝚑𝚓𝚝𝚢𝟶5,76561199097421624
olivervoros,76561198004346148
FxxPlanter,76561199546918667
GGpr1me,76561199156344077
Jacob,76561199468437195
Guest 1337,76561199096149751
Arynt,76561198015854589
CS2-CASES.COM,76561199033659522
FeliX,76561199433716363
Fv tuna.com,76561199745996323
BOBisbetter72,76561199770581854
firebird2008,76561199247341328
Hiyachap,76561199222949216
hamberger,76561198200307587
KeiranM,76561199108809318
Notixcs,76561199077652872
brutus,76561198408994732
squidy,76561199801366390
Cris_05,76561198873394809
brewsor,76561199507871764
xHellraZor,76561199121267875
Mr. Oblivious,76561199364532409
vechtable of pizza,76561199446041637
RjayAjay,76561199334143068
+Servo+,76561199196237259
im a big boy sussy,76561199053751954
royce2cool,76561199239312947
usedtacos,76561198090303194
Ephemeral,76561199657162871
jorgecarrionrc,76561199527364891
CocogAmbo,76561199815155916
dragyLan,76561199166681773
dark2day,76561198393688996
Попугай Рича,76561199011737060
КОКОС,76561199681614980
Zenix ,76561199569947153
kiedis129,76561199475260112
reter8336,76561199763337463
Kaalua,76561198203387382
Multirotor,76561198114367874
Screen Slaver,76561199355442722
toshi,76561199100791770
fahmiramli7,76561199026422519
DAUKE {Ⅺ},76561198992529395
Xinzz,76561199224573376
ЭТО МОЙ ГРИБ!!!!!,76561199217634174
MOON,76561198160755497
Chicken123,76561199766539644
The Heritage Farm,76561199507177593
cicha_noc,76561199482591331
VERTEX,76561199006570130
Raiju,76561198855204708
Itrainso,76561199230786653
KARTOSHKA,76561197988867398
Джек Подрочитель,76561199199588823
GucciMediki,76561199569759919
gatorit56,76561199866956588
xbanan1609,76561199781160929
JesL,76561199233284852
FinityNiss,76561199300666396
Mr.Penis,76561199591536549
k1z1k,76561199625940406
s3mplify,76561199818722997
Ow1l,76561198867794475
kiseleva.anja,76561199566259220
Mati.,76561199045599016
ScreamMedic!,76561198031275321
Foless,76561199193082157
George,76561199815257728
jimj4m,76561199849208153
Chunk69,76561198017989463
Wobbly,76561199191198915
wazza_1980,76561198178603687
avalosmichele1,76561199579543989
Уёбище,76561199381902744
jellyhead,76561197993841250
DIE KATZE ALDAAAAA,76561199246123118
capibara,76561199742899900
miloschamp,76561199822501717
YoThatsBonkers,76561198305891718
MarlinB123,76561199229449442
Redragion,76561198414670689
NACO,76561199013116150
Igor,76561199184662180
ButHead,76561199579075830
resendemaster,76561197978962536
Tsuki,76561199802617662
peddy_1990,76561199497117890
PieGuy2000,76561199802323870
oi,76561199096906866
parz1val1142,76561198788222733
Happy Face,76561199624700957
Sneak ATTACK,76561199831576476
snoopyman6000,76561199230712107
ashleynbright,76561199794803255
markusjuskys,76561199765317210
helloanniestcyr,76561198996898006
acklodab,76561198000064906
Thomas,76561198879997903
viper,76561199759624859
zoloher2012,76561199670851427
nickcom70,76561199504449234
rnstacy2012,76561199063869638
lsgform,76561199028202801
Kowalski,76561199047060591
Tactical gaming,76561199706730110
Dominicanboy222,76561199472227281
codygsn,76561199214641230
Dark,76561199233449448
oshkosh,76561199447253967
theofferg,76561199536329189
jimmyChoo,76561199539518611
hellmagus666,76561197973252431
kitty litter,76561199070241636
libbs,76561199192883207
Толстый Бен,76561199817886280
never,76561199561819059
Sniper games,76561199138405582
Warthog,76561199504575052
GRIMM,76561199589164322
An_M1A2_Abrams,76561198254861707
Акихару,76561198830521130
ognk,76561198817325466
Raithryn,76561198811954650
Name,76561198319912408
letgo,76561199071657977
lootnic27,76561199597685988
kenm95132,76561199650563061
mrscream9000,76561198996235609
shooniethesigma,76561199887113394
spycakes6,76561199216809378
Аня Енина,76561199227983746
Me1dvet,76561199313662879
Levithehunter030,76561199815705482
B1-2639,76561199102309370
Filip,76561198398342659
glitchy radio,76561199237269394
Trait,76561199184816406
kira41245,76561199559188816
beesonme,76561199543660742
Shnur0kk__,76561199067869956
Антифриз,76561199361242171
annihilator,76561199204039817
Murphy Law (cope),76561198954047702
ImJustLachie,76561199554188972
dunik987,76561199381972755
ManOfBong420,76561198077619061
achievement hunter,76561199143976994
Mighty Muffin,76561198855083512
Escapism,76561198874441736
cave man,76561198982457443
Drifted,76561199122405577
seppy,76561199859159798
jopek420,76561199855409289
bucket_o,76561198976121420
graymacwilson,76561199568787680
BOMBA,76561199566927097
lilgunny,76561198817695057
akul2326,76561199545152423
knapaga121,76561199802573569
Leon,76561199544814890
(PGB.128) Baumschubs,76561198324655663
kozel ,76561199106681892
Жiдогон,76561199163493700
KingGurke,76561198306911467
ajkahnt,76561199572911126
davyjustino2,76561199639723492
SalatLudmyrik,76561198257646203
owen.tangyk,76561199878382232
BoogyPotts28,76561199819337375
rileyjglover,76561199033244959
Dexter Morgan,76561198970361259
Keags,76561199015131749
Fas_TIK,76561199517993307
archerbear0315,76561199121244751
Gruppy297,76561199082907498
GLATTHEGOAT,76561199443246333
Shuggy,76561198085360890
ritcheyrn210,76561199589953843
elliot312,76561199148515867
iannnnnnnnn14,76561198978299147
Dext,76561199092795412
jmcclish,76561198953833789
Opus_X,76561197986015258
RexMegalod0n,76561199475034001
paspawd,76561199241160354
Crazy4Cars,76561199314750057
Kipp,76561198799700006
GodzillaUSA317,76561199683056061
StrangeScrab,76561199152783665
Tirus,76561197998484239
ghastwalker,76561198975513544
Worlnavy,76561199209455982
Sleepless,76561198876149346
Shadow Wizard,76561198055570420
jakelo07,76561199814767720
lego,76561198805462694
pavlovvv89,76561199446675364
M.x,76561198215907383
kot24-09,76561199201456603
Absolute Genius and ,76561198974356246
shadowxiong85,76561198371130329
kyleas.2028,76561199584180628
baguettesarecool_978,76561199040472605
ERKIN,76561199438203745
WSC | драчомен,76561199698053000
kirievuka,76561199656333491
mihaidanp,76561199754830045
hkuy516,76561199873366379
Tigershark16,76561199465068322
Zeta,76561199127449034
davmpro44,76561199804978850
beaumont1707,76561199819633301
Wall-E124,76561198873317765
las.jinsung13,76561199155771700
KillorDie,76561198021734333
Sky,76561199837316617
comm@nd3r,76561197977527140
wojtek123,76561199076073896
yukinori.green,76561199187541940
austinjmyles,76561199048538315
ЖАН КЛОД МАМ ДРАВ,76561198092351700
VTXZEAL,76561199380125641
in the faux,76561199034904311
Sigma_GT,76561199171665763
macaronintk,76561199287207358
Danny Schnaps,76561198785116061
Xylo191,76561199277483489
67crandall,76561198971565370
jenniferluanna222,76561199233579635
MrTaco123,76561199486259082
Jgscar75,76561199037593526
Blaze,76561198964648124
Maarkoal,76561199057089155
Kris Dreemur,76561198083106916
Bones Vile,76561199522135859
Sparklefairy1994,76561198102677597
buck,76561199667440521
turtlechamp14,76561199387950224
Heavenly Mukbang,76561199486653902
Coldmedina,76561197965600104
christinakocsis24,76561199758944138
alfie1175,76561199812452542
ennassiri,76561199592009310
karkar005,76561199588749054
hungry,76561199122311282
bunkerbuster,76561199122386411
HOMERO CHINO,76561199596698517
duncanjaxson68,76561199799393449
laughingmonkeyb0y,76561198886819725
Oregano,76561199812194654
beat_dropper,76561198859487275
KEclipse_247,76561199124844001
cas,76561199011971081
WilliamRomy36,76561199835978669
arovere,76561199474438733
snowboarder107,76561199122512538
Akame,76561198263487256
EZZSYKO,76561199084198031
me7eebo,76561198834757798
TheBazzaMan,76561199804900783
raptors15vs34,76561199099611390
CACA MAN,76561199588384593
raptor,76561199430617693
Jacers,76561197961699855
rhinocaine,76561199184396782
Jkhpanther,76561199676834008
l`enkawerf,76561199117927664
TV lol,76561199641023593
HyperBoreasTopGuy,76561199279287649
Kenny Rogers,76561199838627287
onefastkid,76561199848925948
bhaleunitedcentral,76561198872909320
elirupter,76561199456395710
Scout,76561199155526400
wompwomp,76561199641541276
waylonlee1w9,76561199811973859
Spino16,76561199438573750
Tercarloga_     - 乀,76561199482167472
407095925,76561198792434096
AgentCoolAid,76561199002705062
tony trout,76561199182525412
zeff,76561198112548004
mcley002,76561199101838507
< blank >,76561199784457967
tonedcarton,76561199375503581
HyperlilOtter,76561199846534366
tim,76561199018100573
zenter 0,76561198865661773
artu6717,76561198785390385
aegan028,76561198857355806
|MR| COBALT,76561199174958185
skylerpounder,76561199731936044
ＷＥＩＲＤ,76561199104603789
gthief629,76561198869626090
388,76561199759929719
douglasy,76561198865543939
Agent4SOMEL_E,76561199202252955
creycreyna,76561199114481357
Stretchy_Fanta,76561199105092067
joetoofat,76561199201205562
mard,76561199570717501
Casual Horizon Playe,76561199275338255
Elixx,76561199629537212
2121846367,76561199748774632
lagrock363,76561199856814036
Connor,76561199740046492
thereinheimers6,76561199749789035
Terex140,76561199397259249
AtA,76561199109160279
GR1M,76561199523186622
jimmyjamesjr,76561199219050905
sumaiyafitter,76561198924346731
doyler03,76561199487721412
Smartybrainiac1,76561199214099189
bluefiredragon,76561199459892462
zygadubar,76561199811469306
dsm,76561198004752353
holysnykies,76561199581473661
soapysoap,76561199573214547
yaboicezzar,76561198787624920
Robocop_FR,76561199026068308
chacha17.,76561199019803469
MBZboys,76561199841640758
fred,76561199071320554
jromanini1028,76561199588494911
pizzarex48,76561199885348947
Flako,76561199465843410
Skittlez,76561197985723559
Ladiesman217,76561198913691150
sarahbeasley09,76561199746792715
AJ,76561199484184191
familiefris,76561199008334555
roman,76561199520189916
nathanhfirth,76561199589220759
HumanDoor,76561199820619217
Jeff,76561199193161187
edwardjsah,76561198135004561
OlkBoys,76561199888586119
4kmika,76561199726875664
Starbeastrose,76561198032384661
MenyDeer:3,76561199245844316
MotoMoto_05,76561199862563424
H3LLC4T,76561197991213512
негрик,76561199648679729
Railmotor,76561198042854716
marknycweb,76561198025040210
SLYGAMER9080,76561199681016329
Lord Sith Akuno,76561199489887299
plwilson1,76561199395310649
Turboburger,76561199489869799
legoninja30004,76561199129836283
skywalker.dhruv,76561199227870747
zElihi,76561199258971501
roofusleaking,76561198169342590
Friendly,76561199532552239
leosanchez061612,76561199812433008
The Hugger,76561199002015456
voytec56,76561199510633341
THREESIXTANGO,76561199055294318
lcwiltshire,76561199085667063
Background noise.,76561199139953120
bebra 228,76561199487112680
IEatDrywall,76561199547394831
sezo,76561199569934251
SEEKnDstroy,76561199273793488
krazykidkaiii,76561199528564422
dougmc79,76561199026503914
Eze1250,76561198305927732
Dylan,76561198434706417
audrachloe,76561198999689531
HenKat,76561199158043564
Frying Pan,76561198844702228
chillzz328,76561198786695278
draiffe98,76561199024165672
theonetrueButterFing,76561199121976539
John the mike tyson,76561199768825974
BlueOrange,76561198869073850
Railfan2010,76561198040101265
T13_LIVE[TTV],76561198298683473
SparkleFace63,76561199116033394
Conspood,76561199200768666
redjacktober,76561199353645820
rndm_ff,76561199017210725
sacha.tammy,76561199223118955
tsaluk07,76561199862375076
истребитель пива,76561199496625371
Karmasflame,76561199669225449
Pavor Nocturnus,76561198855140034
МемАрхив,76561199041321801
toff1x,76561199227491498
Brick,76561198210183957
maksim,76561198852912694
MarkDog9000,76561199763484355
Quadrophenia,76561198332118082
Saul Goodman,76561199588372418
bobwhat,76561199573805347
alexduranjr2014,76561199830919623
SEKTOR,76561198989212586
C4iKiR1yO,76561199000226976
Astra,76561199809950707
Klapek1229,76561199470264919
samuel l jakson,76561198433213500
pepitooo,76561199783111563
Sm4rch,76561199094748573
володя тракторис,76561199819415773
alcoberameynard,76561199492229905
zv1975,76561198843870623
l1239,76561198885838130
Чугунный чебурек,76561198837125606
Crocodileman,76561199794818199
"N,E,O,N",76561198822894713
Pencilwania5000,76561199879533891
biИ,76561199471727462
God,76561199884720769
hrosenko4,76561199807218515
kacpeu2,76561199308664712
Artem,76561199716537929
kajatian.indanan,76561199530518926
nazart832,76561199808668930
боевая свинья,76561199438221442
Calzone_Tyrone,76561198344766722
KOHTPOJIb,76561199210914685
barrylog67,76561199589489106
topcathat22,76561199420451618
SigmaJam,76561199642641329
lilpopies,76561199580470501
bananaman518,76561199544616522
BL4CK,76561198340829874
anelso87,76561199834108869
сыктывкар gaming,76561199197329680
W1nua,76561199164229136
VicJesse101,76561199217421485
Kitt5234,76561198418423491
vanyaigrok,76561199103159588
SUSAS,76561199439768530
ganjam0399,76561199811098510
EJD617,76561198985360226
Infamus,76561199072474173
thomasammon,76561198041183208
gavinicus,76561199061852957
blakemcdaniel2012,76561199193629564
ojtd70313,76561199437387173
therin,76561199642442921
Colbynathan24,76561199812271898
Failure,76561199015030335
dewaynegann32,76561199119562209
apollo,76561199474792603
dabigestcheese,76561199241995764
COFFEE LOVER 123,76561199122020252
Soup101224,76561199047051171
sanefrhulk,76561199007814208
WhatCheeriosWillDoTo,76561198843821838
SkillerOG,76561198165691595
mr.glitchy,76561199579232209
врач,76561198856916864
JUSTAGOOBER13,76561199866061636
cam6151,76561199466492390
STARS,76561199591855578
ArIstokrat,76561199880662987
アレックスgg,76561199061374491
ColemanLuke,76561199682447317
lewandanna0524,76561199235352659
Kanye North,76561199162384080
NPS_PANDA,76561198795390013
aperson,76561199046087207
TheStone,76561199497471823
Kristopher Lee,76561197973276171
marine165,76561198031657360
mr idk,76561199085506138
jamie.letter,76561199472797632
Jack Death,76561198371968682
DocEmmettBrown,76561199050173657
Sharky123,76561199149138427
vetal.pro,76561198088292068
Levi-12 Gaming,76561199586929345
freeze,76561199688941318
The Turophobia,76561199785524754
точка,76561199091128136
davidcabral311,76561199820138628
Lpayne12,76561199849308554
Dracoo63,76561199470759238
ExplosivesInsideYou,76561199472044080
Опарыш мощный,76561198891859836
папая,76561199610672680
pparnel,76561199195458075
Tomasz1003,76561199230803483
Megalovan1A,76561199441304879
ExtaZzZ,76561199063332591
MysterSneg,76561199743379328
MeaRva,76561199305242915
Гусёк/Metroman,76561199768378083
BoB_XD,76561198254463253
mocorley,76561199498998426
Analni_Drochila69,76561199216577638
allahuakhbar,76561199104540623
lascelle,76561199146204495
дрель,76561199652633838
Yessir,76561199224813546
Artur Mgła,76561198819942082
oleks2222sv,76561199570728935
JayMoney,76561199536053741
duck,76561199443998664
CyberBear,76561199229908412
peanuts,76561199152802802
KSS1T,76561198053761020
Shmiak,76561199417651389
ElloMateyyy,76561199811434214
szafraniakgrzegorz,76561198836643866
IIIIChaseIIII,76561198267202518
AJ,76561198999589705
Prigozhin Zhenya,76561199191009510
лето и арбалеты,76561199497658656
fox\'s_edits,76561199588488746
Max Power,76561199845430201
Baikal2037,76561199246427811
ch0mpy,76561198260455566
sᴀɪɴᴛ,76561199237767146
꧁༒Mikki༒꧂,76561199532423424
mak22,76561199816583365
BONNYHKA,76561199135330160
Hardi,76561199260766712
󠀡󠀡,76561198153366034
czesioo skins.army,76561198823596650
Jason_Nighthawk1,76561198955460323
МОРОЗ,76561199405641682
Altylerix,76561199778204845
DSTruck,76561199300722590
ProtatypeX.,76561198844121499
EngineerLiam,76561199487096753
Cyka_Blyat,76561199210509189
ttiiggeerr99,76561198438779166
caityanderson01,76561199315113268
LOKI,76561199374408504
Jordan,76561198358963757
XinoxXprO,76561199732791072
Clementine226,76561199175624447
wall,76561198843465500
02/TheOGgamer,76561198826901354
jacef,76561199514805964
Flonk,76561198800428831
Dat One Gamer,76561198028407605
7800GingerBB,76561199488802304
SPRICK,76561199265183329
Сракатанчик,76561199489301348
issxg:0,76561198009436173
Neons_Boy,76561199550158186
Feet,76561199180790545
mkristman1,76561199593263965
bang.vestmark,76561198412904780
gotomicz,76561198327898464
Tayler,76561198357382127
._.,76561199760107937
Wertberd,76561198351458970
angeleyes121790,76561199216366964
thefondler89,76561198862415371
ЧЕРЕПАШКА,76561199577037708
WoofyJay,76561198882640320
D1nim,76561198826648830
nkmalbert3,76561199589552464
Pellit2gethR,76561198085526147
I RISSIAN ТОП,76561199568906183
Alukard,76561199016762458
aaronwgilpin,76561199637884001
SOUPA23!,76561199124723753
daleo_00,76561199105408783
Father,76561199517042235
Mute,76561198861004571
jaidjets2012,76561199699657171
ApricotFerret,76561199067244820
kristi.phoenix21,76561199501416650
ферадера,76561199509414254
Conrad,76561199219269514
Zevirem,76561198060301751
Britney,76561197960344692
Боевой_Краб,76561199543825920
N E K U S H,76561199846971381
Beyond_Life,76561198345959248
Diamondkrafter,76561199155455517
[o_0],76561198978069199
Cc8tv,76561199126699656
RAMMAK2,76561199876830408
owiic,76561199017982981
euphoria,76561198837395727
Thunderbolt2,76561199277837428
Yamhax98,76561199549430728
JuniorClub,76561199768584357
Robodude6565,76561199776066712
gajdysh00,76561198882754906
•°K A N D O R°•,76561199550639586
Popsa,76561199472731309
пыхпыхыч,76561199093762070
Jakubek565,76561199207748702
★Moроk★ ヅ,76561199862584816
nickytheidiot,76561199812544850
[ S U N D O W N E R ,76561199252324437
PowerPoint,76561199014579569
ozioxa,76561199830667031
Literally_Charles,76561199225613155
Donald John Trump,76561199138519217
Chebupelmen (общий),76561199436645235
RodiNauz,76561198940125695
Krazyboi,76561199237100930
madma_cubito,76561199646227101
juiznobre12345678910,76561199749498002
tristanfricker08,76561198993564554
Yalala,76561199388683280
ThePro,76561198851936465
ryanr3l1ty,76561199669676356
M1coq,76561199794975830
connorbcurtin,76561199758403628
crockettaja,76561199814250634
Gansik,76561198951280244
ldailey2025,76561199851536775
VΛMPIKST,76561199696819124
wux,76561199182514165
Bakkin,76561198082750848
briley.rob,76561199642293019
kosmic gaming,76561199445934730
Tain,76561199471609519
squidwardtennisballs,76561198426601012
chendrickson,76561199093646213
mr.spinanchio,76561199438702166
gray41e,76561198062368028
gruzddd.exe,76561199574837778
Szkody Górnicze,76561198994634688
CRASHMASTER,76561199009170047
hamceh,76561199832551698
Ҝㄖㄒㄚ卂尺卂,76561199804147243
edaddrillo,76561199703066026
ziko45,76561199191359533
kjohn1,76561198893377764
TheHungryV8,76561198203343413
catsfrknrule,76561199004838928
william.sinnema11,76561199750322290
Catjira87,76561198907284270
Dimitry,76561199064008610
TheHybryd_playz,76561199018394397
probablytyler,76561199079942486
tetery/77,76561199826998496
LilMonster1566,76561199708631439
fat_cracker,76561199548064125
Ishkid16,76561198085008474
alexle2855,76561198098642440
jerome,76561199057102288
randy,76561199073794671
johnhd1345,76561199466497634
Alex09,76561199004092708
xanderdm2013,76561198791054199
mhofstee72,76561199212788221
frostyf1,76561198035669878
Wiese,76561199021856755
lexus228,76561199409196108
RahmaevTimur,76561199885714088
Mehanizatop,76561199226932209
xjchris99,76561199230413196
Kingzilla250,76561199189729405
dol baeb,76561199441306877
Dyrepalo,76561199754496805
ETomo25,76561199680501897
mereucaruslan,76561199831526969
Nikita771,76561199205797993
slugger105,76561198059808642
Tex,76561198854193661
WAL-MART,76561198799218828
strombolimaster69,76561199005558876
bgbeisse,76561199127950829
76561198930448605,76561198930448605
KOTNK368,76561199075791999
nicoleandbrox,76561199480888923
redesign6600,76561199240977368
SpidermanXI,76561199069651930
charitywoolsey,76561198892922063
4sakntaln=VX9=,76561197980218234
67MANGO416767,76561199812814334
huntersteamgame,76561199396471810
jellowm23,76561199535960581
lacfr_,76561199093914825
MonKey5maN,76561199225526154
stveelectric,76561198345843816
RongamingYT,76561199229987427
mr popa,76561199762059874
EurofighterGamingYT,76561199587549566
Young Stroker the Bo,76561199148076415
gorky2468,76561199378124924
Death,76561199239266043
Again,76561199389005464
めぐみん,76561199064595176
J1eV0,76561199384358345
mittens the kitten,76561198004991334
aidenforrest4680,76561199571475509
Rikawws,76561199483794153
ΚΛΜΞΡΛ,76561198897653377
bialal96,76561199874995287
kaysenschraeder,76561199812101461
GTNH | RTX4090TIFarm,76561199466320254
Kot_Norm,76561198985293811
GoldenSqueegee-CSGOS,76561199075951912
dualsupernova,76561198886892130
BlueCrafter,76561199261492089
Bones,76561199030130216
лестница,76561199887856385
вазелин,76561199446457704
RussellRaptor,76561199244993299
MrFrostyGame,76561199013293977
zoik37maxpro,76561199228633765
jorkang,76561199039456085
Lhs_Plays,76561199444013585
varej,76561198072369573
jonniebnz,76561198298682660
ꔪ𖤬ꚳ𖤀ꚶ𖦪,76561199431241553
rich,76561198807007482
sapitipas,76561199184351174
Husky 54376,76561199015700564
Bullets,76561198172710741
cookie,76561199779035105
非人类,76561198076692205
Turtle,76561199623591329
mittlem429,76561199046983861
Ordinance,76561199034518264
buissonfamilyuk,76561199447421329
Вантуз мен,76561199542710207
Mrsnipesalot,76561199088947750
cerberusR1s1ng,76561198115551911
radracers,76561199767735286
macnovak,76561199788866002
d3dcalm,76561197990991093
Markavossa,76561199591690466
potatochip31336,76561198784515409
frustratedGA,76561199227251413
Brickedsus,76561198258259930
MalucoBeleza,76561199184415707
kamdyn140,76561199807508728
Kot-sornyak,76561198090777571
Rubadub15,76561199091826651
saving pregnant bria,76561198200489923
drunkenoverseer,76561198048840202
JulinhoCria,76561199251927055
beetlecorgi1873,76561199801515081
lil sebas,76561199123217982
Twisted_Fan09087,76561199628940460
italo.comercial2015,76561199037500608
Creamy,76561197984986343
DaniG141,76561199054471535
𖥂 SYS//: TLC 𖥂,76561198817319493
Astray,76561199110715150
Docure,76561199811933252
Fiend SKINS | Bloody,76561199123432207
treveous.blanks,76561199591486368
BUCKOA,76561199390334217
s,76561198796134682
kuricbirdol3,76561199842773469
dustin_bynum,76561199084324031
CandleMaker,76561199440265300
ianm20500,76561199786283160
Bronco,76561199624932877
sdliojgf SHkjtfwioeh,76561199506084271
Engineer_Gaming,76561199137690842
Ghost1k_,76561198359252677
boondoglet,76561199228814244
alex99md,76561199516954937
karkarovich2,76561199552963805
ladiesman217,76561199122928705
javiqdo56,76561199817755859
gmsisthebest2024,76561199833509652
M1lkcart0n,76561198994669030
TheBeerlord221,76561198187763209
R0T0RHEAD,76561198013887077
Noobing Time,76561199378940272
laffidurity1234,76561199588358306
605Prophet,76561198172618979
aceyv5 :),76561199765793585
PureLiquid_Beef:),76561199841603686
Greg Heffley,76561198136840351
fetus_thrower,76561199682335754
MrMythic,76561198968728657
Indomitusnex,76561198190055837
theitalianstud,76561198295649277
CandlesAndCrackerz,76561199025234099
scotforman,76561198976208827
YIC3,76561199764933804
SKINBOX hyper-drop.c,76561199677348334
𝓩𝓵𝓸𝔂,76561199682916363
Lilcapybara_Lp,76561198783269391
Purzel1511,76561198300810160
depre,76561199475716308
panty,76561199844774081
LordEarlGrey,76561198116677933
maxrqiow,76561199202781230
⛐ⒹⒶⓋⒾⒹ⛐,76561199758841129
SCOOZE,76561198332153683
Argudyaev,76561198963687428
james.dharma12,76561199712530577
arbuz,76561199816968714
Noah,76561199228914522
GamingLizard,76561199592082671
batmanseth5,76561199067093138
JesDep,76561198972489921
ando_mundus,76561199594408787
dimon_dimon_2023,76561199849726528
Ninebotas,76561199164282775
Zubrenih,76561198050395804
ZAPOROZHETS,76561199204828463
Canadian Crushers 2,76561199009791464
Samhyn2010,76561199219868374
Rebbit2112,76561199197334082
Just a normal player,76561198811428757
Baguette476,76561199812399757
laurenpacheco844,76561199585153810
Simzzez,76561198864446482
christopher.toonces.,76561199065316052
villas7990,76561198018727576
skimpynest,76561198786892277
Kalkreis,76561198880308851
Inodo1,76561199401618673
creatorandcreation,76561199835462409
Mr.Semibot,76561199147772673
jakeygandy997,76561199702531378
AverageCloneEnjoyer,76561198972447775
DragonTroyX,76561199384246988
Pussywolf,76561199016652169
흰사람,76561199095954702
_normik99c_,76561198228501880
Argento,76561199554841990
dominator,76561199502315927
Real,76561199175655919
XLebushek,76561199691821056
GordonFREEman,76561199848981693
Bashy,76561199284801901
Ultimate,76561199553883958
kostaFBK,76561198031824016
DarkRage,76561198044280978
DEDROID,76561199814113830
coz,76561197999466641
Passive,76561197992686659
israpil.magomadoviis,76561199865243219
ernest1918191,76561199804045465
spy,76561199011773115
Mr Rat,76561199643136832
goosedak44,76561199689439115
Doodle Mcfart,76561199226677036
scopest,76561199510062948
tristansakastew,76561199780878311
ЧУВААААААААААК,76561199799113924
Темный Принц,76561199785941495
B2M4B7R,76561199556950902
HaKeR777PRO,76561199634310141
andrejs.vakars,76561199211528062
yannickbilodeau7,76561198167546671
yoghurtdestroyer34,76561199139842023
Cuber21,76561198302756625
Loganmgamer,76561199888654751
TheMr_Dodo,76561199095018613
David_Bram,76561198117999888
Robbi12347,76561199762943105
skel,76561199648749219
SETRZ,76561198152422216
Org4nizm,76561198411670167
240km/h | ilyaky,76561199473701425
plexman24,76561198126894823
Miedziany,76561199401627728
FlameLambo99,76561199854524152
adamski9985,76561198404373326
danielmateofraj9,76561199852282385
Durp,76561199493491733
GrubFire,76561199118664344
Kart0shka,76561198313590397
Wagner group,76561199162488788
проффи топ 3000,76561198886207533
Sergius,76561199851470976
JJ45,76561199256906191
darkar6355,76561199109523356
MILEK,76561199792905597
Formulus,76561198785850406
frankiechesler,76561199814492842
черепашье вымя,76561199523701106
TEXAS HELL HOUND,76561199067998414
Old spice deodorant,76561198305572367
болгарка,76561199566450562
Mrnoob,76561199491692256
lumpy leader,76561199242596162
v3050544,76561199657022415
molinki2020,76561199594921271
Andrey41k,76561199234957970
anonymous,76561199544531520
l.j.b,76561199843147413
remyjclemons,76561199222613118
blairfie47,76561199863497585
real.lrx,76561199558050736
Bobus Maximus,76561198069728570
gvhedgehog23,76561199830273727
Rob,76561199527827366
SkyframeTech152,76561199556558993
Waffle :3,76561198880952858
helloworld,76561199682915757
Paper,76561199222591196
daquavious,76561199432883817
yummy biscuit,76561199230759380
Johnny Tightlips,76561199794738797
DashennRex,76561199454616727
Leagon,76561197998584771
Yuduxxz,76561199042235799
kkepa4ka,76561199587239624
Chemly,76561199067083140
curtis.cholon,76561199027104176
1vX lover,76561198126092306
LEGENDA,76561199383201036
SmittenKitten,76561198884689680
MrLokinnHerb,76561199203991857
Akitsu,76561199084996905
L1qudator_,76561199223058065
Ziga12,76561199786909705
Fobos2838,76561199681012239
nojG,76561199800926811
Kol1so,76561199475683236
leagecy,76561198307371122
Galaxytt,76561198984587561
Dante1000ping,76561199512186565
Kukumbrik,76561199504478510
wogboy,76561199804654674
heisenburger,76561199647746675
Солянка,76561198853498272
CAAYSS,76561199229069093
ffig3211,76561198786164995
neonlomemine,76561199274207897
NNN,76561199383941617
fikus,76561199428624133
Shuhevich Roman,76561199094378478
MonkeyBumlover,76561198109412053
минеральная вода,76561199796249608
super.ganopolski,76561199760348840
Dark fantasy,76561199388337224
Stand User,76561199017320132
kaitlinesper,76561199535606140
rengiro6655,76561199844366839
Ходячий Исламист,76561199486278020
jleyendecker1972,76561199889403787
bbk,76561198066589070
[RU] Ernest00,76561199733924488
TomkoXGaming,76561199196880528
masterkids.zoom,76561199218072383
1,76561198985618830
FaZZeG,76561199849646277
Dylannnnnnn,76561198345587709
N1kem,76561199258459034
CHOKKYMILK133,76561199588624588
Cashmoe,76561197961752035
Stalinok1337,76561199485673121
Niclai,76561199498281877
BOBISZTYLSON,76561199671450425
MooMooMooMooMooMoo,76561198367721135
maza1079,76561199855122731
Gabi1r,76561199021358601
Bobrenco,76561199816363258
ЛЫСЫЙ | Загробный,76561199548661302
XV_Stormtrooper,76561199148481928
RCCARBOY99,76561198868100516
jamperwagen,76561199140819176
dan_barson,76561199181986278
RandomFox,76561199090139602
garyhiland4110,76561199768014908
protsakdmitro,76561199780713518
T4Y,76561198789851918
Halo Overdrive,76561198379316550
sharky,76561199066625629
Медведь,76561199233071754
Fat Astronaut,76561199484661061
Ryguy,76561199809200089
ryanwalk500,76561199118788300
SGT. patton,76561198129881432
Bratley,76561199587995602
dragonz,76561198979439924
TrenchCarver,76561198008955735
Benek178,76561199277823266
calebchandlersmith,76561199137938830
hmm,76561198851432976
phorealq,76561199652531059
CrowThief!!,76561199204429646
orenge_416,76561199535056403
leonvu127,76561199709460638
Degeneracy,76561199863012787
AUZI3BLOKE,76561199013702421
Cruton777,76561199542424781
amandagoff1982,76561199463095871
FlyawayCoot03,76561199042770331
JOE THE LAMA,76561198282528486
MatsiMooMoo,76561199818649498
hudsonlee0312,76561199635905677
Johnnyiguess,76561199090436244
Hexid0s,76561199090956713
Maonia18l,76561199250055044
loofer,76561198882341740
jjn56560,76561199852058046
Seven37,76561198070152576
Cardinal S no sound,76561198004906130
Eddie Longxia,76561199571268682
DonKBahls,76561199089344643
IamNOOByouPRO,76561198003660517
✡︎Negev✡,76561199732733065
JennieBee,76561198249059090
homie wit the extra ,76561199093262994
Joe Logan,76561199061352448
лерпа,76561199349238912
jonah,76561199179864082
darkknight1,76561198040628951
EmNch,76561198851156044
soap,76561199858563478
𝕊𝕙𝕒𝕕𝕠𝕨𝕍𝕖𝕩,76561199725541866
Regelefemeilor,76561199544750013
LaFyoU,76561199794579468
dawn.morris2,76561198969864323
[ne regaet] T4rex,76561198992147291
MoMoN,76561199466173350
naver,76561199203138975
BulBULator,76561199042346963
HabanaDj,76561198012505881
mega.hatt,76561199635791148
jamesey223,76561199799686300
ustust2012,76561199121746509
dejwa145,76561198008699811
The Mage,76561198093682988
highwaypatrol,76561199097961298
wirosr,76561199815140484
john.medellin3,76561199881730933
ehbjr21,76561199788768625
Freakzz,76561199035840467
gddyzs,76561199368866487
steno4kin,76561199529282509
chris.trusty31,76561198819973004
Travb0t123,76561199165891080
Fikuss,76561199477168268
The Real Chicken Guy,76561199588387629
CHiaroRagazzo,76561198030544212
Gooch Goblin,76561199064777658
13BlueThunderX,76561199171325414
Alpine,76561199149347071
Yankö_Yankö,76561199121714975
LuScoobii,76561198070271816
sus,76561199499580189
Red_House06,76561199453400304
danya,76561199330392343
elbsuper6000,76561199016131488
MINGEBAG,76561198198314595
ChewCandDo0915,76561199653103228
Oober_Goober,76561199256263591
oofmano,76561198951230955
HunksLeon,76561199160195326
pypypupi,76561199869850324
✞VRXMARE✞,76561199844884924
NETHEO,76561198004320276
ザルウ.,76561199045179746
wilsonfamilyrr,76561199828290052
Джесси Пинкман,76561199125872141
ZXC_ЖОРА,76561199226083539
No one,76561199103910535
BOBYBOUCHER,76561198090751923
Декстер Порван,76561199124965425
MacOs,76561199249111336
ara ara_actual,76561198833021544
PETER,76561199588604480
Xx_Darksilius_xX,76561199344000961
pyelit2,76561198095266077
Bread,76561199650922259
chubby7100,76561199465559718
Zlantic,76561199517332824
Mick,76561199570896923
cupid14,76561199527196749
Bishopnut,76561198183500873
F15E,76561199325210414
wellingtondube,76561199478191348
TheUnderTaker_956,76561199487493850
EzeBreezy,76561198787757683
sad guy,76561199006548734
Whendoesthisgamegetg,76561198801852430
fallen-_-666,76561199229482026
Rhys,76561198983710970
ABOBA,76561199015684723
The Law and only,76561199128532739
abosrut,76561198052655435
Sammy The Birb,76561198443279115
Occyspurs,76561199125676026
senyaugrumov13,76561199858505418
Ajil,76561198795257807
gadriel.tajie,76561199495156368
ruyru1,76561198985982926
Islak su,76561199511137607
Qanatt_,76561199076027466
FOKS,76561199337997736
dashuta.rodnaya,76561199847697992
Owl Gaming,76561199641109180
TimmyTheParrot54321,76561199470765055
jaymoney0920,76561199790270780
Sniper_123_(GER),76561199054075696
tacklerat232,76561199620713367
Боб-стройтель,76561199469525487
ricki,76561198975529737
mecitcinarozkaya,76561199800126110
artem.ivashchenko201,76561199374112675
melikhovrobert ,76561199698728837
melimeli1991,76561198835969855
matthew_cool_boy,76561198976457498
kollok(:,76561199682130952
сиси,76561199467552891
Gaus,76561199434667333
Куплю Гараж,76561199302244579
Уолтер Уайт,76561199099695975
IronHydra,76561199228019666
Leo,76561198857840295
Firetree18699,76561199782545135
boots1312,76561199247556126
JOHN PP,76561199161771322
Wincent,76561199043312916
сталкрафтер,76561198790922801
dinamo1918,76561199213748510
amylstepan,76561199268115863
RPM,76561198263443205
byun1,76561199836952618
nicomilitano,76561198284930838
Atlas,76561199521628443
LIstochek_TV,76561199273645089
DonDaDon,76561199811396679
Maxutko,76561199622385015
SApollo,76561198874929311
Rikoshet,76561199060623703
Mizdu,76561198142412294
sitting duck,76561199054420045
Bunnana ;p,76561199243538016
AyKoS,76561198862089294
Kilonova,76561199186960683
Guy that plays games,76561199066521018
RogalDorn,76561199079950530
thewingedhussar,76561199017938245
Dinosaurtoco,76561199417685317
stitched99,76561199243152936
funy1,76561198828672146
BobbyFresh16,76561199580901964
do021688,76561199888685776
FellCardinal,76561199588145152
The DoomBro,76561199307652440
astrotrain🔰☑,76561199439423991
woogie_JR,76561198793249150
woodrow wilson,76561198234306460
ironman2006vasiliev,76561199244888454
Blackops Dude,76561199235742019
colleensalguero,76561199115866023
SanKorGav,76561199025556749
craind81,76561199484306132
hendrickson85,76561199811627854
minifuturegamer,76561199101640034
Launch,76561198966604648
justhelpnow,76561199013188796
javiszanty,76561199455664503
ry_0,76561199131574528
Alert_4005,76561198834175757
terry davis,76561199513284460
Sklard,76561199219261140
spynutt,76561198407426454
DarthVenom360,76561199861351023
hotdogmuncher,76561199122017718
spooky,76561199165635748
76561199225506987,76561199225506987
sad floppa,76561198881257016
emmaore,76561198128343158
match20box06,76561199879668367
yaydolf,76561199188494595
dromano20,76561198412377626
garik323,76561198020468030
NE_ZNAY,76561199769716867
CHEL_GRINS,76561199812035557
xMr_Mystery,76561198781027273
Ketterama,76561199355373193
Adolf Hipster,76561199292217179
Scrubby_Scrumuck,76561199122954185
Egon Kowalski,76561198996222617
Klinok,76561198868885790
глиномес офонаси,76561199490940692
КАМАРИК,76561199067677325
Lemo,76561199780615124
Анальный дебошир,76561199232211995
Gkay,76561199729755953
BOT Maverick,76561198421142452
isilale139,76561199795372734
6,76561199424759452
MrHighBlue,76561199237249433
ivanchik,76561199387133004
Okoneshnik,76561199771427410
dawid7654,76561199067394269
h3dism,76561199808704227
elpeloxo,76561199105554905
Dieter Hellstrom,76561199656827399
yarrr1111,76561199231952785
Tabun,76561198002033911
Megalodon_1214,76561199814974234
amy2805,76561199077856142
skvazibzabzabza_,76561199814448826
klintarnold,76561199227845840
jannis,76561199204482665
Manifest,76561199369299331
yu3113y,76561199814745901
cold0182,76561199511740592
mers210,76561199864791751
DragonBoy2172,76561199447103954
рпг7,76561199501100270
алексей стульчак,76561199238506369
Барбариска,76561199015642370
🆆🅰🅳🅴🅿🅻🅰🆈,76561198081312337
Dylan,76561199363187502
Otto Von Diynor,76561199036724734
Supernova,76561198869923605
Hauptmann_ele,76561199100706716
binocol,76561198980700362
zonko,76561198192751671
}}KOLDUN,76561199130023171
nezeluka,76561199093984236
λ Twisted λ,76561199593018449
Wyrrs,76561198842792517
Daniil666,76561199078855794
Foxscarsone,76561199810250430
kadyen470,76561199050977462
gitsoneqq(jajka mini,76561199193263233
spermmobil,76561199047737102
Rémy palmas,76561198573059904
Quadro,76561199277070129
HamishTasman,76561198017538800
Borishmod,76561199241563034
Seth The Gamer,76561199409242354
78910320,76561199724281699
jonrph77,76561199178354303
kitmobil78,76561199226883990
喻景,76561199217529706
M1Abrams,76561199531544180
AMC9294,76561199295389228
크리스의 큰형,76561199135956278
TitanFallfan10,76561199689382848
epicdasthegamer,76561199634132806
StrelokV,76561199151027215
ﮎilvia Ҳ,76561197975300434
haidar_9205,76561199786544864
dwerner907,76561198088517990
Dr.Fluffy_YT,76561199091429394
Mediocre green man,76561199005859821
RyanITJ,76561199158700732
MrVnduckyy,76561199569118070
Xspelican,76561199811358443
sirsnipersarlot,76561199527308806
Wardude,76561199002235641
Goku,76561197987237232
dcstatz,76561199538378329
tommygrobbo1,76561199596884798
sc077la1ng,76561199453839061
Maj.problems,76561199254131635
MrCookie,76561199379460051
JJ,76561199736594327
smothy,76561199380179730
kilotwoalpha,76561198010636886
nutley1,76561198807465550
pierre.madrenas,76561199600979221
chickenboy80808,76561199515402827
kody7191,76561199375530574
Toothless,76561199804419162
mjbarton23,76561199813077254
pomoszt,76561199112160627
Sethakill,76561198359879084
Dreadnought of the D,76561199243378280
Progamerguy24,76561199151500622
eliblobhead,76561198895707714
Fox Mulder,76561199473783532
Uber Robber,76561199384489586
Monarch-XPER,76561198366622298
PREQU,76561199405037040
M00nl1ght_Syph ツ,76561199004421568
jerkyturky,76561198879073406
mizu,76561198876720383
joejohns6,76561199170754942
Tiger2h,76561199431508700
RockinRacer2024,76561199655538004
Cigarrette_Man,76561198277130700
Botte,76561198968283587
торохтун,76561198275732774
Razor the Protogen,76561198831244349
matt-f,76561198052162083
Jamm,76561199548086033
iborganist,76561199870034306
Мистер Ромель,76561198833458273
БулкаКолдуна,76561198191846470
source kitty,76561198880553684
Xotiic Hell,76561199578413005
TheFunnyHat,76561199233274881
SAINT-AJ,76561199810404578
dhgover74,76561198296065358
latiefphillips5,76561199862677916
moltenzeus,76561199811460611
giggleshibber,76561198791357029
ethedestroyer22,76561199383934237
flossy555,76561199045211777
Bob✪,76561199223322522
.,76561199735714713
Scheißmeister,76561199133476738
jboss4321,76561199852308595
adolf shrekler,76561199263435190
Freaky apple,76561199239960820
bb4bleepbloop,76561199046568249
brownsched,76561199081843870
脚臭,76561199059416366
MrFistsReal,76561199139919395
random,76561199439199665
IDK,76561199122566951
mtndew,76561199162931561
Nyct_,76561199559156042
spookyXunicycle,76561198132387024
FAMOUS WINNER,76561198398385587
♠️CombatAcee♪,76561199263759077
KLDYJ1125_lxj,76561199115182296
PoopStain,76561198102024472
snurfbord,76561198117031784
terobsliva,76561199866229658
Lerkan74,76561199519600427
Clumsy,76561198987152794
brittani.dingess,76561199824760488
kimura,76561198843459301
MajorGubbins,76561199434210288
Marvel_US,76561199250036007
Cuirassier,76561199851797016
[FF4500]MarniaK™,76561199170720858
me,76561198146816580
让子弹飞,76561198264299392
galaxyrain,76561198292184389
ghostgunner114,76561199211068893
teebroc,76561199589427604
APON!A,76561198990656193
PROVODA,76561197990735375
_powerm_,76561198964900915
Tom from Sales,76561198015517552
ProcesadorDeCarton,76561199499786606
abdur.sujatmiko,76561198359206386
wevan3780,76561199750986637
Zarra,76561199641010389
2PENNY,76561198425134378
Pshevskyi,76561199067312941
lemonzz,76561197988879102
johnranger110,76561199193875469
Lisha Brick Rigs,76561199703242589
451466978,76561199878286653
skrufakafatherjack,76561199582836043
scottyweber60,76561199127373618
T867,76561199832556932
Robotman151,76561199849395506
Replayz_YT,76561199448903601
overfloat,76561197990114468
R1CE,76561199169234661
end,76561199244642605
jalfiegosden15,76561199706071330
Soikon,76561199625231889
star,76561199370158851
bugi,76561199822366806
ChanceGage,76561199141547530
greasykiwi,76561198805167814
tomasten01,76561198823741050
ottawaforever,76561198032210227
uptain89,76561199455975761
Luckets,76561199316820245
sintoma13,76561199148397740
Jemal,76561199086129254
cyrus,76561199629207976
fajniegramy,76561199121420615
ThaBigDipper420,76561199375596863
fredbear1394,76561199179448792
Big Bro,76561199566846572
MightBeBetter,76561198070540197
Jaxon,76561199564859870
bleechi,76561199229316177
JediRoe,76561199229273907
Floof,76561198333871245
Zoro,76561198859289240
BIP 478,76561199474052433
abraxian3,76561198091697605
mikhail,76561199106129400
countrysidegardensco,76561198879125171
Calm,76561199074981335
MrWallio,76561199161187893
mcline092375,76561198025010156
1234.meils3,76561199488004124
rocket550,76561199041774778
chavez.sanchez1187,76561199813719730
dpipho,76561199062963054
lukkaz_II,76561199476023063
Abraham Lincoln,76561199151207004
SOUNDFREAK88,76561199057290269
Userala228,76561199261003681
Capt_Hellcat,76561199799817572
juniormunoz311,76561199455820182
я Артем,76561199500329030
MACCA,76561199553189773
Something or Other,76561198424110669
alik,76561199593614095
kirilleverstov,76561199583059072
dingotoe,76561199788704447
Wesjds,76561199362741347
_PR00F_,76561198864673537
Vexablox,76561199141217402
Raptor_Gunner13,76561198888108550
ytcaylamohr,76561198885345052
Flatr0n,76561199101867264
Foxtail,76561198162887380
somsiad,76561198947371409
[Psixi]Shadow,76561198120962976
fantom_legion,76561197970516208
Zvesix_,76561199180474900
apriandy85,76561198323239089
people playground ga,76561199058698447
Jjjt71414,76561199499638516
lansell8,76561199084728571
※ 𝑵𝒂𝒏𝒂𝒄𝒉𝒊,76561199074643040
oli.kowalski16,76561199865668280
kooldudecake1394,76561199225537438
adinio_88,76561198877975958
泥给路打油,76561199501305640
reddiminecraft,76561199653238155
Clown_Peirce,76561199220731755
TruckterBoy,76561199397709179
InBesiegeable3249,76561199467726191
tb7032,76561199004568208
chasepchase,76561199266964557
Blockboy,76561199780827404
generalgardening12,76561199371331279
The Mimic,76561198045739915
Cheemz Kujo,76561198990626246
justicebarry42,76561199005909470
Codename_Mohawk_,76561199116997318
xXChicKenXx,76561199203116952
Light_Gladiator,76561199071402878
Ur_NameHere,76561199344341495
lukemartin1419,76561198794510006
Dear Croco,76561199088061302
kabillion,76561198443938264
Hazz,76561199242361832
Bavarian soldat,76561199078988390
eallnutt2017,76561199640587206
burtongamers,76561199104669427
cornholio,76561199812262545
Jokho,76561199162877059
Snake Gaming,76561199054886302
ibishu_covet1,76561199231484481
sokostorm69,76561199226081988
Hershel Greene,76561199235688355
anthony.rivera31,76561198779587614
sanenet,76561197979316031
johnphd,76561199090355218
zebdivittorio,76561199539753388
Day,76561199747004395
Guest_54529,76561198880935945
boogerhunter2468,76561199700349303
julieandjojo,76561199510429020
Courier six,76561198159337220
Boom Boom Shoe,76561199249283582
zfys,76561199080610750
ChrisD2004,76561198971059722
slippynapkins,76561199081972427
susiezilla,76561199249396485
Luke4007,76561199590434717
kam,76561199015879625
w99927725,76561198779565106
jarrad145,76561198390659070
jaystrew,76561199196731402
ruarip2,76561198290226838
nelsonsamael,76561198837527410
modest,76561199217267895
gibblethuglar,76561199823889299
Leon,76561199261092409
kennynewsom,76561199115312746
Capmonkeybeast,76561198367808734
emily.farrell1022,76561199000042895
relkchristy,76561199575001184
Fancybuck8,76561199099056184
JebUndrScr47,76561199073050830
Epic_bro3,76561199592284251
TX,76561199743379991
hunter141516,76561198822012477
Pony Jar Juice,76561199863310301
manegisez♱,76561199660792790
loloraptor12,76561199228072123
mrs.sarah.pirie,76561199486737059
The Floyds Channel,76561198450881720
Yegorkin,76561199411649436
Operator878,76561199450184972
DragonBurgerGaming,76561198288308541
vitosantino.difilipp,76561199186311418
robin0311,76561199476398257
oiiams,76561199328313178
lghammer2014,76561199808139344
narutoxiong707,76561199877962872
Berat35,76561199854164942
Mr Monaro,76561199202561135
Deltaflys,76561199245920109
judgecacao,76561199065234649
yoshikage kira,76561199236417392
artemas,76561198828484530
Cathode,76561198181712539
ridgelowe7,76561199812845598
MidwayBoys336,76561199095512674
Tech_Zard,76561199162717250
Insertwittyname,76561199064577582
kziemba3,76561199673433513
Succi,76561198123887765
TOXXYER,76561199484902549
blaine11bam,76561199753649116
Pleiadian,76561197972552393
MrHam667,76561198788032174
✔FrE1NeR✔FisT,76561199002600950
b3645143,76561199812892022
MadJack29L,76561199001172011
emilioj0128,76561199878378703
Aviogon,76561199477548458
farmerguy43,76561199881379980
Nuffynuff,76561198144820349
henrychickenlicken,76561198292089441
doge13233,76561199572843652
Runner112233,76561198801422039
Gibson883,76561198897019086
davinrl12,76561199812398345
hibest556,76561199608320051
Skully,76561199154334418
ninja_pixel,76561199201686811
AverageRed,76561197998278079
DanielPlaysYT,76561199531296252
tate1123,76561199137384812
dislocated femur,76561199103804686
Kr1k0so,76561199883758052
Tonah,76561198376458609
Antwand,76561199561987196
big beans,76561199041463549
jamesashtongrant,76561199676954319
John HalfLife,76561199086557089
Друн31,76561199385927299
gridleyangie,76561199194569357
mrcansmhm,76561199839161076
Dexter,76561199066523152
Tornado_F4_YT,76561198990891344
NicholasC,76561198821252790
Quilty,76561197991312248
quant,76561198334570850
Eclipse_213,76561199861147850
CaO CaO Ya3,76561199819905333
who\'s joe,76561199165402472
daveef96,76561198774949946
Wolfie Snow,76561199013635907
sunny,76561199831361072
beentv,76561198107721661
12345pro903,76561199780137146
Dr0VоSEk,76561199689010835
potato.exe,76561199200771789
TAL-king,76561199119423607
los Brother Estadoun,76561199006900922
Egorka,76561199510187640
no.skills,76561197971056084
Jesse_G2305,76561199780473671
Hvppy,76561199380780582
Sp2cyS0da,76561199192363997
BH,76561198885742885
baris2828282828,76561199086518050
LAMINATE,76561198792709549
nest89,76561197989203680
J. Williams,76561199143287395
TheDude,76561199166367133
Паставщек Малачк,76561199577277540
d.arsenii23750,76561199820167957
triki4,76561199441489962
TIMA THE SIGMA,76561199696321211
Hello.pl,76561199079055931
jvjoubert1,76561199634497083
Cap1ng,76561199833283290
balls,76561198047547266
jace71,76561199122086912
tlchandler21,76561198987260340
Я,76561199523921787
ℍĔѮℍ__ǾМĔЦ,76561199350707208
𝖑𝖎𝖜𝖎𝖜𝖎,76561199843295902
SkyDemon,76561199078131964
y7ud,76561199230134991
nicolejemma.carr,76561198839756665
ieunhye04,76561199822829709
ColtonBoBolton,76561199664844944
globalextreme34,76561199888289480
Nastolgie,76561198983939891
haywire,76561199826533215
starrt141,76561199496986261
MasonBoy2000,76561199559808564
ki_longo,76561199140292685
Magicf0x1,76561199804820099
MrApolloBR,76561198441157843
EthanEJ95,76561199198942074
phoenixphlam,76561198882819006
bobbyymac,76561199789460673
CowboyWest10,76561199354013908
A1SteakSauce,76561199782393253
superplays14,76561199097443187
ShawnMurph15,76561199513826757
Gooseplayz23,76561199826093440
Stjz739,76561198065903180
NothingEverHappensCh,76561199628867972
Lukeoo050509,76561199812582747
kidaaron321,76561199820834471
MasonTheRunner,76561199625660686
DeltaForce,76561199111066490
Nevek,76561199608721422
Cosmic_Desire,76561199553079154
RECON_Oz,76561199541046594
doohickey dingle bot,76561198138222994
Connor Zilisch,76561199228464740
nathanb1532,76561199472701864
kevin,76561199368698410
blum10314,76561199524025806
kevintech0124,76561199653057658
redstarleo,76561197999520759
nixonhouchin,76561199802601676
devsquad.sqwak,76561199379097971
elavoie2009,76561198214537401
PizzaMan,76561199154856861
phoenixx1204,76561199000128521
Astral_Verb1134,76561199060343666
Sa1ntLaZBoy,76561198020926116
Rahaynes,76561198276200329
FlaRakRad,76561199749414760
Because_nope,76561199008865983
Wild Richard,76561199811568112
eldonaz1210,76561199445405804
Jakesupert,76561199176109995
MustangGundam12,76561199069877811
skycaptain11000,76561199835684667
NorfolkSouthern1073,76561199498887602
Roadblock,76561199009859295
axolotl_D,76561199296838048
alden,76561199040726497
THECOOLER,76561199091558441
home,76561199006215462
micahdoran1,76561199453390453
многоуважаемый,76561199744217017
flecfoerser,76561199037523750
MathNinja16,76561198790343352
Pawwficer Whiskers,76561198045874552
bean.,76561199245432662
shooroop,76561198024083628
LuscaDerGrosse,76561199222135294
Tulip Gardens~,76561199303838207
[CLASSIFIED],76561199227882874
ZoNJA_CHAN,76561199684766153
3torn,76561199202733543
3amRex,76561199171003373
The Nation of Home D,76561199178344686
amanda81988,76561199541818930
Ballooner,76561199144738678
skyshimu113,76561198777827427
sierranichol22,76561199208001318
mr beats,76561199198129273
spooky camera man,76561199573933501
FaTiHtheFireman,76561199137955960
BIGnumBerz,76561198386437504
BossDragon454,76561199379562324
Drvalen,76561199170560283
jbandy1840,76561199224108077
Gravixx,76561199536432164
NINJA,76561199184000817
sonjay1203,76561199794003768
TurboTrain15,76561199690422074
khorne_on_the_cob,76561198780716200
berkdudeoflerpoo3000,76561198864470542
samuel10632,76561199072761753
fymalots,76561199003299590
bgrina,76561199789024256
cynthia.stangoni,76561199207411204
crashinghb,76561199109599698
4lph4d4rkl10n,76561198790420576
Coffee_Cake,76561198791000814
begerkbug,76561199325671244
YOBOY,76561199119010266
tamayo2206,76561199856433813
El Sicario TatorTom,76561199103036547
bmwkalu2003,76561199003454735
wynstonzhe0800,76561199861181652
yumidesign75,76561199048150844
kfabijanic,76561199380093842
king.w,76561199484147405
vashkumo182,76561197997899806
Obelixthefat,76561199021281668
Un Dorito Polombiano,76561198143895820
Twib,76561199102650780
karsonpedigo22,76561199484350943
小鼠船长,76561199716076456
We4nost,76561199630668523
timothycho,76561198145869395
cefg.00,76561199880653897
Drift86,76561198989230843
familie-1-lux,76561199497237761
nevenhovenjakey,76561199812407016
oldsk8rpnk,76561198369758147
paRklife,76561198979056478
Кларк Кент,76561198126608748
Fred,76561199150269619
Thispersonisforgetfu,76561199490960346
ricky.onyon,76561199435712619
dmtrsalikov,76561199162369682
Grustniy_Liguh,76561199191893785
Bravo12,76561199763901649
john,76561199731312906
Seth111113,76561199268873324
толчок,76561199284367832
Ryguy,76561198322053981
loafy :3,76561199556360431
adunn1226,76561199829148895
Bull Dozer,76561199372106452
omneman,76561198782345518
shenegam,76561199885150256
травля,76561199404302619
HACIENDA,76561198148972440
stackswap®,76561198916925955
zupiszon,76561199350460676
TRAIN2010,76561198977024046
BROOOOOOO,76561199245725969
ショアキーパー,76561197970898808
Merkades Vito,76561198020982406
that_Random_Aviation,76561199522279302
SuzukInami,76561198792724269
staciehehring20,76561199829951740
totemBR,76561199665071120
NoahA,76561199093868379
ak_gotyou,76561198081652649
Corgi Warlock,76561198009369326
GamingBow,76561198979308655
mp_nat,76561199794815315
juliatitchen,76561199246625419
archsmonkey,76561198796468781
tracylvdouglas,76561199061368416
MrPoo💩,76561199813413838
i.h.zych,76561198798538070
chasewy929,76561199403501540
盼盼,76561198006459554
wazu27,76561198305089295
BOBA52,76561199807987193
camfoxc16,76561199238363920
Skyfather,76561199014137732
Tigger Guy,76561198325041409
coreymfick,76561199384300094
winter,76561199048360845
youngbankinjacob,76561199583979344
priceprince2014,76561199478560529
juspeely,76561199116675037
weinstein22,76561198773412888
kuhbdan,76561199588425974
Not Halo Hicca,76561199083306611
tdwaynec,76561198371819761
Seventy Four East,76561198072256225
PirateElliedog,76561199507069928
blox,76561199270320195
rey,76561198796085854
SC_Ghost,76561199485664880
xBRASSxBALLSx,76561199582348158
duckbro,76561199805214074
tires,76561199558178230
The Klorax,76561199280442220
SZA-_-,76561199836058336
TheGoodman65,76561198960292568
thewarfare150,76561199441908004
jhspence21,76561198951374359
lwhitfield826,76561199572558714
Ozzy,76561199128882271
mcatney,76561198873231369
MrOwl,76561199077176091
twenty bags of cocai,76561198188905538
mamsnrhbr chehfde in,76561199109765475
PBear0512,76561199202491845
jaidenh04,76561199848722416
ethan.mith,76561199090810156
Mati_Mal2010,76561199756746996
hellomcfly910,76561199550767084
GtW_Gabrys,76561199099529813
pllewis101,76561199476923756
noahcouie15,76561199842831614
Bendy,76561198843779321
biggyngurung11,76561199178929566
hman,76561198307648947
Kauan(YKuah),76561199472023407
michaeljamesbuch,76561198790436979
doglover735,76561198830593173
пубертат,76561199586059013
jamna,76561199210862204
ccannon4,76561198048900016
gitell,76561199485899866
_Tat3rtot,76561199542698621
aronahall,76561199748079463
chill,76561199229424429
blackwellcole,76561199889938810
Crabbypack,76561199102197936
BobRS,76561198089714694
amschallerjr,76561199539873464
Grand Admiral Steven,76561199247252275
maneici,76561199633373776
Ani,76561198799605190
tankerenjoyer,76561199228332391
SuperHeroHenry,76561198348408676
Music_box,76561198842901707
ADBat,76561198084930458
็̶̠̌͋̕☠︎a̴s̷h̷,76561199497256880
InsaneServitude,76561198982567708
r_garner3,76561199049021992
MushroomCow360,76561199054268910
Zynzilla,76561199550038504
Western Forces of Am,76561199145401683
MercFour,76561199785449982
huel rulez,76561199365705917
sploinks,76561199518285976
l_spidle,76561199365966781
Black Sun,76561198108546524
chase,76561199472722319
StarBlazer520,76561199472487256
Elnoahnoah1,76561199446414792
XmanXavi_NOYT,76561199117508848
gruhfn,76561199045524681
thetophattedtoast,76561199223898092
Tronmarine,76561198842560357
Xiodus,76561199218095861
Eldante,76561198386481176
KrackleBarrel,76561199138745029
MrsFoxi,76561199524129765
Cmarik,76561198283481930
sponge man,76561199236890917
茗泽,76561198147475757
Stinker0521,76561199146805546
Петух,76561199822585245
spring Bonnie,76561199807046295
chebupeli,76561199055310993
AdmiralVader,76561198816148622
Frozen,76561199517879996
лысый череп,76561199426345412
OliveFrog317287,76561199481336596
PRO100PRO,76561198121707321
bobrealone7654321,76561198779192252
Vacuostester58,76561198283244105
burger fry give it a,76561198130483507
XxPissJugxX,76561199032963618
jarvision,76561199119049455
80岁豹纹老登（纯欲版）,76561198135885376
Wowz,76561199073066335
Задрот,76561199864429460
-_-,76561199060241515
Michael4C,76561198119560290
vikagmnjk2712,76561199764596002
Ramos,76561199679986913
JACK_VODOGREY_SV,76561198375781780
^kustik^,76561199514395239
Meron,76561199090107022
Mavr54rus,76561199656558254
DREADNOUGHT,76561199252104043
sewa,76561199814095896
Shakysuperman13,76561198218543479
𝓐𝓹𝓹𝓵𝓮𝓼,76561199012626518
Jamman23,76561199765992549
epicboyman3,76561198308577134
lucianomarcoalby,76561199473962573
oster10,76561199522132705
Reese,76561198801815048
GodzillaSaurus2014 (,76561199226384025
Abudabi,76561199075913447
dragonbreath2332,76561199381272752
fordcali12,76561199470715054
gucci mane in 2006,76561199163773237
AYOIMAPRO,76561199057116168
3XT3RM1N4T3D,76561199045884082
master baiter,76561199552903872
DaniRF,76561199347299221
Rasley,76561198117328817
toth.albert0827,76561199105103382
staticbb1,76561198352324450
Fin2fast,76561199850711204
mdntt,76561198198876974
Talish,76561197991282439
klaytonw3415,76561199648096335
shadow,76561199126022502
louisclapedyou_xd,76561198879518417
bagsrrekt,76561199060868483
Grach,76561199186233244
Autorotation,76561198310398384
Леха Сварка,76561199789568940
Xyligan |,76561199198437519
mrsott4evr,76561199041962467
fantom2233fan,76561199140827585
Разери,76561199170333244
CSP27,76561199257496541
quintusasmetona,76561199557010487
roycevare,76561199811060582
loribethadams,76561199835880892
Мистер Фаллос,76561199674962191
Death_w1jyn,76561198978544518
67,76561198836194675
emerichstephens,76561199270901559
U.S.A,76561199588271865
jayden22,76561199013023024
baller145,76561199404414662
CanSlavo,76561198450136329
Wnkown367,76561198426851050
lautarodunnt,76561199120854812
Pigeon,76561199122337780
jarvirad,76561199011250335
.filing♡,76561199543645766
coringudoroxo,76561199689581638
djg2010,76561199211907977
wallsnathan6,76561199172496877
hose.filipe,76561199526839500
edvinavizenis1,76561199874748706
milk,76561199230012348
lusinekostanyan23,76561199873193343
SCP-049,76561199008970616
reddeadtrigger,76561199081313395
kendrickjack35,76561199466253100
Scout Pancakes,76561198980115473
SyntheticRev,76561199559100976
GnUs,76561199639263036
ГРОБ БАТИ,76561199558554922
Fire_Fox,76561199470903356
sjttvgaming,76561199146035597
Wildginger52,76561199764230262
itwejosher,76561199557684836
duckLORDthe1rst,76561199250039307
Cliosfavorite,76561198028026583
miklo707,76561199557992803
SINO AKHS,76561199798182611
celery894,76561198786659552
ilovethisjob,76561198026031082
Dishonor,76561198842987140
stalker,76561199802842779
DuskyCreeper,76561199774128386
RoboRake,76561199835166844
rat,76561199074873766
cloudkiller888,76561198030039715
Puppies_of_Power,76561199810381853
Davwoods1981,76561199065815561
zach53224,76561199706022428
чупис,76561198219333817
CHEESEMAN,76561199814970928
turb0GT,76561198780022328
krnglvr,76561198988927196
UrMum,76561199536209819
dr.bicha30,76561199259496638
cgp245,76561199795124101
2001 Toyota Camry,76561199104431067
Ace,76561198079507098
Guns399,76561199209291907
gman,76561199126729653
Jayden2013Earth,76561198035701765
BADAIM4EVR,76561199811869887
Jesheny,76561198056077117
aikau,76561199429245365
Bejus,76561199126551263
MARK.BRO.,76561199571816912
Tak449136,76561199543535492
CattyNoNo,76561199825556413
potuzhnoZlaV,76561199156477975
Wonderbuddy,76561198149202566
Spiderus,76561198800071682
ʜᴀʀᴅ2ɴᴜᴛ taxidermy,76561198253754880
tomik2,76561198224396960
Ceneps,76561199522902182
I AM CRAZY,76561199083305553
Kumis,76561198274928411
Lakur,76561199452128599
FerdinatorEINSEINS!,76561199419409020
nalgievkamal,76561199807996216
urusskii,76561198305006925
Inovero,76561199013018147
pupl1ees,76561198966632159
hurricann,76561199443848781
aknative2009,76561199853970215
nmdeguara,76561199390744529
DR. ROSEWELL.,76561199594849618
DedZOVet,76561199806040515
Bartek złodziej,76561198770592067
Skibidi Sigma,76561199110834692
Паяльник в Жопу,76561198328772311
lev4ik,76561199705929065
мой хозяин,76561199578016927
fLiNTY,76561199516434993
Ярик Карбюратор,76561199232972178
franco12954,76561198823786384
opiumsosi,76561199574993329
zapupisya,76561198784672693
PUZO,76561198786989891
КАРАСЬ,76561199471157645
tintin72001,76561198957799214
LDAYRV,76561199685626322
FR_ON,76561199144111772
damianpugee,76561199388988465
Scarllet Remilia,76561199474535072
pipiska,76561199580811439
dambava,76561199054591365
Ramul,76561199379421650
GOOFYCARROT28,76561199860036891
jonijon,76561198274141050
яростный пердун,76561199149908598
MegaRichie,76561198359963880
Rapadudl,76561199013029914
MAPк2013469,76561199467682542
mokrokos,76561199403123416
MikeyWazowski18,76561199811383618
I HATE КАБАН,76561198420360941
Slimek,76561199076989278
ZYBOCHISTKA,76561199188853850
moojoo346,76561199868712874
Towe3r,76561199741575594
MotoManiak,76561198355195016
RusticCactus,76561198845854030
Salvador_Elias,76561199528456476
matvii,76561199523088531
wookie,76561199562871063
hannahmcpherson139,76561198819867245
Big Tuna,76561197990003566
Olehandro,76561199475734368
cappy man the king,76561199095474009
Aaron,76561198253905320
saablover,76561198783933485
4elovek2509,76561199151413070
ShadowHunter,76561199642373666
Igor,76561199588155110
skeletonnm,76561199272749092
Gusis,76561199001897079
ニッキ,76561199657463198
duck,76561199239305755
MikkeyEZ,76561198990711273
Cheater_Player,76561198280877932
player66679147,76561199152361214
iamcelesteyeahbro,76561198132179174
belfaz7,76561199243410979
Spinning Cat! :D,76561199025794569
SlimeyMan,76561198961729298
AlexisSB14,76561199143102857
jamesgamin,76561199589845837
erikleif2013,76561199672681964
An Empath(Me),76561198191126581
logan98506,76561199713013993
"Jao, o construtor",76561199228897668
Clanker,76561198883095753
jacobbfawcett,76561199137628855
profzig,76561199674483074
Sir Swiss,76561198801064106
QRYPTO,76561198135674697
V1,76561199802690573
Noa_train.guy,76561199171250563
brianjesso,76561198860625125
cpacey09,76561199544784900
rayeli424,76561199786616266
COOKIEMONSTERHAM10,76561199175655860
compramize1830,76561198788335613
Aidenh1613,76561199162194951
Albert,76561198833490484
urlocalprotogenlol,76561199831443435
Holy_Poop,76561199039234838
✞Nate✞,76561199405447059
mr.fish,76561199229775052
RaptorSonic,76561199071640979
squimwart,76561199018019530
kbfavored992,76561198853209357
mark.danile,76561198783769255
Darkknight1209980,76561199568288392
RaviolesConTuco,76561199113852900
Ox man,76561199681524382
Egor17850,76561199730998867
FERB,76561199679680509
natashadenetdeal71,76561198771904177
mmmm,76561199812201580
Marcel201,76561199186619047
kacperek_duszek,76561199232838086
Lentokonesuihkuturbi,76561199037521397
Evil Pear,76561199303465772
ADL,76561198886510722
gearhead2,76561199078093147
dave,76561198358671758
下北泽巨兽田所浩二,76561199240986986
Gotelé,76561198973292407
BuildAJames,76561199190281611
rob4ikxgames,76561199384812271
zaeedzaoud,76561199878021250
Хитрый Еврей,76561199178506062
Анди,76561199428579858
Yeetmasterbrandon,76561199511142699
Agarthian Man,76561199225321674
raymond.edwards2006,76561199175750637
YaBoiiJayden_,76561199878483449
Solitary,76561199146578351
loganaspks,76561198252732568
KungFuEyes,76561198009662238
L4d2 Hunter Zombie,76561199002554376
soupcan,76561199809902409
grosch553,76561199211427228
Noyney,76561198184643486
happyjin8025,76561199545128784
SgtGhost,76561199046393357
audunneliingvarsson,76561199755583303
bloxer doxer,76561199152778169
Kyle_15,76561198963447104
krakenmaker345,76561199811437650
RIPtide132,76561198829619633
tacos_de_perro777,76561199503218986
gavinhull128,76561199888976180
Eggfer900,76561199226196759
coso919,76561199154440971
HurricaneNelly,76561197974521554
76561199150520225,76561199150520225
Echo,76561199585196458
THICK OF IT SNJALDRI,76561199587596414
holly.scott1218,76561198786827022
FrAndroid,76561198866708856
Tristan,76561198776801600
gmartin680,76561199589007413
rybastefan,76561199079911203
Brickyboy,76561198371136848
< blank >,76561198416147770
jdunn1771,76561199452727942
DogeKing,76561198308421098
ronangerkin,76561199395465252
agenttabb,76561199359234224
SpaceWolfYT,76561199030950198
KillBodies5811,76561198822996518
c.miller010,76561199609695697
valeriee917,76561199811217840
cooperhens73,76561199599736947
HigginsMcLegendary,76561199870321788
arwabe2016,76561199475300876
NinjasTaken,76561199812300606
Cheesyplayz,76561199441958304
benjaksich,76561199828310677
aubsie,76561198017077789
takadonet,76561198143066622
B0BWH331S0,76561199375496242
AstroCreeper,76561199010268581
rockbreaker6,76561198308900202
Straced,76561199442617867
bingbong yt,76561199025647943
stuarts55racing,76561198124113012
reaper,76561198833082147
Jimoz,76561199365379998
Godzila,76561199729352205
поедатель членов,76561199810987652
Avi8ter Kitten,76561199121183936
Lumitic,76561199058243344
Kbendy,76561199184513612
CartoonMiles,76561199581512544
afic0503,76561199838955606
Яйцеворот,76561199522794456
fxizy,76561199438581181
P Y R O S G A M E S,76561199549263017
moqamsameer1,76561199802817571
tylersaddress91,76561199682532983
yar.sofr,76561199782921669
mc. man,76561199820330630
Mr humble the sloth,76561199172352259
PABLO6,76561199763287753
DANGEON_MASTER,76561199682632791
samwilson1480,76561199230309223
Turboman72,76561199018854972
Joeyisntretro,76561199889768512
SKYGAMING,76561199526289079
v2a5ksp52ley,76561199644410743
make95100,76561199862036344
namkakot,76561199728968358
kasymtimur891,76561199861935003
Legio nomen mihi est,76561198808277409
hjmguf,76561199348673098
Patrico,76561198101877625
Bird_Buddy,76561199179775813
banan,76561199233139907
WizardDjBaby,76561199022639321
至砖宝,76561199100011702
petej831,76561198805920226
hhenry8420,76561199137214946
RobotRhino,76561199535546915
Choir,76561199092978184
NorthOfTheBorder,76561199811711790
SGT. KILLHAWK,76561199276604209
ethanjosephfynn,76561199375654780
The Trenches,76561199064946176
55icz,76561199144151495
olliebam14,76561199468804634
BIG_potato,76561198298057827
HotDoggyGames,76561199582690423
jaycecory1221,76561199810272260
jostvanwair,76561198453320145
geneva_suggestions,76561198088335982
tommy,76561199108934612
KitsuneMecha,76561197987254805
Patrick,76561199193500042
Stummer360,76561199448162266
vitordallazen1,76561199486139766
jt8996,76561199878878613
JUANJOHN,76561199232003755
ActiveAce,76561199855430405
heatherluvsean,76561199557002505
dragontamer9067,76561199621281480
freezbiird,76561199627529904
Doomgoat1018,76561199475848426
PSYPHERX,76561198170178447
BOHDAN,76561199027339469
tacoman354,76561199834170842
wingnuts13,76561199441077384
weaton0208,76561199874870693
MajOverkill,76561198208591559
Beef Jerky,76561199093470776
Juan Estada,76561199440019281
Coda,76561199194933663
ResetArmorYT,76561199754256267
Krakow26,76561198189284295
Isabeau,76561199467701072
jaycenh20,76561199672779289
HoistThatRag,76561198131892970
ansel.leach,76561199125956021
InstantBulletStriker,76561199203204659
Popcat,76561199501725933
WhistlinDixie,76561199121848584
Sod1ch,76561199509846457
CLUBDOG1,76561199366285200
Mbn1i3899HcoJ21kZ,76561198076382082
thimbleaviator500,76561199547144141
lemon juice,76561199091159207
NotMentallyStable,76561199048181011
KanskjeEndre,76561198853825213
a_clever_username,76561199475207388
Schiunaltijd,76561199121941669
elektrobabai,76561199685556979
Topyat,76561199020145016
masterfunnkey,76561198076569084
semka2020zxc,76561198781181931
molodoynegr,76561199176746207
vasiliy.shestakov,76561198112368081
ploeng_art,76561199012011824
kuchisabishii,76561199273597456
无聊的一天,76561199637453872
the chill gamer,76561199136945731
bill clinton,76561199387713517
cheeseman,76561199367550891
brownn57,76561199125835253
tetianakachur78,76561199044070236
lhadatto,76561198326395364
baconatordebator,76561198794675231
Timothy,76561199582002039
hampter,76561199151998296
ga.g.1414,76561199208314575
headhunta,76561199052112011
Polishspy,76561199165234613
_Poshua,76561199060007555
Mikelpana,76561198204749909
ratratsauce2,76561199511514242
Dolby,76561199012062471
superkakish228,76561199570303755
Electronics Geek,76561198868885336
irenenvasquez02,76561199110576027
JamalJackson,76561199062658777
SL1VA,76561199507996285
танжир,76561199629910677
Coppel_Man,76561199875990555
themostsigmamale,76561199887484901
Абра Кадабра,76561199514583890
SuperConnor,76561198782571786
MC vodolaz,76561199521951196
uzmat13,76561199226639747
Azuki,76561199350807762
Насок судьбы,76561199826440954
violentwife815,76561199060245834
Nigashima,76561199588109602
Dimont,76561199783903261
Frankiwi,76561199063442825
rafalpawelhorodecki,76561199370203065
nevaznomelkij555,76561199851180182
Pelmen,76561199169323227
Bruhtoons,76561198045125591
pixell,76561198987486309
-saVaiden22,76561198027547828
JosephDeAutismo,76561198940169449
pwbad,76561199822423526
mayronkohl13,76561198770710997
Hecker_7837 (Rusofob,76561199677161552
mrakk_,76561199399399144
PinkMaster,76561198042490915
FourF,76561199467240065
SusRedYoshi,76561199230126870
repp3,76561199188858023
фекальный прораб,76561199203149261
Ровэль,76561199224267798
beauxbro,76561199813027825
Kin Kin,76561199387955655
sigmabebra228,76561199814007836
pupk123,76561199826144054
john,76561198351079505
AUTIZZTIKK_MINI,76561199216996373
akeser,76561199807574740
samu,76561199813921991
jaxolantern,76561199510269582
lock1916,76561199878318904
Kapek,76561199124581778
benadryl,76561198995354690
Three Percent Of A P,76561199482480712
Mrjigglypuff4,76561199229468120
Kurka,76561199241555119
carterjelly1913,76561199768965752
cwdavis1510,76561199771035678
mrbayone12,76561199667217440
imagination gamer,76561199311230006
kennyboi13,76561199715484341
Corn,76561199181092933
синяя тюрьма,76561198978033445
jake33,76561199598593376
brunowierzbowski,76561198771286787
Steveve,76561199070214866
shovelguy,76561199483651105
_TheOGNoodle_,76561199445422687
LewaTerminator47,76561199473196598
Clever Jack,76561198398573071
Туз Черви,76561198813412158
Милана Хаметова,76561199327060376
courtemanche,76561199078348301
RAVENPOOP just call ,76561199521119013
brewer391989,76561199223320303
Neurozze,76561199536281213
KungFuPanda,76561199098314198
Ellen,76561199387733640
honzik.vesely,76561199765548441
titusnash17,76561199525949113
pbugg04,76561199067361935
FLYBEELZBUB,76561199589419358
EvilSodaDude,76561199613543759
jdlawrence104,76561198113351124
Soundwave_Buzzsaw,76561199503740942
tamborskic,76561198029723778
Ilikesugerer,76561198341152290
Letickledtoes,76561199464099426
Настоящий Мох,76561199627199043
demoman gaming,76561199821535655
UnSeenBirdz,76561198815262820
phantomfury00,76561199497069096
Mee am noleeya do bu,76561199065998577
fort man,76561199409948245
Tactical T-rex,76561199029268373
lime1561,76561199314966779
carterbrant9,76561199191015680
THE dragon,76561199231218718
Reese\'s Puff\'s,76561199533239288
TheArtistKoopamin,76561198321738592
LilEyeBoo,76561199087100441
swan_kytiger,76561199231279020
warwasp323,76561199470630447
joel the random game,76561198918998350
bona74,76561199221104235
Админ арбуз,76561198952954846
ArchDuck,76561198771687012
victoriahelenshields,76561199768959385
The Medic Sto,76561199518247072
cassiedavis3,76561199873899649
rubyblue_8,76561198869598005
Tax Evader,76561199066252669
Magnum,76561199217881824
chekrizhka,76561199198498251
YTLeViniYmYT,76561199879760240
Gruzin,76561199548123879
Kit,76561198919398374
cheburek,76561199785592916
Mika,76561199661982481
supermallowball,76561199592304919
Kokolisa,76561199201074158
vang,76561199548418679
MechVirt,76561199535859221
domco07,76561198329895701
_absolute_,76561199588864452
faz,76561199207036145
пивной бочонок 328,76561199839888302
мини мощь 1112256787,76561199858481647
easykiller03,76561198843847388
lkin11200,76561198775011486
kirill10508,76561199076508984
ZverGrGari,76561198285697709
rotarymike0307,76561199251977047
Zan,76561199575785098
JDMASTERPRO,76561198126735049
Thepoosh,76561198441217781
GhostFace,76561198351185506
beluga,76561198894813864
Mason_RAHHH,76561199817029171
^3 EZ,76561198017425862
nathaniel b,76561197967741671
steam,76561198380275104
YUMI,76561199111928171
diegomajczak12,76561198781093777
M3L0 o Bala tensa,76561198351116790
That Monkey,76561199205113277
MrCaketrain,76561198975266112
aesonchandler,76561199800190127
sebasgovinda,76561199185826642
bowdiedwards,76561199811660788
rickovesen,76561199109608023
AeroGlass,76561199679793470
pohan,76561199543707748
Aco,76561198895414156
dalmansegundo,76561198071619281
Matthew,76561199841987044
zbow,76561199837429962
special J,76561199588193101
уебище,76561198872900417
gerixa,76561199555159843
michael2025,76561199661570640
IsaacTheTerrible,76561199076119021
tapchanskiu,76561199076216136
Jager,76561199024945502
SergeantWillyT,76561198968002354
AJ1Kenobi,76561198985623324
{URKS},76561199886489274
cheese,76561199829717691
Supra MK4,76561199789630856
bro2baby,76561199344427778
DylanLikesNados,76561199498017009
Nadrian,76561199032948948
M0AI,76561199478097034
AnLMSengine,76561199532667919
herbatnik76,76561198978159687
paulo7204,76561199859261564
Kiki,76561198006568744
nikopilon2015,76561199480198180
basspilo1977,76561199280136808
acealannavarro6,76561198783628923
Coolguy8726,76561199024722246
Blane226,76561199811141214
SirMonk,76561198951389621
vonnmoch,76561199677906672
rmz.bike600,76561199773445070
gamingfan,76561199206214781
mittobaros,76561198776339799
iamspiderman,76561198396180790
Oven,76561198063230952
C4driven22,76561199079025363
Ruis Gagis,76561198375344863
neitboi,76561199383362389
Level Up Gaming,76561199168388473
cperot75,76561199687633353
MQBK00,76561199591579688
xlynchx74,76561198887103706
alvin the chipmunk b,76561198183591169
JOLLY bonnie hanging,76561199140491352
DarkMatter,76561199202786812
josephlopez335586,76561199446845806
twoadams,76561198768235535
glennmartin5mm,76561199820707813
Lego,76561198839878726
DAMIAN,76561198790330495
38Leon-electron,76561198366714988
В∑ίίί£¢ŦB∀,76561198045743555
ZigZagZuu,76561199418218238
неразвиваемый,76561199791270520
PYaHbIY_CTPAyC,76561199103713421
Mleczyk,76561199395487547
Xap9kop_na_6eJ1aPycK,76561198079064218
lamonlis,76561199577523017
manyfine,76561199110616827
ShadouRacing,76561199240073861
NaCl,76561199596444250
𝓚𝓲𝓷𝓰𝓧𝓵𝓮𝓫,76561199538405136
piksil,76561199593641871
ToxicityWaste,76561199699443431
[REDACTED],76561198327482827
Storm chaser of Ukra,76561199645903165
489856635,76561199878336839
korepanovefim887,76561199796347659
Johnny5o,76561198007889171
borau905,76561199496485201
nstgroups,76561199741089629
jrojo23,76561198412610534
robo1can4,76561199861634434
patexzotik,76561198986613839
mmm,76561199582018213
LKI,76561198859815865
somelolz,76561199085674497
Olek,76561199679942697
pikunas.kestutis,76561198127217849
raccooncic,76561198867422426
borleoxo,76561199737816214
Wobbly Burger,76561198353517646
BigBro256,76561199749313707
mochii_gv,76561199175548506
Hellz Warlord,76561198771033420
InfinitePlague,76561199190829719
Divine Collector,76561199441884047
Natural Stupidity,76561198806816475
wazmo.,76561198856591861
michelegibson09,76561199861810299
Williamphil275,76561199383174268
Matvei228578,76561198984245290
The_AlienKingMatter,76561199164535366
reaper leviathan,76561199498112977
loiz_XD1229382,76561199230641327
awesomeguyli20,76561199006277322
edrivero32,76561198768344699
jnich2001,76561199403581988
zack.beadle,76561198280559468
yunaspike,76561199176905343
Herose_1,76561199230443033
Red Shadow Maggots,76561199048416047
Zhor,76561198214407905
Mrlux,76561199151217157
riccardopoo,76561199383325859
Nintenjoe,76561198045962037
papadakp,76561199160130356
gW4,76561199463312411
"10,000 Hungry Horsef",76561198175151207
KyrozUnc,76561198989358104
𝑺𝑺𝑺,76561199165275999
Male_07V2,76561199268629386
little_yikes,76561199643982793
�Michigander�,76561199141578446
Người hâm mộ của Pau,76561199004098067
galaxy,76561199417048935
TheMadHatter,76561198076722888
Vovan,76561199822073316
今日摧毁停车场,76561199817196994
coinrepuh,76561199861214213
Cuirassier,76561199048505076
FastGreenWings,76561199379299542
etexter,76561197970728550
romboughlevi00,76561199812845905
galvao.vilson,76561199046731852
Atlyn,76561199122084418
CheeseyTwins13,76561198880070606
RANDOMMAN,76561199587421251
Purple Atlas,76561199062732786
TommyP,76561199063773275
Just A Guy,76561199237616067
Dosh1raK,76561199539087105
ASpiritualMonk,76561199024331180
Raptor,76561199060803682
Autism,76561199837247527
M4T,76561198328794441
ragontx1,76561198172235711
Just Tommy,76561199156846011
EliasGTR17,76561199812402075
Mlb3337,76561199784355534
SaltyDog021,76561197970625523
d1ismail,76561198249032600
bibika5545,76561199423147448
Crafter,76561199840379170
ЧС2-666,76561199015500284
kbundy78,76561199601754412
JetCaribou45810,76561199083767547
Fernando,76561199730349785
:),76561199075710357
HTHUNTER1,76561199596755457
rhyguy2018,76561198988426623
.R3D3X.,76561199157564124
Mightydog705,76561198769801696
Archapelagos,76561199246426217
knollj10,76561198869532456
Terminator,76561199086287493
idontlikemexico,76561199552256695
sthadixon,76561198087906294
dale.s.williams,76561199864264636
heyjudetanis,76561199044662592
𝕱𝕴𝕹𝕰𝕽,76561199802998765
dlamothe05,76561199241540041
Phat Peenar,76561199109738046
Chad Thundercock,76561199045893353
fattyOmar1785,76561199028429673
killerelf744,76561199236686930
coenthemaverick,76561199465869067
Mixo,76561198159083504
wbarneyc,76561199881982906
BOBYBROWNIE,76561199455929945
Uno,76561199823487286
Fishmanjim11,76561198778584767
GDR,76561198985449597
Johnzilla.5683,76561199377115684
Fastforward01,76561199255897240
BonanvV,76561199060892206
Danzigs Fiend,76561199442273731
wadertot05,76561199222611391
faby1532000,76561199672810558
dogsrule099,76561199073168548
nicedaytoday,76561197995602870
davidmangini28,76561198202784356
ameerh13,76561199586436925
tmguenther,76561199476823102
BadFurDay1973,76561198867834994
bartek.ciupek,76561199828403887
willdew20,76561199229201627
HGrey25,76561199813637081
kozat,76561199821094930
joahlehmen1,76561199741525746
donoboi99,76561199469219328
Harambe,76561199389690956
skypilot54621,76561199447295668
fmartine010,76561199239336172
anaritamiami1,76561199130313874
surinder573,76561199578454787
rhyssknight,76561199683342523
AT-AT,76561199828766144
Cracker,76561198858424060
WAR IS WAR,76561198371292745
ham sandwich,76561198006643053
DiscoDuck13,76561198293314478
spencerraymondthoma,76561198792359646
FLORIDA MANN,76561199608977248
Dayum,76561198995181306
unavailable,76561198425293440
jessicalsmart,76561198771548095
Lil Pig,76561199587866815
Death,76561199315257931
vicho01,76561199010901493
orioz94,76561198983353949
brybry522,76561199104910926
codykillz1,76561199245149885
moonrockboy1,76561199076869441
Cashmoney,76561198832874302
Liamlcool12,76561198030843619
Monke Man,76561199169353841
PhotoRuzhie | tDS,76561199868516087
rolenee,76561198951246820
Vive,76561199037960180
andresavalos3,76561199573355503
ManKEy,76561199679006051
O-MAN!,76561199587700899
skylermcneil2013,76561199140817719
GrrripJr,76561199666180557
NotFakerTrouble,76561199791700675
ritatapina,76561199335254292
ashtonlmq95,76561199816752323
SonicTheEdgehog,76561199384237670
jwa8212,76561199446037016
Baconz,76561198948073802
dusbrlz,76561198992629322
nazy@bandit,76561198831147942
kalaschenkow,76561199065598866
Androide,76561199862106552
skrut_krut,76561199697065339
Rostik,76561199872116106
Kyle111829,76561199830814762
zombirulez,76561198777033674
benyen072,76561199888625459
Seen Kid,76561198049180502
M16T,76561199219974075
Double O pigeon,76561198783452223
sergey05101963,76561198772517881
PanM,76561199120129670
Rom4ik&Гуль,76561199062857107
Zamkrat,76561199733318850
bryzgunovdmitri,76561199807152279
Император попуск,76561199635241792
billy.c00ke2013,76561199811184870
комар228,76561199500612893
Grim reaper,76561199542731762
HasPetTree,76561199473239441
zeta88,76561198350505744
zeubi,76561199698498988
Interprise,76561198176769371
✝ υrumΑn ✝,76561199220556159
RIZZE,76561198876967545
анальный террор,76561199841070853
edix0n,76561199547433680
Dave,76561199105432251
Памперс,76561199804412288
FыfkА228,76561199711533512
MikroMolekula,76561199130624450
ДумДумыч Кровожа,76561199013714326
lyjo,76561199812435275
Ar1em4ik88,76561199478247884
Путин,76561199491105658
william.detroia,76561198189038411
AND_RUSHKA,76561199481526767
azaola,76561199571814178
I am a coconut,76561199411158356
mr duck,76561199235094012
American0602,76561199235614206
MINI GOOSE,76561199233722760
Bubba Squatch,76561198447165911
GamerJJ2014,76561199060841100
Serial Designation N,76561199028433881
ThoorN,76561198008297199
Sixer,76561199152419400
Brokik,76561198296387877
tj.colby,76561199672338186
jdubnj15,76561199585059640
Haloman,76561198795393027
bdmann24,76561199217615027
mintywaffles,76561199076051020
beefbird,76561199236435888
tubularbacon,76561199079789794
bojean62,76561199584777945
Gus,76561199032071787
tannermphillips,76561198081000121
ItzTcalt,76561199591364109
rgk.aaron,76561199261773202
skylezz,76561199444233262
Mr. turtles2265,76561199303773388
WelderMike22,76561199809819615
Suphrane,76561199687319283
Zulu 1,76561198123130310
Halflifefanguye1,76561199467805634
Demarcus Gray,76561199832288397
Monkey on da phone,76561197970730138
Rice,76561198389657060
Goober,76561199588351016
Kainfal,76561198066729560
kevintman,76561199253891352
1Mrkalebeans42,76561198259282538
kiko,76561198161925418
Shocknaw,76561199229923641
Entropy,76561199750572524
PeoKira,76561199133044361
kor1232,76561199031571813
vovakotov976,76561198768279075
Churchill,76561199828548925
веселый червячок,76561199831251944
МаксМарс,76561199681626039
ПОН ИМПЕРАТОР,76561199838247859
Халяль,76561199587717021
MITYA24k,76561199542582308
пыпыня,76561199511686671
patt17patt,76561198767679151
WAROVICH,76561199260352183
driftuk,76561199802363701
mr.kebab,76561199805234864
formulapissa,76561199570664211
Justa12yr,76561199214400650
govnoalderd,76561198769233389
JAPA_HACK...,76561199530427963
caspen.mawn19,76561199832738218
Intel Core 2 Duo CPU,76561199424719076
iamwesco,76561199116302386
Майонезный шлепо,76561199651377083
kimchikilla3,76561199675543577
VIP Night(FR),76561199484876533
knightx05,76561199259802150
Yoda\'s Gaming Galaxy,76561199444103289
szymon.farciarz,76561199259990246
ZephyR,76561199810812072
294,76561198790599512
Normal,76561199436274286
ronidude2010,76561199203602351
Candonious,76561199188679484
BallBusterBen,76561198111978787
justbob_real,76561197992489375
YourLocalFailure,76561198450594998
Bentley,76561198342679621
manguyman,76561198837991199
TankZlayer,76561199682693771
GamerMoose911,76561198778603478
mason-waggoner,76561198782197033
tommy,76561199531954919
Jesus is King,76561199043034243
Spud Whiff,76561198824808189
chil1aja,76561199751128390
JiggyPiggy12,76561199189384099
Neon15,76561199544884444
Fire,76561199191293658
LaneAviation34L_YT,76561198243121632
falsehashbrowns,76561199193176301
^ Glitchy ^,76561199197039180
Кот Из Бимки,76561199796737989
rayDJ.,76561198119216146
Yatoro Prime,76561199530662649
troll,76561199217323774
sainT,76561198863771603
andy_cryer,76561199243369108
szkwiatkowski,76561198438701704
Divinegull,76561199126013986
fierce buzz,76561199386574895
PLUMBER,76561198347483658
Скибидист,76561199023897496
John Wick,76561198840947807
f33330350,76561199783823883
Шары мишки фредди,76561199777298044
kurak,76561199521941096
Maxwell,76561199236015823
mtongas24,76561198037511306
jmandawe,76561198865285736
The Classical Gamer,76561198129918497
GHOST RIDER,76561199755839554
Avatar Aang,76561199025007628
nickcelery810,76561199064275984
psevdonim.g,76561199333736209
PizDorost,76561198235509016
Sourapplecakes,76561199566455529
TechyFungus5095,76561199811450418
JakeTheGamer,76561199095280877
khovaros,76561198015299514
Dynablocks,76561198769765335
America45,76561199811943324
Masonator,76561199811488551
¿,76561198405914797
epiamiolidoca,76561198080026283
popeyecat99,76561198786583753
rachajordan,76561199822558410
Mumia,76561198829275341
RanchOnTheSide,76561199207261835
SagittaryArcher,76561198245058558
77777comp,76561198030028150
twinkn8,76561199528851478
EXOTIC_25,76561199014339885
andretihij,76561198983673769
Corpse,76561199528918838
mjspema,76561198380032384
креветка,76561198785755280
mr0888,76561199021541240
cameron.venture,76561199504764885
Supernova,76561198035415650
viktor_0707,76561198091397105
『PEE』,76561199467011444
Пивчанский.Top,76561199740443879
МАМКІН НАГАБАТОР,76561199851550302
BigSigh,76561197973253927
Epsilon,76561199588565114
adam,76561199478936883
Экскаватор,76561199388996202
𝔰𝔬𝔩𝔬 ❤,76561199476907942
H3_magnificent_batht,76561198384516891
LIMON4IK,76561199175686437
mikhail.yershov.05,76561199778087188
DoomBringer,76561199053672188
Lord N,76561198179000786
James,76561199242801327
catbtch4lyfe,76561199380900017
aiden_gubby,76561199866529843
rowannoobslaver,76561199072135160
Stardust,76561198243466610
NEON59,76561199229906760
Two face,76561198274232099
BNSF144,76561199871794620
Korb912,76561199198668566
LittleReaper329,76561199520336724
scary green shrek,76561199389983846
Deanomaximus,76561199229414460
coyan_william,76561199869078789
gabriellak232,76561199272878877
VIPER45672,76561199249880747
gerwin,76561198139548252
Criminal Tax Evader,76561199152606008
bhbowman80,76561199836043826
puercospin89,76561199095794804
N55_Addict,76561198373823502
agooch10,76561199549244663
NinjaCrash0,76561199219202022
oreo,76561198879807876
yoitspro,76561199314635836
Venach1212,76561199756482485
Doctor.pain,76561199275483073
CH0SN4gr8ness27,76561199873751884
Plague man,76561199015683017
owenthetank22,76561199483303490
trooper,76561198337157097
Tsar_Bomb_Eater,76561199096011287
Astral1zed,76561198926320744
hoczone,76561199655653652
DEVLore13,76561198181721182
the big cheese,76561199422352673
vision,76561199803813122
bobgen111,76561199402313787
[CROWNS] Potato,76561198292409716
Br4xTRoN,76561198847939866
Miha24rus,76561199503444533
угонка угоняйка,76561199197429099
aнaльный глиномес,76561199199365553
said.babayev555,76561199592333114
Egor 🌌,76561199220303811
FXR_ntc,76561199165263596
FRODO1457,76561199231882627
Jakov🎄,76561199536182490
Towarzysz_Ivan,76561199525202613
Not Sure,76561198129419770
Fly Fly,76561199164867196
TheWhiteNative,76561199197975350
amosr3610,76561199814075403
Yam Roll [@@],76561197970565917
SOMEGUY767,76561199845752344
𝐊𝐑𝐀𝐒𝐇,76561198940245254
木子,76561198262730346
Farcoral792,76561199225174258
JoGurt,76561199029015558
deathevn82,76561199749810696
deathevn82,76561199813568741
Ethanos1427,76561199410878317
IceBerg,76561199538008518
Brodster,76561199865327976
noryak,76561197991166493
( つ ◕_◕ )つ,76561199821499462
椰子味的电脑,76561199471958413
Hambone1523,76561198003934504
𝐵𝒶𝓇𝓃𝑒𝓎,76561199022999309
coolguy876,76561199619197785
95%Cardboard,76561199366462622
todbx,76561199131416665
RIFLESLIDE,76561199092917074
tux_405,76561199018760704
nahhh,76561198998028596
Chicken4912,76561199217873569
coderricci,76561199050951826
Amphetimind,76561198014225925
R2 Lmk,76561199144801130
jetomblin,76561198092555633
stormchaser_4 (mic b,76561199212269439
TheDuckShipment,76561199348233475
JOE,76561199054049625
enternam23,76561199180671527
sir buddy ton,76561199811831379
oscarchapanon,76561199351047069
DJD,76561199047778158
Rteddy,76561199127266373
thewarthundertwiker,76561199427467940
purpleguy9866,76561199843300628
schacoc313,76561199844883354
Elmatamozca,76561198363338875
SekerBoss,76561198826575905
Odie Arbuckle,76561198389982132
H1werty,76561198190743093
ишу,76561199162777682
hhkknh哈哈,76561199629326457
albertovich34,76561198159594002
ёмаё,76561199438908099
ULTRAKILLER,76561198959199295
pwex549521,76561199237920218
Tap_ok,76561199510155767
dr1vingm3cr4zy,76561199561927081
whiteswinterwells,76561198293197789
Like47ak™,76561198190265527
DieQussi,76561199205822012
giga toilet,76561199063822241
OneTapPro,76561198779072314
m0za1k,76561199086724325
Giarahis,76561199606947868
MedvedMedic,76561199058615333
BEGULA,76561199872834126
POKEK145,76561199812861715
m.m.pop81,76561199183361186
_VIP_RUSSIAN_MAN_,76561199587338212
Gator_1833,76561198041606115
OskaRamsey,76561199209954717
агент муха,76561199639911409
574377698,76561198422987993
ZAKON,76561197983393217
tomcuk201719,76561199486729247
lycmdj,76561199641622547
xgraybanex,76561198045015636
jeremymcglocklin,76561199104799929
liamc.daniel2011,76561199645180117
cpastranajr,76561199259886794
BBPug,76561198819220557
Drewgaming25,76561198445166233
TotallyShadow4K,76561199107126735
Éticraft1239,76561199009712759
Dree,76561197994958616
MarkMCraft,76561199159740779
kaidenlee1337,76561199888986356
dkmsshadow,76561198774930176
Zachisthebest,76561199681344713
ryan.bucari,76561199510355529
Cool Emoji Arthur,76561198939866699
Puglif3210,76561198988606698
tutel4285,76561198768057917
yumyulack,76561199489575962
Radiation enjoyer,76561198771891263
GroovierRat,76561199012747321
ctrobertson11,76561199519389846
kuf_man78,76561198442290990
Gamersaurus,76561198787393542
mr_glizzy,76561199161885719
Wild,76561199380240929
[3JIO] KILLER,76561198052121718
Prochyter1,76561199436686191
Pantera Fan,76561198843767184
theintimidating33,76561198197792869
Jenkins.stephan,76561198415322429
BandZ,76561199066318211
lauren03clay,76561199690412096
oskarowy,76561199240212048
𝕫𝕖𝕧𝕠𝕣𝕖,76561199484569787
hub_car1 PL skins.ar,76561199353826517
Poof,76561199553020193
funnerkids,76561199125065900
ChestPain,76561198013910554
titan1006g,76561198770944211
zebnred,76561199117937932
omer.barut1,76561199412509881
goosemanha,76561198869055175
mr.bob,76561199576983160
jenn07derrick,76561199433429297
spideykid2321,76561199784022507
JimmyJohn1,76561199567368214
i watch jimmy neutro,76561199235515315
Sakuraji,76561199454200447
sculahry,76561199484780198
el2864,76561199121986800
humby88,76561198794342525
-=LS=- Babah,76561199228943095
Reverendkilljoy,76561198059214565
kovtunvladik07,76561198791836655
funt_frunt,76561199556344875
PROSOR2,76561199438176048
i like destruction,76561199182746212
COW GAMING,76561199493786179
Peakling,76561199379477293
georgeaw169,76561198963673494
Taiyaki_NPC,76561199655519788
mac10chilli,76561199566712325
bill_213,76561199370897043
SwLan,76561198126931736
Combine Advisor,76561197988334101
rhyscnicholas,76561199012920862
adaan.ali00004,76561199693644663
Jd876,76561198059076320
burrito eater,76561199801709880
aelawson216,76561199751834044
king,76561199472674329
Fernando,76561198894748863
maxesmax2014,76561199574747807
PirateManEli,76561199448023458
kgarnham1,76561199861725696
eLJosh7u7,76561198822671670
seltzerfamilygaming,76561199511114118
youngmason1913,76561199535581153
gravatt.jack,76561198794099953
keyser456,76561198994551281
felixgamer27,76561199498524910
liztless,76561199088915801
SlushyBoi08,76561199387215425
red jolly rancher,76561198975365387
KnuckleSandwich,76561199101444279
floppawarrior,76561198203858181
18jodhsingh,76561199869405949
ajshibes13,76561199573256041
В сети-бася,76561199142047279
Plonker Bing,76561199011601130
outofsite18,76561199509252968
michelleriddle97,76561199589384070
Teopyx,76561198295971004
D3J,76561199102961849
Yang chapa,76561199066592475
Jrod97,76561198062617208
Жорик Ы,76561199436677145
wybeezer,76561199641641877
brayman2022,76561199423704376
Medkit,76561199814012594
🔰Yomiko-129,76561199015893133
TacoCity,76561199053961737
Milik,76561198859147462
vaxerta,76561199223940498
Klarochka,76561198914716532
cteplr,76561199443191563
slaptop gaming,76561198854450624
Mr. Mono,76561199191357933
SkullsDaShark,76561199811771594
tutinaco24,76561199044215337
epicdude16edit,76561199844053765
doom slayer,76561199657685383
Drunkbetch,76561198996933528
BeautifulOB,76561199652221092
Techmonkey,76561198027404767
Mikhailchervonev,76561198135102906
Bipolarka,76561199270927031
That1TheoristGuy,76561198367230217
reidemption1,76561199108986450
Boring_Username,76561199841148952
oliverhrausch,76561199222747901
cameron.hansen2010,76561199721475350
Fireball7552,76561199387702696
PrivateNobody,76561199247116904
mthomp48,76561199166675340
thegr87,76561199203476393
aprilhpost,76561199612658605
.sins,76561199435896151
sltqc,76561198049611337
Adler,76561199014028762
SheepLord,76561199323824114
Burrito_Boy_836,76561198779463759
An Intel ® Core I9 ®,76561198312698251
Danilus,76561199611249065
Kashifboi,76561199151708523
Acidity,76561198970970280
operator,76561199472017486
ogyrchiki,76561199866466785
sake,76561199506596436
kacper,76561199766740332
[ RVG ] 111vasil111,76561199108637060
The_2dcg,76561199795549976
U-535 | Case | Det.,76561199060285340
barvel,76561199736603918
TheFisherMan,76561199140766944
The_Judge,76561199142579287
lachiemate,76561199798888987
DyrachYO,76561199129096074
harleyday24,76561199575534808
lazy_legenda,76561199664037019
The St!i!zy,76561199107791728
mavetendiran,76561199522324608
error,76561199480416949
☆*:.｡.ŠҺ𝐚𝕕𝚘ώ𝕣,76561199630901857
Rengaw,76561199363922469
FAANTOM,76561199157839954
.Cocain,76561198137142503
anonim4202021,76561199853921349
Nyx,76561198160560333
zibki,76561199164565968
WarDoodleLOL,76561199589191167
Ykrop,76561199466327916
barankinmisa04,76561199586802427
rodrigolmaciel40,76561199479283665
ryder,76561198892056160
MIKADO,76561199189112638
RINO,76561198368725322
Mr_SlickWithAStick,76561199122203571
AnoymousUsr,76561199126643971
Elicrazy36,76561199226092543
tomjcity87,76561199113641205
Becks,76561199619664561
Existence,76561199164207504
Frostic,76561199211861510
Co$mic_0r3os,76561199190635147
BM,76561199067526926
Swo7d,76561199751404927
Ironhide854,76561199185569078
blackdilda3000,76561198781125220
maggithoriss,76561199238904425
Taxo,76561199241108461
rethorpe99,76561199803412850
super.xander,76561199119499334
Jasper_Patton,76561199262236827
mdbh9356,76561199754534931
BoyGmoney,76561199091876363
mancitykyi1025,76561199864056574
Fire_Igniter,76561199630571525
Lambo63,76561198969326518
all ahead flank,76561198416747315
bm747065,76561199510002517
MaximumTick,76561199811862264
Russet Potato,76561199021448567
oRion,76561199480188568
link060820,76561199811230883
PatchMaster,76561199837296344
BoltActionSeal,76561199709642542
Penguin_P1ayz11,76561198872421154
clonDEW,76561199468631615
SlaytheDonkey,76561198039188490
enginerr gaming,76561199885519909
Tracker1120,76561199767420929
db_dber,76561199815832204
wtnp,76561199706877956
Zombiedragon06,76561198818858936
deltachicken112,76561199269958021
Cubemap,76561199218871279
wee_goober,76561199588414310
felek_miata12,76561199585872536
lyosjopl,76561199831142352
aero1,76561198171927802
paradi95,76561199041706148
marcel.sawukajtys,76561199387913677
kacz0szka_PL_CS2.ME,76561198791935058
Jlra44,76561199825574269
Hornet,76561199195383310
NEw_LuCci,76561199557672034
Lemon,76561199168223182
kryt_ebatel,76561199249178519
negrpromax,76561199827558614
WITYEX,76561199278563996
Квадробочка,76561199092746677
Ducksters,76561199564959797
Advanced Purifier,76561199245240485
Pierozek,76561199379519887
MonsterTruckDylan,76561199700170832
Jasper67800,76561199226419974
idgie007,76561198079692985
cool ducky,76561199487413994
Snicklebooty,76561198047244646
JimmerWest,76561199668353226
MAHITA,76561199532093033
mlingers,76561198969985506
55leonahawkins,76561198764927517
nixonclark417,76561199885224315
j.64mgrx8,76561198782358101
chel,76561199759635687
thadicus thunderball,76561198320337303
Puffafrog1,76561198770031001
KingBob,76561199045310320
joshua.w.8888,76561199199790040
Yoinkledoinkle,76561198840923485
rorystantonho,76561199451425542
Mr B,76561198015775438
beccaboo3447,76561199147277230
Ellernated,76561199137968813
soupymage182,76561199128840402
Brian Blake,76561199586081385
GavinAJ,76561198873493842
jdbrowne6,76561199812089188
Kaiden The Non-Peasa,76561199472306283
SploingusSeal,76561199239353264
LPCAP1401,76561199031966214
mercrymanilla,76561199233083423
NoNaCl,76561198025186541
MasterKai16,76561199850157020
GuineaPigCommander,76561199778380485
FireJet21401457,76561199111378777
Gander,76561198271082423
Master,76561198417108435
Cyberstorm,76561199110672476
AbsurdSoap25,76561199803231116
gg,76561199064548320
yoo,76561199537677596
Harrison,76561199038773035
kae.schmidt,76561199835224357
bob425172,76561199834548584
Daft_Hamsta,76561198407443013
sunny d,76561199542820839
jakerobin218,76561199752067346
Grimathy,76561199219808012
scottylad,76561199579682393
STAR_WRAITH,76561199186213205
mm2010,76561199753211578
jesseneace5129,76561199588413625
Maelpouf537,76561198973883099
chris da hacker,76561199184024302
BOB,76561199812515920
𓆩✧︎𓆪Tech𓆩✧︎𓆪,76561199122088696
Madmax,76561199819739960
Mr.Mechanic,76561199015490958
GameTuna7,76561199488179714
LuckyDuck0908,76561198893496981
KILLS_42324,76561199121943610
Gunsilencer5,76561198847465023
P7kle123,76561199545600208
test,76561199237041633
redlac,76561198838860412
bankc,76561199569357212
vitric,76561198944709890
[мяу] монолит,76561199748266552
Kirya,76561199823767680
Whigly,76561199261622114
autism,76561198430829984
Buckil,76561199063721316
VEX,76561198936535303
partyeater,76561199381972524
EX1TRUS,76561199821529724
Officer Ray Cist,76561199058082457
Egornetrakor,76561199644805549
The_Hunix,76561199130121439
лягушка квакушка,76561199436049990
_DeaD_ShoT_,76561198027610587
Alien,76561199670376356
karabangar,76561199817259758
tanyawalton123456,76561199859390082
xanax,76561199469207660
Dj Toenail,76561198109373826
DUESENTRIEBWERK,76561199162860964
Onyx/LUP0CIDΞ,76561199119689756
ossi3007,76561199200892821
AvstrijskijHudognick,76561199643049817
cubeboi,76561199811949450
Petarda,76561199217310942
nokia,76561199671610990
goldstripe,76561198036588914
m-youngs,76561198021244522
srbakercrabill,76561199812495999
deko,76561199834061683
ashlee0784,76561199235661692
hellhound747,76561199702837020
HRC417,76561199120713421
jpsouthwick,76561198027438872
edu,76561199173200656
mich251,76561199178984766
spacey,76561199485239248
WizarnZeGreat,76561198795168268
heyseagull,76561199124296204
SentryGamer524,76561198864620409
nekomapsik,76561199857008660
Eg1g1,76561198864927957
sawgy,76561199333669007
tokyramo x フェニブト,76561199367257598
FOREVR,76561199241437435
vette3434,76561199528744616
vasily78789,76561199428412147
LanceLot the 3rd,76561199098050214
.ns,76561199045172602
zacarter10,76561199084926009
Him,76561199197007695
agreeablesyrup54,76561199844461399
бегемот,76561199619061172
FlashBang,76561199174976574
Tiny.Alfredo,76561199771901634
Mars,76561198313843855
+_HEROBRAYAN_+,76561199121349599
yevvy,76561198764320189
sambooooosa,76561199330338848
Gubitel,76561198036593077
Mey,76561197963346213
tommy81luangsy,76561199780052503
je34c,76561199438642853
rizqi,76561199073415880
pups6419,76561199812596193
pc_gamer,76561199550635478
namibian_salt,76561199222941918
Alfiefarm,76561199118650464
AnAngryWIZARD,76561199752365708
DylanTPizza,76561199644144718
SepticFROST,76561198965394451
straykangaroo15,76561199817614277
fd700CM,76561199754877275
Buddy Freddy,76561199131490282
willywonka,76561199815588557
ofirboo,76561199500611523
lukesimonek01,76561199813770909
GreyFox526,76561199248732629
joellesibley68,76561198793528425
CheeseMan,76561198841681269
tovarish_sergeant [K,76561199586483885
Jasper,76561198132005549
Tony Tony Chopper,76561199475061963
Shoopoo917,76561199729366540
danielstamara,76561199886819705
The Sandvich Eating ,76561199069762957
CT53,76561199206787948
doink613,76561199086986999
jermanf78,76561198832347854
TrainGuy9312,76561199780210559
jessadcali420,76561199086291233
teacherlady10,76561199890666778
Pvt. A. Gazner [5th ,76561199013980832
TOMMIO4,76561199388341758
VaveX,76561199121111956
JEEP SRT8,76561199816265762
Certain,76561199078391845
Lil Das D,76561199054432218
Epicfrogg101,76561199157909367
Kaz,76561198123170644
natearmy5005,76561199168788261
A Classic Gamer :),76561198082286254
Strikeforce,76561199072320388
thefrostedshow,76561199614439041
Mr_Glowys,76561199467177218
qhendrich,76561199649450770
thompsonpete73,76561199415976793
*****wimpy,76561199122744848
strikerbop,76561199232773733
Gabinator,76561199477697687
SushiEvan5,76561199681958435
E3ubiquitinligase,76561198285359869
arsonist,76561199012451708
miterkreb1945,76561199050364800
scoob en la pasta,76561199063703569
WhoNow,76561199384944546
UpMostChain,76561199121759872
T4P,76561199487085714
snowyflamez23,76561199138111356
Badmonkey420,76561198808006448
Goober54,76561198065546506
charlegoudreau,76561199455055417
mrsirdd2006,76561198841105236
kimj999,76561199882693703
Space_Aviation,76561199403334916
Z_Truck,76561199581398103
beerich6,76561199531199889
cooler_man234,76561199447383652
reagan.swinney,76561199552974211
gisellaramos88,76561199745630902
abcdethanb,76561199865016167
H4ckenJ4ke,76561198800469451
Hotdogs,76561199225895856
Minimal,76561199173300711
neno,76561199419952346
wolfwalker25,76561199012106642
Fred Flintstone,76561199764696883
Bob,76561199660746826
Garon,76561199791286308
spichardo21,76561198033176099
H TO THE MAX,76561198245435112
Zhamsik228,76561199635472842
newt,76561198410672494
Tapok_60_FPS,76561199802252995
rowensmith0417,76561198779019038
Nahash,76561199177345446
ezboy,76561198291259270
Pbuddy,76561198043086794
Aaron121610,76561199010839383
george droid,76561199588134257
Savior,76561199499101648
gamermedina03,76561198773419439
чтозакотлыгенера,76561198332171365
archiegrining,76561198785597377
d1mple,76561198856906379
shank,76561199503964676
karolinak96r,76561199107440185
𝖉𝖎𝖓𝖎𝖗𝖔𝖐𝖎,76561199577904139
Mr. Twister,76561198807609976
EL PANTERA,76561198089721907
cainegamin,76561199808138310
scientistwholovesbee,76561199570741620
Crowned,76561199034508084
terry.rengert,76561199191274902
Degeneral,76561198254792965
ChrissyBoner,76561197978047805
mrevilfreak,76561198985677118
General_Malarkey,76561199444604907
hernandez81486,76561199411721985
jcoolbro,76561199813068046
frolovusa4,76561199442597970
binkboi810,76561199089132671
yasha & katya,76561199438980165
lavadans,76561199245316077
playstationonlinepla,76561199671550728
chippydippy,76561199588704397
Carrott611,76561199590333198
abramsss,76561199121835105
Killer cat,76561199655386650
Mufflens,76561199188472754
sir_blorpy,76561199744236853
chud_jenny07,76561198067245158
auguststeam,76561199857834291
water_volcano,76561199868341642
RogueChicken,76561198010901147
jvb_vinny,76561199610748711
CeeJay,76561198339836502
casual.zx,76561199198570972
Lasto4ka,76561199028953415
ryannagle,76561199816844721
jbuerger9791,76561198178510747
ToNnyzx09,76561199537036261
ArchivistRaz,76561198958001673
Sgt_Josh,76561198320513933
Scrxggs,76561199071810005
plantsaregreat13,76561199593869974
littledragonkai,76561198883991927
lamarr232 gmod.netwo,76561199684778078
Mockery,76561199437929544
Albert,76561199145849558
Kaleggish,76561199736960399
just_a_random_guy55,76561199694196830
TenwithmilkUlitra,76561199882555283
【UNRT】xllzjz,76561199161266209
FakerRolando1234,76561199166243821
ПЕКАРЬ,76561198790864246
blessed,76561199467023194
tylerconroy5,76561199031928006
Shank-A-Tron,76561199229954011
Den,76561199124989555
bantos,76561198022808295
ya_ku_bik,76561198869294787
maxthemodelman89,76561199120323477
CiLaH4ik,76561199202885656
mruszczak,76561199251083412
◣_◢ kot na nisane ◣_,76561199809962337
Pippinishere,76561199259025257
decibel,76561199018068535
A frendly person,76561199520913601
Marshy,76561199345650697
lakkhotwisarut,76561199817309804
misterSIGMA,76561199854570199
007,76561199522590795
RamenDude,76561199483453839
jacmed999,76561199181481323
Alanx5x,76561199045917577
danielnanook,76561198816679402
hz121110,76561199143379744
FallenDeath,76561199175719389
FoxMichael,76561199481978719
C.k_6gg,76561198401100197
hcass2471,76561199531599651
verdoncult21,76561199638591783
Pooky,76561198886218929
QueueZeZ,76561198266078677
swizzy23,76561198143343542
ferarri peek 240km,76561198790496888
vafiar,76561199157707938
c_myburgh,76561199816916418
chaz_hacker,76561197973232252
pugzcatz,76561199654631193
fullstorm49,76561199888569741
TheUnknownKing,76561199013591332
NuclearBuckshot,76561198972398413
claretimothy,76561199637623280
thorm1994,76561199525597808
breethe00,76561198000301763
VASTLP121,76561199070650470
Reezmalas,76561199468563586
IpswichBlues,76561198008418178
the young fart,76561199589197895
Lostbot,76561198271569981
mitton22,76561199010282969
y2k,76561199506974799
UNSC Snip3r,76561198272172135
CPT Cockfondler,76561198843848569
.NEIRA.,76561198951311290
spear,76561199663261354
Gus Fring,76561199204281539
rhonalofton2014,76561199872061835
existsociety,76561199138011313
londengigi1,76561199561700053
ShadowRanger1118,76561199809350471
EvenHen1704,76561198119484443
Pig Lady,76561197983883000
romanarreola10,76561199738471894
summar70,76561198081278366
pjpmd,76561199073046673
Revvy,76561199799483441
Ch1ppy,76561199524547299
Bucky,76561199384322168
UppSynapse,76561198842263428
Genisist,76561198389653307
fred,76561199012362201
Mermaid _Mom,76561199165513410
Nostalgia,76561199121861163
biscoitosaur,76561198312712140
Tacostoday12,76561199814542355
rackfokus :3,76561199562310022
Jeeves,76561197995960805
nebraskanoperator,76561199499866113
Koaz,76561199230545101
^STALANIUM/-\\DUCK^,76561199222850397
nuclearvale,76561199778500029
riylinmaris,76561199212852255
BloodiedWolfie,76561199742711913
erik.kubik.ny,76561198341828241
crisbee20_12,76561199042227700
Engineer,76561199373842006
Lelemonkey,76561199190217786
x52701007,76561199769677755
medvedev.bogdan2012,76561198767416497
Pestman25,76561199057856372
Alfred Gator,76561198343776896
RAD-DAD,76561198402129636
af1499flores,76561198978262838
Fire Slasher,76561199217077978
watermelonmuncher,76561199636523380
Peilmeny,76561198244347666
maksimutka,76561198778347815
kaka3723,76561199128777981
[ffea00]weirddude367,76561199631098560
maxymillion14,76561199853548615
Dimonusus,76561199100438170
max_riches,76561199670705836
baoebaoe,76561199212640949
Tsar,76561199466715731
nightmare,76561198880479756
crease,76561198985009179
zaynethurn,76561199812703368
i like fun,76561199156909402
Dran1a,76561198152803915
Wicket_bub78,76561199258061172
$$MACHINE$$,76561199201599520
Taki Chipmunk,76561199692402148
Nado,76561199163914714
tremblay440,76561198240054556
aidanxnguyen,76561199676654306
CreeperChrism,76561198975570230
loganvr321,76561199227265687
Adolf rizzler,76561199190765341
amandagc76,76561199132159539
brittanie.riley95,76561199484332399
DRAMA,76561198009740227
hitman,76561198003180307
spideyplays928,76561199876802207
Asphalt_Gamer8916,76561199811476697
Pozetiv4ik,76561199468802070
oksodoh.sivart,76561199481393478
bradyc2011,76561199443535988
rorypflanagan,76561199281175405
Stiv_pro777,76561199231563006
Flash,76561197970481911
godzillakiller11,76561199445361688
ibraheemasjad9,76561199727586822
SOUR+,76561199454531541
batman_cs,76561198155903847
Pvt. Parts,76561198988073980
JDM,76561199620366342
mudcrab,76561199486762266
Smellydogtoy,76561199280550927
RASKUMAR,76561199593099600
Pop,76561197998853469
megapippilongstockin,76561198772496744
MK-XIV,76561199487945074
[PC]Glacier Dog 1500,76561199790483592
игорь вкусный,76561199012961548
Cooking_carpin,76561199571858104
Endkiller317,76561198766130401
FellowBaguette,76561198764729200
ЮНЫЙ ДИВЕРСАНТ,76561198063357092
[Cult] iosinchuk,76561198125806453
Ullmann,76561199525333564
Eugene,76561199771528117
Littlemagpie24,76561199088411069
miranda9189,76561199743850555
wiewir17,76561199130676182
♥ Pokey ♥,76561199043602985
Grilled_Fried_Eg,76561199094039572
chickenjockey,76561199097935493
delightfulalexisbro,76561199208381537
ace,76561198114104366
卡丘,76561199817657780
v6289247,76561199812880451
Pan_Smietanka,76561198015272512
спидозные козявк,76561199427651081
𓆩M̷ɍ.W̷ⱥ̷g̷n̷e̷ɍ̷,76561199807829953
Captainjackbob,76561199830871612
dinodude1867,76561199860660230
DustieYT,76561199186675218
ezstriden,76561199564000729
cboysnc69,76561199435893632
sllab,76561199365103498
jonathan_ely,76561199386428232
souldoubt1,76561199077433189
Loupup,76561199379183516
jack99,76561199209531517
Astilla_ry,76561199098385470
Monito,76561199179791894
Itslxndxn,76561199159633709
tlstewart,76561198763350683
TheRizznu,76561199698059175
I love 538,76561199106416939
James Harden,76561198817670271
Doggonit25,76561199468046163
Pan,76561199073109669
rocky guy,76561199245260545
TheFrostiestNova,76561198256755030
Centurion,76561198873645053
AWATAR нечтожество,76561199476165180
Chris_G_25,76561199840073075
al83080,76561199207803046
Socko_au,76561199085570503
Kalizar,76561198062070057
WarThunderDude,76561199449241419
nickers181,76561199365795662
cH@RliE,76561199220703740
Vlad Rambo 3004,76561197981010918
Begugla,76561198196010697
Luca-knight24,76561198913061775
SUBO,76561199819955028
Apeslayer,76561198290556210
Austin69surmom,76561198043897630
s.lebedev.md,76561199476274918
jaxscotthamilton2016,76561199835877547
hedgiewoo,76561199443090996
k_10_krzysiek,76561199120220026
paklol,76561199801541775
гавноеМ,76561199654089069
Носочек из шерсти,76561199625594671
Zephyr,76561199251241154
crashazelut,76561199842285891
SavageKrayon,76561199241794080
salmantheneph,76561199817312650
Melkiy58,76561199145565425
theri,76561199104088770
The Ink Demon,76561198946941312
Miguel You Gamer,76561199620802737
skittle,76561199174015003
gordonbrickman,76561197971580305
TheWildgamer,76561199041028271
xsamfosterx,76561199811970231
lauramayhew104,76561199527321486
Dabatheboss,76561199749815349
hugin | крутой,76561199260575342
pilot,76561199843229717
jstraub.32,76561199468330345
ma$ fuerte,76561198087652589
santerio1109,76561199146892505
biba,76561198119987508
Fazev,76561199469383567
jadelmouu,76561199805857166
JawgaBoyz12,76561199883333272
Lucifah,76561198030249573
PewPewMaster,76561198210899589
Leeves9186,76561199831063279
Dr. Alto Clef,76561199036639837
止水团队340653643,76561199544828080
AruThatCutie,76561199580186870
Hijinxx,76561198991112964
marksweetman,76561199239259361
TimePrune,76561198012002325
littlebikelevi,76561199560158290
.і.,76561199759063828
Alhazred,76561199043194067
AgentAkon,76561198869566537
F-22 Raptor,76561199152846464
shonda.nickerson,76561199389759678
4CB_BAP9Ir_CBO6OD6I,76561199643198592
mbeazel,76561198316553562
Coltz_08,76561199464397819
SSizzors_7319,76561199756458679
lauraruthenegarcia,76561199162175955
Oneeyedbager,76561198859063670
Go_oilers,76561199728380133
Razor,76561199814635487
JudeDaDude,76561198879251236
Jocelynn_the_proto,76561199415768988
Juba,76561198058493922
sodabepis,76561199510199756
Margharita,76561198871540177
Cyber_head1,76561199809729361
VladMIr,76561198992345062
GigaCars,76561199095507506
LT_Corsa,76561198816777972
aribriseno18,76561199811715845
luddenjeremiah,76561199886998769
тайно дёрнуть,76561199803172737
SCUFFED,76561199732273326
DangeRuss19,76561199820558610
Davis,76561198801533911
VIPCLIP,76561199877571393
bitbocksmolitva,76561199865771383
Fallacy_,76561199388009655
ThunderVoltzYT,76561199544897353
liam.b_123,76561199588439122
ymariaave,76561199051236593
BIMBA,76561199475717947
Влад про,76561199862672951
Snow227,76561199630702048
kis484834,76561199792062828
GrayvorD,76561198128534976
BOSH,76561198995981617
huypn2003,76561199226036272
PEPSI4EK,76561199015627952
joebearblue6,76561199588417773
slybryc3,76561199800294819
GamerOn97,76561198413245706
fred2freakkyyyfrfr,76561199499374477
l.t.d.vansummeren,76561198778345440
雑草が大好きです,76561199659601784
SevenThreeSkii,76561198812298147
A Combine Elite,76561199409906505
BOBR,76561199701365619
nick.delvillar,76561199002168737
csanchez290,76561199805690318
🎄 🎀 𝓐𝓘𝓓 🎀 🎄,76561199468939914
DrZotro,76561197960949405
jopoduro,76561198993222610
monet829.mj,76561199514611790
pgumm121,76561199565626966
[BLZ]Sw@100n,76561199262074337
240km/teto kisaki,76561199426515633
RESLACER,76561199775941045
Some random spooky g,76561199107062002
paytonhandford09,76561199508635731
sydney.satterfield,76561199818976173
organizetampa,76561199635018478
megcat26,76561199056744240
Soviet Free Market,76561198063128151
dexter_k1,76561199887682664
mamer01,76561199580415532
Stormchaser-protogen,76561199065459894
tonio.prev14,76561199153810068
boi,76561199588497191
признаный побежд,76561199417097197
StingRay,76561199059155056
мария в прайме,76561198255465273
tiger131tiger1,76561199388249345
ЕМ ФУРРИ НА ЗАВТР,76561199538250566
Ordan Kuross,76561198113016690
ЗАЗУДЕНИ,76561198787245624
"женя,",76561199557644198
grady_mcshady,76561199004407974
Skelo,76561199101618165
🎄 President NightNi,76561199376083845
NinjaOgurec,76561199243160911
Lore_lol,76561199515872378
holek,76561199559092203
kglumov8,76561199511486315
endakael,76561198273001499
Sobik349_,76561199003616595
big_floppa_93,76561199489769011
dibo,76561199304304590
Bob the third,76561199642978284
[SAINT]K\'НИГГА,76561199048373424
eichwo,76561198419889697
PrinceDanley3,76561198781799632
roccopierri321,76561199093935521
Storyteller,76561198185077829
atlantis516,76561199069648824
Xomyachok_s_pylemeto,76561199446543108
TurboShark17,76561198779603775
BOBRY BURGER,76561199535971660
KitKat,76561198966760968
JonyDany12,76561199387130298
temich_5,76561198058282852
Ethan_H,76561199135716626
wessonlawrence1,76561199012058507
MrFancy117,76561199546209702
Sheffield,76561198826521653
Homstr,76561198358491202
jwatt327,76561199213969626
MrKaiser,76561199387335116
omak,76561198334407521
килька в соусе,76561199784592812
gamerharvey10,76561199160582298
Random,76561199203639989
death penalty,76561199515045959
Yoda21Aviation,76561198880231298
calebkiwitv,76561199095366088
symon,76561199567749060
spleen,76561199387501075
jk3333,76561198027040062
creeperthebest29,76561199441662375
Wenis,76561198272735521
bigmin,76561198794783776
Detective_ConanC,76561199839084340
Satsyma_amp,76561199689304409
bobbitybob,76561199406461809
паранойя,76561199307264944
huevito,76561199794771064
Мамут_Рахал42,76561199593715914
Italianoroma,76561199168471892
thedude,76561199722281311
Imperator,76561198054696427
FURRY МИШКА ФНИФНЕР,76561199160201866
porcoddio,76561199083966494
Red TVman,76561199026185640
vikmitkova,76561198770945031
Al4nn,76561199168444209
polski_typek,76561199625525704
Train fan,76561198116861823
KACPI 125p,76561199057528922
haarhoffjt,76561199250567929
Winrar,76561199311149048
BandanaRambo,76561198851056707
@M@TtI,76561197994557798
Bonk boy ™ (Sponsore,76561198869432839
Pix3ls,76561199044624069
Enderbot,76561197972695140
гинеколог,76561199266849523
AXI.OMA,76561199511215417
AlienQueSaboBr,76561199218896744
Steinor,76561198861035433
carterjblake,76561199575896154
DR.FREID,76561198065839446
Pig From Angry Birds,76561198411059972
Incognito,76561198870998667
tangobravo820,76561199767247898
Kcire,76561199166203004
| am Mikiツ,76561199011941418
Cramer Gamer,76561198351659279
nicole.sarjeant75,76561199532610481
Raptor,76561199379676257
mMarvin11,76561198876791886
KESC05060914,76561198272315850
waffle,76561199389411877
jvs871,76561198930666525
stinky_socks_2,76561199804100576
Sniperboii16,76561198437118650
armeyers64,76561199845441657
fiskjennifer1987,76561198779724187
UnknownPanda,76561198044574786
Jee12,76561198136389113
Nicholas,76561199198934279
mwright402,76561199827990432
jeaniskandar,76561199853060917
the_Av0🥑,76561199753406346
Heccadamnum,76561198028291617
mikesdirtbag,76561199407037997
corwyn.m,76561198307821959
BloatedHog,76561198992749424
Trainiac928,76561199682240957
LEGO MASTER,76561199339668550
seams,76561199820277472
SamtheTexanProtogen,76561199696736285
party joint,76561199013687135
Theprogamerr723,76561199133051703
Corgi,76561199470715191
usernameidk,76561199507818547
noob,76561199488894499
TheAtomicMicrowave,76561198909591252
MaXuTkA,76561198866173520
aricouwenberg,76561199585358006
VictorS567,76561199222740364
axeledwards60,76561198775518918
stuart.bowden,76561198873487028
Austin,76561199806380079
nighthunter8612,76561199482141204
Myrkanos,76561198836720746
CнеГурка,76561198135057785
alexejlev,76561198054434079
¹Ina¹,76561198914182643
idontknow,76561199816031975
Z1eod,76561199586286241
Chikitos,76561199085500250
zbik,76561198293001621
nikiforosloukoumis,76561199545246110
qq,76561199608563838
我不會說中文,76561199528150963
NeZabyvaemii,76561199387582791
Мухмалбек Хаджи,76561199673343136
zavienleshore15,76561199231134565
USS,76561199076425919
roman_melnik_202,76561199659750829
Okay,76561199553072351
_P_T_I_4_K_A_,76561199234734713
CleaningLynx,76561199084572283
milajsh,76561199388196291
xosnxos,76561199221225838
NotJamalKFC,76561199623929359
Xangames,76561199334346023
Arkhas,76561197994092281
F0xy2011,76561199503818288
Master,76561199213353647
gtsonyt14,76561198777625887
MRgood,76561199698255826
lazarotito,76561198057862674
jessicazinn9,76561199230192281
༺Sͥamͣuͫrai༻,76561199147753795
kyzerre419,76561198767921381
Яхта Буянова,76561199544960133
aarlop2010,76561199455879105
SONOFC2DLOS2,76561199804654855
coolguy,76561199848175539
dj24,76561199113516726
Terrible Terry,76561198871715637
rickdrevland,76561199880047585
rcicrim244,76561199809146428
robert.w.nelson.4,76561198262545423
Moskou6653,76561199820983049
sharkey.the.great,76561199794663920
ericinki,76561199013363940
aeb777,76561199228707287
mrroningrey,76561199382771196
skibidi_kakol,76561199433731283
lbuchanan64,76561199593134573
The Delaware Bungina,76561198404703522
yeliseysmith767,76561199485180957
sandersandrue1,76561198780904402
CheeseyBurger,76561199402702657
kostya_kaufman,76561198006191379
BLAKETHEMAN,76561199111385241
Qwerty911,76561199030340526
maxwelldichiara,76561199045795418
Pontifex,76561198007870023
PhatomHunter,76561199087821333
TheCrazy38,76561199847937348
AHugeSpaceNerd,76561198984631533
Soup,76561198798955443
tongyabi.alex,76561198984428709
Goobert Foobert,76561198960100240
PlayerWon11,76561198823942737
RickyBobbie14,76561198364615021
Snapell1,76561199390159467
SamuelDragon,76561198859316001
torin2118,76561199601523852
chevyfan1098,76561199528919927
Uberpodisan181563,76561198997033447
NediaTaP,76561198076647733
♡◇Killo◇♡,76561199617876022
hypman;D,76561199485812629
avatranxbox,76561199228304098
justinelkind,76561199380992123
Ananas1,76561199713592517
stupid sexy flanders,76561198014010602
gdmeyer1012,76561199586399628
CraigMack,76561199011088180
ccap1211,76561198848207288
Deltara,76561198283729598
PickleGamer7381,76561198839760395
Virulens,76561199141571144
Kevinkcl45,76561199524019046
philriondet,76561199230072455
HyperFire01,76561198984473031
Ryzu,76561198074108162
pk4pq,76561199529353676
project quinex,76561199870023932
dmelkiy1902,76561199025313425
rgary,76561199824646876
Grisha_tu,76561199572444346
Nils,76561199066399059
E-man0810,76561199010948964
a_kalita,76561198058459611
XANSAX,76561198016741641
TB,76561199635084229
DEXTER MORGAN,76561199608475027
PisyaKamyshkin,76561198001235056
inoboo,76561198257798107
Th3_Un1t1,76561199066653373
koponka1990,76561198860128170
mfhstakenburg,76561199232155476
Андрей Чикатило,76561199770218888
pityx_333,76561199568564665
noDrilKa,76561199827786746
Mr.UwU,76561199586791829
Talib Muhammad,76561199234067980
amproreal3am,76561199123317001
majicsj,76561198928342740
masterki10,76561199811124011
cammy lammy,76561199587949496
wee1237email,76561199709412625
pro player,76561199882714400
BootlegVEVO,76561198857850601
FreeWillie4,76561197993296518
Ranger,76561199121960609
Russia,76561199751156242
Uhhh_idk_why_im_here,76561199147526500
noah thomas,76561199440969598
elsthegreatone,76561199185847030
ItsDeshawn0,76561199132064767
Lightning_Strike,76561199443031098
DragonTamer6466,76561199405642034
turtleslayer6666,76561199259975911
waterbottle,76561199015594558
CHUCKY T,76561199728166084
GG_An.dr3w_,76561197960502923
Calarist,76561198199568994
NahBruh,76561199164446792
efab,76561199638880507
jake.boelter,76561198124464716
dylansfast48,76561199096156984
riecomokike,76561199833172666
camboy1010!,76561198839216957
FUNKY,76561199711193576
McWafflester,76561199048845779
jennifer.alls11,76561199446593820
Soldier421321,76561199583203591
pizzasauce415,76561199229569499
FastTurtle_29,76561199620370090
b.johnston1995,76561199645061159
LilBitMisfit,76561198446642033
Danny,76561198283420975
jpttf,76561198854759725
JangoJul,76561199023289763
Dolbaeb112233,76561199883639064
Unbeatengamer29,76561199635686530
Maxwell,76561199640447649
Xcalibr,76561198453573359
PufferFish234,76561198788803358
Among,76561199840989457
Казах,76561199123645570
FencerAtPointBlank,76561198997881614
Eli,76561199680962391
Astro_not,76561199210842872
Waldo,76561199587056082
MonsieurBatz,76561199852997406
sniper most played 1,76561199831847212
mr Dab,76561199083770672
RoyalPrinceJ,76561198262788798
Kolampa,76561198819859776
GRR CIontro,76561197963159690
wompwomp,76561199235757069
UDMURt,76561198113241238
Новосибирец,76561198094502022
DwarvesOfErebor,76561198360053791
masikyougey,76561199867961406
J,76561199840934935
𝓬𝓸𝓽𝓽𝓸𝓷,76561198786910618
galaxydog2011,76561199171415466
flat earth gamer,76561199242315633
babazga,76561199010463611
a0938108181,76561199117447128
eliwturner17,76561198778048803
clarissalankshear,76561199825868868
Mr.MayoMan,76561199224568373
vladivkas,76561199623406389
BigABUdhabi,76561199465939172
LALALADADADA27,76561199603734402
casablanca5770,76561199811337779
alfie33wagstaff,76561199694971665
Conix754,76561199103312458
paulmauro1,76561199528315248
Shmungus,76561199046043237
bujnovskymirec,76561199065857795
Voxxie,76561199427101888
r_micha,76561198846317186
WildBaBak,76561198878925883
GT2TURBO,76561199382570882
jigglyjohn_,76561199707097683
MrNiceGuy,76561199824445445
Lord of The Boxes,76561198985361565
R3AL1TY,76561199753211005
patricon,76561199584599160
Willo2Willo,76561199064991958
булыжник,76561199846914056
reuberjaxon,76561199512208615
Soilaf,76561198311917711
ToenailTicklerXXIV,76561199071504891
AIDoingItRight,76561198066650410
the last transfuhrer,76561198772558369
roscoe531,76561199581117613
Squid,76561199122615269
Hans the german sold,76561199255924136
j3ffro,76561199016288038
tooveygraeson,76561199861877959
Largatixa128,76561199758724431
peaceandlove.et,76561199804660619
chrispykae88,76561199829747707
carriewalton2024,76561199658299617
Teko17,76561198367552012
Tabigboy,76561199114118654
OG1906,76561199189327386
cat gaming yt,76561199038310541
Dinozin,76561198334766949
mwlacourse88,76561199525091188
2001 bmw 740i,76561198792071426
aidentime,76561199365937862
cat 2.0,76561199793506314
DarkKnight45,76561198199262425
Ice!,76561199852020905
Dami899,76561198873246512
peepsmile19,76561198769102662
Boomcat67,76561198790271060
Rancko266,76561198184194551
Kayzlawg !,76561199576519270
KOROL SOBAK,76561199794393419
vevogamer67,76561199416285777
Bigbadbozo,76561199482987617
rosj73,76561199800619539
dabois882,76561199512963315
LucaLu,76561198263242248
lewka86,76561198128824258
DLew,76561199111012653
apanshee,76561199760852001
kaidenthetankace,76561199195921356
merveyilmaztaskin,76561198775541887
topwallgaming,76561198215464331
Sunny,76561199668133203
SEN_TFG,76561199525519016
Rudy™,76561198348040837
jonasurban1704,76561199833250919
limonus016,76561199143447690
АРТ6А,76561199446519541
[RAVT]𝕽𝖝𝖘𝖕𝖊𝖈,76561199802988190
Zakon_^),76561198104270359
Nucleolus,76561199698679391
Beermixa,76561198367208304
The Joker,76561198867454651
bobrik,76561199295393785
Nacht Lumen,76561198115310753
нейросеть,76561199644291139
egggggg,76561199794490540
Slyrions,76561199060082420
Fat Birdy,76561199234125315
пися коко,76561199732344930
BOB,76561199742610480
flam2005,76561199665722930
BURENYA GURENYA,76561198322558441
wlols,76561199472295104
gamer_ari_ratboy,76561199793929852
QVBQVLK,76561199075430994
pupkin_681,76561199879746403
Kungleo12,76561198793498894
ktyler9805,76561199433214019
CheshirCAT,76561198324323642
Veterok,76561199569784474
Sphyro24,76561199205210986
mjr,76561198097935570
Arrova,76561199227268470
zenichols,76561199094496994
shckorckin,76561198357825016
LadiesMan217,76561199456850484
That.History.Guy.,76561198272931282
JackTheGamerDude,76561199055672587
Монолит,76561198204715453
kmslyker,76561198385539457
blazer2k,76561199596551855
denielmed28,76561199822863125
Dorofer,76561199024972553
король лоутаба,76561199547401428
homer simeson,76561198353767672
Ustanak,76561198033027163
Angelface890,76561199767121099
Tax Collector,76561199653721751
Saien,76561199168715347
Bella Natashya,76561198137207963
Ender gamer 20208,76561199063869868
Subnormix,76561198298364884
macaroni_bebbie,76561199511855716
Bob\'s Dog,76561199096953714
Iron-1x1,76561199626229999
TurKkey,76561199817209424
Gordon FreeBird,76561199112175532
joshhehe,76561199003005919
tener conor,76561199526943807
vladimirthiago06,76561199171755977
astronomiya,76561198167638707
Fishbait,76561199483732269
kaarlijoycec,76561199823391882
maca123,76561199785899073
lsdnrd,76561199872098801
ChasinDreams637,76561199553749639
wilson chillson,76561198391404913
Mr_Hlebushek,76561199742882344
rcspidermonkey,76561199483241814
Griffdog,76561198200146137
kalsgaming5,76561198789243059
Democracy Leader,76561199636037881
Aviator,76561199804278892
Gfil,76561199643729229
xdogl,76561199571760142
Not_Xzavier,76561199524046936
elseabrian,76561199839567127
alexander,76561199874228543
lMaverickl,76561197993741260
OneOddProton,76561199550032325
owenstoff0007,76561199810671699
Carnage,76561199626234635
skssavage88,76561199806168324
Arctic_Winds,76561199127805251
duduzin.erick,76561199810065319
JaySee,76561199062444433
rayden.knell,76561199856374606
Thesharpypen,76561198262549896
Mr.Glorb Blob,76561198350154899
.,76561199380141077
Rover,76561198333852824
Ramihrdus,76561198040856546
ДИРЕКТОР,76561199483297841
Madam Outlaw,76561199092521073
Scuba Man385,76561199390097563
Fant7,76561198128869499
Duckyed,76561199223128252
VLOBIK,76561199866596875
BarracudaEvilFish,76561199125295192
njs145,76561199828422954
鈴Белл鈴,76561199870059553
850320696,76561198880400922
jkraemmer,76561198762094369
piotr.koscielniak3,76561199402537470
Vampiermaster2,76561199182965267
Mr_Fishy_Off,76561199800988101
Kaktus_vr6492,76561199125400039
Richthofen,76561199226493489
Poltergiest,76561199220075811
MIG23_SovietFighter ,76561199568848641
OlivKlo,76561199565001331
tomross16,76561199428505909
gypsygirl358,76561199749145888
YC,76561199814297117
rosebud76,76561199806790125
Devoted_brewer72,76561199869343636
terryduncan84,76561199474504892
shivramdass01,76561199877565058
efforttobeme,76561199145023512
bigpaytey127,76561199057849552
King Kendal,76561199056426734
carold0411,76561199462115077
DinoGun236,76561199825685295
Ianfran,76561198114288649
ikata401,76561198770922984
brynafair,76561199527039601
ValiantChap,76561199048675814
BARS1K,76561199694757622
djeffe83,76561198148173904
NinjaPrime,76561198438778491
brulotitomoreira,76561199758752097
The_Throngeler,76561199805894199
starninja6,76561199798353021
arjones2005,76561199449939509
vasilenco,76561199227307822
ContinentalRepublico,76561199494988257
Bertrand du Guesclin,76561198054560142
mptachenko,76561199627152226
boggieman2014,76561199847706487
TimmyGaming,76561199216899339
xavierflight3,76561198767736902
Corporate,76561199122040096
Remkowski,76561199633640437
nolan5865,76561199238432201
brokefire,76561199507811904
xXFatal-OneXx,76561199582739854
shoneycutt316,76561198191452251
Train Boy,76561198354269879
macoshark0918,76561199085621490
fafofs,76561199471890356
jovan,76561198433063576
builderninja7663,76561198763868288
Caxias,76561198823413469
Jett,76561199124290755
грязный грю,76561198774267095
Caty,76561199526853040
HolaWood,76561199843722585
romanrj262,76561199467070066
FartDog,76561199223893552
Ceb42011,76561199373293653
jdaughtery1,76561199865306869
LEGO,76561199794926550
kittykat0247,76561199242099469
GAMEOUT537YT,76561199535515772
remont,76561198820163190
operator-duck64,76561199013481893
circlesquare56,76561199003750374
Prophet Some Guy,76561198036132191
mgmmodder,76561199028666185
sl110372,76561198776095179
GhostXxx_D09,76561198765283529
Cupicontwitch,76561198776355130
Fearless_Pencil,76561198355653939
medrawolf195,76561199135717644
ce.yturralde,76561198849746349
Smartmaniac2,76561199100392960
X_4EByPaLILIKA_X,76561199592229549
stor,76561199275384432
reil.amandacraig,76561199808622947
lil caprison,76561198872935946
YMX||Best,76561199085003601
Bussabuss84,76561199727744632
micahvictorian337,76561199855739331
brelok,76561199736067111
eeli.vuolle,76561199176677077
Лошпед,76561199213471675
llanelwy81,76561198201787634
VAVA,76561198990897381
xTIPSYYYx,76561199427394322
龙箭玩家,76561199861537347
a39307376,76561199583599235
Kangkernitz,76561198048730501
Paper Frog,76561199402253583
Boomer,76561199102824314
gwydion.ashley,76561198055910643
andrewdeleary86,76561199571994620
chaser1740,76561199814772274
bri\'ish barney,76561199166450090
zgrek5967,76561199756631256
RainbowGirl&FoxBoy,76561198339461269
Tri Stan,76561198444343028
Dino-3-p-o,76561199185106168
des1yerx,76561199642780672
bogdan27022003,76561199389244349
Capitalism,76561198978600675
betyloui,76561199628822957
TheBestOfGrifins,76561198332243238
Turbo0r30,76561199816212620
cr8yon41,76561199890972536
KNTholeshot,76561199190634274
BigDaddyShrek,76561199102243989
zanemh16,76561199657492164
koli998,76561199348479190
Remidog4855,76561198788697264
sam,76561199605433239
Cyber,76561199093700508
Outlaw,76561199254553719
yoinky,76561199129571050
BelugaAirlines,76561199357395670
Something Creative,76561199188660816
AnyGeorgian,76561198334103262
Fireroo167,76561199122716294
Newbie,76561199805347528
amandaquillen23,76561199195978165
MR. B,76561199644271676
mari4ek,76561199055919449
Kiev_Guitarist,76561199125119174
ziksteam12,76561199626541879
Turble,76561199747921232
imwithstupid66,76561199481919279
cosmicbtw.08,76561199253156156
JCplayer1,76561199806634182
benskidder2009,76561198964555112
oglow9,76561198982871173
gt,76561198170252966
pateice,76561198050542002
Jim the Pilot,76561199483638941
чсв,76561199554654094
Thecolt10,76561199032080938
koqn,76561199630107159
bob1@bandit,76561199592007516
amosnash14,76561199107932074
knollebol_j,76561199444458665
communism man,76561198869729168
Gamemaster3000,76561199548302823
123,76561198856852602
tapokw335,76561199839981371
Прапор,76561199807393092
ПРИБЕЙТЕ_ТАПКОМ_0_0,76561199047666151
poteshnih,76561199199482885
aoyo4146,76561199679909372
TALANT,76561199369024794
i.agaryshev,76561199492577667
p2d2,76561198761778828
goofy_10years,76561199806850257
Дамский угодник217,76561199575050932
ХОРОШО,76561199512675396
🎄❄️Red1ska❄️🎄,76561199065592168
☠_ПИСЕВТbIКАТЕJI`☠,76561199479067653
тюнингованные су,76561199016248182
artema9115,76561199127453681
Chibility_Chuxx77,76561199370970207
kiber 777,76561199233071143
ihatesnipers098,76561198976123200
Snek_Boi12,76561199062362049
JNULLL,76561198823236088
Traffic3r,76561198958553528
sm3v1_,76561199814283505
jonellis1978,76561199155382663
jthara16,76561198080772464
oo0iq,76561198787773775
Fire103,76561199491048278
MelodiousOwl,76561198305501756
Клоуняра,76561197986128913
старшина,76561199238436847
dima.malyshev2013,76561199489634516
Zombist09,76561199471160949
Hausmaus,76561198060753218
duaslu,76561199866387285
XManMrAwesome,76561199229684315
Scared of people,76561199523178915
MightySebix,76561198236269302
generic username,76561199012683882
LaserP09,76561197969297770
bullfrog0202,76561199186371317
Audacity,76561198441111282
mr_cheeze82,76561199636008542
okrason,76561198931206878
footWarrior,76561198004109397
leifi3011,76561199033609706
nelya.plotnikowa,76561199688265716
ᴏᴛɪꜱ,76561198449078674
.𝖉𝖎𝖑𝖉𝖔𝖘𝖑,76561199831175616
--KolyaGamer--,76561199477979707
240 kg/pig,76561199137027962
TootleFritz,76561199070477858
chopper,76561198793440277
mikatushi,76561198868253574
gniyt24,76561199456091017
langalang.Jr,76561199188868802
remer97,76561199484502595
pão com ovo,76561199608544066
pickleharry,76561199197338059
igvbyawergfkhjfcdzjh,76561198450472096
Gamer_dog01,76561199512378601
kot_b_tanke1210,76561199753518670
ThroatPunch87,76561199379178978
Ghille,76561199572881420
Astronomyyttt,76561199022161377
TrainDev,76561198318557873
python,76561198103345986
scpagent337,76561199469024835
stephianhensley,76561199805036353
CzArNy_DżAn,76561199803046448
Major Cozmic,76561199589411660
countylinefd1881,76561199814243810
John Sigma,76561198960562729
Gawron,76561198963659189
mathomas0388,76561199388701751
jediritta,76561198158093522
Agent Orange,76561199361201596
Souz,76561199218056235
Bloki,76561199819683381
silverteq1,76561198272665958
Dieboot,76561197966793393
rayyzz,76561199589192753
PLEASE_NO,76561199512458405
Slaughterjr,76561198252056552
OakMaddox,76561199767331656
SoccerKingAR,76561198010247482
Howlin_Wolf27,76561198213047143
xxsan6xxx,76561199795084273
baba,76561199395923384
eldaggo69,76561198970325844
speedsterusa,76561199210506258
ecbradle,76561199847232641
shawjopc,76561198018941610
stttll,76561199662345639
umapyoid,76561199090023967
SeaJarl,76561199077497285
babay,76561199839431925
Ethos93,76561198802543367
cloudz,76561199479347662
KillerCity55,76561199840848209
Spagehetitio,76561198057459340
WIKTOR GTR,76561199063262878
Ripleystar2024,76561198367910041
Eman,76561198863942887
gordo_the_bordo,76561199131848458
886,76561199124040684
discolower,76561199808684534
Beloved13613,76561199744317273
Kyle,76561199659372578
platinum_vaflya,76561199859030068
hihihihii2,76561198412316418
Oki Dohki,76561197988261105
Been1man,76561199025736524
goo,76561198799084219
lobster99,76561199842348538
DustBunny,76561198322469399
DDR_Destroyer,76561199855812952
Ash,76561198379363761
bubbyd47396,76561199864340509
keherra1,76561199619828108
Dan_BC,76561198875117359
Waltuh,76561199450812598
Boward EverCuz,76561198952510469
tengine*****,76561199106780579
sikadun,76561199823752315
TheDutchPlayer,76561199658698036
kapu5tin.fedya,76561199870877986
ROZETKA_001,76561199799092624
perezgc22,76561198969280791
MOBIUS-NULL,76561199215122314
ymp51342ns,76561199822825912
Katharsis,76561198057374079
Aaquashl,76561198296392007
RonDeSantis123,76561199767534425
MALEVOLENCE,76561199821732158
daviwex184,76561199775361173
xander.skevington,76561199127471410
abualiga,76561199792421208
edn500,76561198001401807
Sailing,76561199103757845
unc,76561199164426156
matt19021982,76561198426276499
sam,76561199137178174
DaxterMcMellon,76561199739353769
tenedor :),76561199851429743
fox,76561199263597432
Marc,76561198001884042
Ianrsmit,76561198854698735
Pnkl,76561199062447804
drahuntsovvlad,76561199796701626
wiseguy323,76561199476151098
okhotnik57,76561198419351723
GuyRandom,76561199064446002
.,76561199735155118
caleba5845,76561199872058400
Lego Gamer,76561199057166371
CMB Benefactor,76561198880500357
hamiltonjayden0225,76561199036597750
lbsaturn04,76561199470575879
The Mean One,76561199244452774
shane4now,76561198840409570
luckybraveknight,76561199081001134
saul1budnitz,76561199838728988
TinkleWinkle,76561199590198475
schultzc,76561199162994000
Phoenix,76561199494724127
eleazarsalinas540,76561198759109100
Aceintraining,76561199226979207
postman pat,76561198963836437
4alladress,76561199043729156
Grand cheese,76561199664778488
MOGGER,76561199501406846
Pangomania,76561199138860778
lauren_buttrum,76561199355914216
CEPNews50000,76561199465911165
squeaky mouse,76561198028035162
dudugandolfo1,76561199887385005
Kotorrro PL,76561198045778451
GenuineFico0oo,76561199343816862
Zoogy,76561198964602905
KLFS,76561199002812600
DWill1383,76561198097735031
G-Man,76561199004500433
ReadMyStats,76561198249854990
rare black bunny,76561199123640091
Black Panther,76561198005713144
Makestor -_-,76561199866742292
FALLOneOne,76561199591637440
cholli22,76561199177801242
tfengietuff,76561199171297950
theBRondheim,76561198997535106
haritos0403,76561199276958133
gnomomistico,76561199025018930
MeMaD,76561199652081639
red_f1ll,76561199234046503
Игорь2009иран,76561199493582425
Thirdy,76561199478322353
󠀡󠀡,76561198240199460
gh782l5956,76561198760600438
FUNKY,76561199124671519
Ч_Ч,76561199659674167
Phoenix,76561199615027200
Nツ,76561199871636412
leslunsford,76561199068428817
Testo,76561199150527198
Oklick делает вещи,76561198840723997
george droyd,76561199615892116
pers0n,76561199050182274
Old_God,76561199100079438
LJ_Mills,76561199441712504
leonidas88lm,76561199249463430
miles.d.smith,76561198773204387
Very Jolly Smily,76561198133268130
ummmm,76561199876020830
ugabugax1945,76561199836016178
CL16,76561199812087439
XaipMix,76561198786678874
Hunter of the gods,76561199075014904
Wintx,76561199800504440
IRZion,76561199482561003
Zureck,76561199004826098
mike94stang,76561198967514847
deadwalk1231,76561198761534121
apex,76561199125139168
CasualOne,76561199551963416
belo7t,76561199141056911
ricecakes,76561198312019706
MrDragonloyd,76561199469066679
5_ome,76561199696635578
Gratuit,76561199064730430
Signer939,76561199163226878
OV_Mighty,76561199832740900
R\'n\'R,76561198067380494
k.olesik_2014,76561199803136444
naga.nmna,76561199813875084
Defish,76561198293429737
The_Buhr,76561199228105130
witosz06,76561199589986369
piankovdenys,76561199869230499
фрик | absolute,76561199884205098
СЫНДИЛЕРА  [GRS],76561199507848787
mattycricket96,76561198152884776
Dax,76561199822857427
Glode,76561198346812008
Goob,76561199093977206
Bongo Drummer,76561199447105985
darth,76561199465679325
t90m,76561199675524229
sisquito131,76561198027779884
Picklelai,76561199822483082
marcinglica,76561199260624905
jedwilkinson2,76561199811526428
zombxst,76561199477417181
Sammyy,76561198353921676
jameshenrikhadley,76561199574115511
Potato,76561199676296747
BloxRKewl,76561198246314456
Firezilla,76561199851649360
naherrmann814,76561199062340070
Galactic,76561198992200995
Dooooooom!,76561199054046683
Yugga,76561198170360038
imdogatthisgame,76561199598242302
SQRL_TNT,76561198862525893
Samnor,76561199679106692
Shotgunmlg,76561199231044145
Tman_87,76561198366368279
Not_Zlantic,76561198772391128
Manhattan Cafe,76561198016542446
gentryc199,76561199203335409
isaach9876,76561199660412648
Fugiitivo,76561199531943858
OnionRings,76561199575966188
whatacoolname,76561198272332544
el pepe,76561199875962205
NovaZoc,76561198862506759
Clyde,76561198170424085
megan112586,76561199509864001
forcegamer,76561199857158082
Mini z0rky,76561199742206218
Max Queefstappen,76561199379884488
JJustice44_koolkid32,76561199044942363
VOLUNTEER,76561198780315489
JesseJamesActual,76561198003985553
jg4118407,76561199867399956
ExoticButters,76561199056153431
stinelewis,76561199062469993
Syraxi Assassin,76561198395435507
Benek,76561199129894770
KrystalAnt,76561199067430128
Nikola-Tastic,76561198883042092
Ying,76561198134873250
Dirt Bike_boy,76561199527210629
jdeonis,76561199080329310
ljmcgarraugh2012,76561199811304599
mirapulido,76561199690635140
Robin Williams,76561199013375527
GrilledSpam,76561198405074968
your_local_walmart,76561199379584861
liltpump2,76561199261327725
Hadoukin,76561198202270424
PotatoGamer,76561198809005416
gudzon,76561198789600707
fixes263,76561199574538490
vanka273,76561199309751226
Krusty the clown,76561199107848415
korsabr,76561199579090046
Billy,76561198272598531
ᶠᶸᶜᵏᵧₒᵤ,76561199469435588
illdance,76561199257571867
Chicken,76561199500483937
human_with_upsyndron,76561199515040380
KaviFn,76561199731772229
ADA,76561198961477544
Speedyfir2,76561199550228597
vrolover2,76561198882505747
simo_hayha,76561199851009465
Doomslayer13,76561199836362287
Ovechkin,76561199679639714
NE_SOFTIK),76561199805836671
Ineptboat,76561199434436178
belotelov.artem.2016,76561199865186706
просто чел,76561199506442157
pokyshkinmiha,76561198792349369
[SWF]Backfee1994,76561198444817203
Bitch go die,76561199193922051
-Who-Me-Two2-,76561199229611411
idkiepro,76561199379663676
Ddrex,76561199809759469
georgeway022,76561199516730672
cergiant,76561198007384186
arckanum_,76561198040188442
Termometr,76561198834626814
Scottina,76561199271615802
𝔄𝔯𝔱𝔁𝓪𝓷𝓭𝓮,76561199649887357
Coopster,76561199854404755
Mr_Nuttyy,76561199647444104
NateTheCowboy,76561199589361226
10748193,76561199677655821
YOOOOOOO,76561199101340797
nels1960,76561198117568080
msdrewsr,76561197972266560
quantum.tristanator,76561199862275171
gatesc41,76561199171674789
Mr Obese,76561198849823740
chickenwings579,76561199549993942
Moonlight,76561199406039283
calebnate2010,76561198782617447
random person,76561198830884641
Shaunsg93,76561198055391242
Itsyourboy131,76561199328052040
Iceman65487901,76561199400514921
TheMightyMississip,76561198367296598
FNC razor,76561199196538754
JBhoy,76561199054203024
ltfire1,76561199165057046
gageroo,76561198320919477
Noid,76561199230522077
Pumpkin Pie,76561199072949718
C0BXLT,76561199380226978
VYXNFRIO,76561199442713460
lemonduck,76561199168204709
Creeper1_Gaming,76561198823265910
skittle_junkie98,76561199225025295
yorkdt,76561198094741156
matthew,76561199230449196
gently I\'ll  cheeze,76561199262258617
Joker.Jones,76561197976666856
Titanic,76561199170559361
MrSauce,76561199831259299
sw-ruemmele,76561199090211985
Gnulix4eks,76561199384831454
Jzika,76561199494399457
kill,76561198862556072
Diablo_men_pl360,76561199559818423
vasiapupka97,76561198765531930
fridaythejason,76561198098552116
£STERLING,76561198887385912
daustin875,76561198058993137
долги 374к,76561199788881414
The0sumJames,76561199151603996
josie,76561199167942187
Ryusui Nanami,76561199215979612
bizzy,76561199117912385
miska,76561199470244079
2004 SVT Cobra,76561199134100441
TEBOY1234,76561199589160231
tacodeperro10,76561199764470140
no,76561199554919488
охрана лоутаба,76561199418013405
just_a_guy,76561199228265271
lindzo_68,76561199830589732
BANANAHAMMOCK537,76561199827216701
mranjay25,76561198123893283
trevorcool226,76561198758833989
HELLFIRE,76561199121817828
robertsash987,76561199484306340
Ajani3013,76561199839642684
Killer V2,76561198865330682
linkarmysoldier,76561199536307517
LukeEditzYT,76561199757888955
Admiral,76561199503297360
mason,76561199277357443
DuddyJ,76561199152773824
Billy_Bob_Jones,76561199229668213
B1MadeThis,76561199092114111
nadaalkhail,76561199538704641
BOBO,76561199805407782
kaijushay,76561199229586538
prosky,76561199138317263
БОСС ГИБУСОВ,76561198766048522
SpringYeiti34564,76561199050117853
RGM614,76561198838027317
Dark,76561198987313139
chuihanglok,76561199758298260
Skidz,76561199165551042
[GMGCS]☭Mr. Soviet☭,76561198073640821
guyonxbox502,76561199523249628
Goiaba,76561199697038544
Lotre Cube,76561199029837177
DatBoiKaden,76561199291994418
TheCrusader119,76561199570377313
Plague_Doctor,76561199231260944
TEM4IK,76561199700728464
anseleznev5,76561198764671924
xphol,76561199096294816
MetaHeat_Playz,76561199222073429
Chereshnya,76561199807298277
P1mple,76561199806331615
miki3722,76561199827246642
greg,76561198788301840
Здарова москалi,76561199698740606
ivmanff,76561199599647296
PEPO,76561199072934538
xkroeckel,76561198914043740
not_danya,76561199798801538
NICE MAKSIM,76561199585816625
ARTEM887,76561199155592537
min,76561199847909334
Weralan,76561199811521938
ytyut431,76561199783655098
alex1912fil,76561199811136428
Тимоша крут,76561198783974636
stefan448,76561199262679447
nk.burov,76561198386425741
Riddock,76561198192065083
Saturnee,76561198859658188
Baby Larry,76561199586141350
DFENDER2234,76561199167445137
gibsonlogan2014,76561198757069495
vxn,76561199867109595
Burger_Boy,76561198292328428
TheTobster2015,76561199586768317
Jadlielpro1105,76561199841380696
GreenGamer&Stuff,76561199831639411
thirty3bravo,76561198347392708
cwgorman12,76561199808955054
Will C O P 357,76561199064269269
John gaming,76561199400955177
Henry,76561199183728829
Gbody_Jay,76561198973211413
GleamingRay,76561198059176007
Sinister_P,76561199585515415
cdogbillionaire,76561199811840630
XC3L_gmac2026,76561199193521125
Mailo,76561199490641566
USSNIMITZ2,76561199694424483
KerbalOdyssey,76561199452967156
diegoalvesstos007,76561199628756729
Fr1edtoaster,76561199202145445
godines deidad,76561199174575277
therobloxgamer,76561198369673682
Ace,76561199402727470
benoftheweek,76561199092681968
DOOM9991,76561199481937336
jmastrs,76561199192117301
xharagavin,76561199826331653
Dr. Kleiner,76561199317451126
Red star,76561199181096753
bob_the_cool,76561198787053581
Nobody_14,76561199031016783
TheNomad,76561199588792986
Ratonito13,76561199220933341
.CC.Gamer.CC.,76561198265509300
Eye Of Jah,76561199227150796
Kddx,76561199376886354
bugsy6633,76561198329554781
i like planes,76561199519099664
Пудж мой парень,76561199494297418
alexcred1001,76561199384506463
douglasfrjo,76561199844987396
DirkDaring,76561198096909113
laraqc95,76561199691188915
SamuKazan,76561198961481898
cm20,76561198294605645
GreatStanley,76561199641546931
PeytoPotato5,76561199121980522
lukefordf100,76561198026708704
santiworld17,76561199807430333
david_newton67,76561199013245529
pstochmialek,76561198189745789
rold123,76561199560045842
theanklestealer,76561199080179154
siege,76561199092911591
WeT_BigfooT,76561199485750592
↜|WWH|↝ BIBЧиК,76561198872937750
jess77miller,76561199087072662
per.mikael.olsson,76561198092508182
Azeckaokk,76561199588630718
Pickles,76561198002509735
Snappyy,76561199135456131
fish,76561199146631482
cdrake000,76561198275833265
SpeeneerWeener,76561199070686575
WilsonWeather,76561199239629522
myboidris,76561199385153641
graystillplays,76561199437722146
dillansilasm,76561199141526793
CHKN_Tenders161,76561199150361695
KZ-32-B,76561199559338165
rowan,76561199478130972
ФэйсУтиныч⚡🔥,76561199858865093
mizone2014,76561199072372867
dihhhpickle,76561199510739315
AtariCreeps,76561198354506283
Country mouse,76561199553752867
crab,76561199571864048
shastaglacial,76561199514434561
capybarin,76561199750778591
Утка,76561199093238639
Homer,76561199635685750
alexyakoveuc,76561199484028818
SHARKFX,76561199028808486
Chuzz master,76561198967428057
Patr1ck,76561199821168193
SKYBo,76561199874064023
- Aimund -,76561199497338317
girimendio,76561198016011371
egorromonenco,76561199580900141
Кирка,76561199060477719
Marcellelus,76561199625585525
3ncho✟,76561199689098074
Sebastian Ocon 2,76561198770494967
braaimaster121@yourm,76561199072730427
ProMCBoys,76561199116717890
Генерал монобров,76561199131473728
toetickler,76561199699168083
Tyronee,76561199032049540
Tobias13922,76561199347075075
hearts of iron playe,76561199065364402
Sayako,76561199793026099
tygertook,76561199850299979
Joeyy,76561199564324912
MR_Omegx,76561198756847168
steve,76561198917366617
GoodName,76561199500620399
bjustice18,76561199203545838
zerov,76561199766005967
DragonSlayer,76561199374418190
yahya1112123,76561199820720401
bob1870,76561199226054316
daveyka89,76561198174699183
BearSlayer2Mil,76561199760291235
Parzival,76561198788926585
Bogdanchik,76561199188199732
NOA,76561199124590495
Lulusplace2,76561199545984298
pretyunicorn495,76561199743940967
rodriq.stubbs,76561199196666848
jmallia,76561198836797037
xenelis09,76561199578080085
WRZ_shadow,76561199094842826
dquilesrivera,76561199452847503
mycatisatwat,76561198314169911
levi.beebe,76561199870038769
juju,76561198191215398
apple sauce,76561199802437322
pzan26-br,76561199385804860
Trooper Tittytouch,76561198415742838
ThatOneP51Guy,76561199112650884
Auctive,76561198431792986
MiaNeko,76561198358429677
alejandro89garcia9,76561199200485109
luxx57,76561199518855373
HerbertPeabody,76561198254018766
WhamBuster,76561199526011337
fivestardriving,76561199802395068
KILLROY6931,76561199447654416
Mystic Dicky,76561198811216388
Certified_Freak,76561199349919344
CookieDaddy_69_Xx,76561199485167578
НЕГЕРПОВЕР,76561199405524906
awren72,76561199016017767
noahk13105,76561199101965924
kapitan Marcin,76561199132553805
Mrokof404,76561199418098897
VDsev7,76561199473597818
V1,76561199497519507
spyzin01,76561199443580125
Mr.Rzuf,76561198814870123
solanojohn59,76561199647229133
ninjan76291,76561199609232434
aguranPOLSKA,76561199446513363
BlunderBlob,76561199734839687
Boss71,76561198984762476
gtformal,76561199429033389
aguilarmanquemillayo,76561199824993295
квадратный хуй,76561199697353493
Freedomdefender1,76561199640563170
turbocharged 154,76561199268113381
Rat Pie,76561198992932160
P90_Rush_B,76561199881637309
6BYBON9,76561199243106650
FentSnifferBigShitte,76561199150871360
DonRamon92,76561198063657404
GovHooker,76561199062959829
! Tayler,76561199578020048
AidenisaKronk,76561198879974165
carter,76561199192643199
Frixelie,76561199098922924
M̵̺̃e̵̢͂r̷̡͑r̸͛͜y̶,76561199805648884
DOOOOOOOOOOOOOOOOOOO,76561199113949818
tukadonka,76561199071694635
Flamezzz1286,76561199520218121
kitekste,76561199143425942
sheldonvins,76561199216483221
suttonium,76561198329761296
definitely_fake,76561199828350613
0Celsius,76561199641043737
gcano956,76561199281116894
RealRaven,76561199375667509
Defcon5,76561199204420941
augustgivens34,76561199122080476
Twink Galay,76561198754690497
Not_Eggman,76561199526301600
lix23_2,76561199829242111
Savva,76561199089383690
etkidd123,76561199453551916
крысман,76561198973574334
Schaumbcars,76561199521800781
hopaless,76561199699958091
kambaragamuwa,76561199470017336
Combat Viper,76561199549767490
fusion_yoshi,76561198004784357
Mr browser,76561199470036148
Reddonkey98,76561198765026824
amygregory26,76561199310699454
Heck3r,76561199273521698
Кузнечик ,76561199789481912
Арбуз 🍉,76561199496017228
GudHasu,76561197966407703
jerryfredthefish,76561199788129096
Bersama2ekorbabi,76561198382772981
любитель творожк,76561199847818887
denek007,76561199207828530
railzaripov181,76561199849571350
Niinjoe,76561198870139296
artur.gawron,76561198760077602
t1pOK,76561198405589238
Злыдень,76561198027759603
greengiantman420,76561199076329714
GoldStrong,76561199543790869
JSKORCH,76561199529504670
stealth gaming,76561199133110689
KingAntics,76561198994666171
bigtire,76561198980913988
drakeee07,76561199146544532
petroff1903,76561199428726776
skycastle734,76561198837434016
Leo,76561198782852821
dmccdrift2.0,76561198755132150
kruto-noobik,76561198882746285
VortexarIx,76561199468986087
georgefisher.lamb,76561199058315948
wafflesarecool,76561199187461507
kskolim,76561197990410074
SinnerSaint,76561198068877391
Decanon,76561199025373936
kzzmodder,76561199699144079
Mitoola,76561198154231753
Httpsjess,76561198774988404
chaddoak62,76561199105381865
Dumb_One,76561198141312249
drip,76561199695042773
Hayhay_Gaming,76561199804576885
Floppababa,76561199842923936
1st Infantry | Misfi,76561199142198693
bean enforcer,76561199428063281
matt.ward5561,76561198754864090
duraleyzy,76561198977125737
AKABouj,76561198959108615
metalgear5480,76561198778045884
MrGibus,76561198347550643
ljp1918,76561199238678046
Буээ,76561199387649318
Muichiro,76561199576971649
Benito_boy,76561199083999237
thi.dizor,76561199612529290
V1 ULTRAKILL,76561199545127130
SKIBIDIISCOOL,76561199389285588
thankGTA,76561199209130843
josiahrhoades96,76561199138328096
terrym1989,76561199472412990
aiden.hale0523,76561199844716414
reedsarte,76561199217677130
LukeTheLejund,76561199742210203
Papa john,76561199442861444
tracyyorston,76561199875066895
synR | NoNahVex,76561199252109044
meatball9762,76561199885505125
вася винторез,76561199138387970
rplasher,76561199818398399
SuperKnight1515,76561199536136059
Sam Losco,76561198239700346
Jackson,76561199168522914
Snappy Gaming,76561198807951888
artemkurilko845,76561199156358554
erikaadomaityte016,76561199852187669
Badger,76561198391481171
DooDaDad,76561199229115395
Operative Gecko,76561199249433714
Jesus,76561198380938371
TheFather,76561198381078365
MAXXXXXX,76561199334014184
DHC | Josegerardo105,76561199067312872
chapajeremiah91,76561199607413701
masidoni,76561199468444660
wojlio22,76561198031190933
RUSTY NAIL,76561199222563363
Davy Jones,76561199269346099
badass_grape,76561199015933439
skylerkinds,76561198755847684
Hydroxic,76561198281631548
WyOriGuy,76561199654476105
hgome005,76561199790730277
Sayden,76561199498356438
[PF] ИСТИНЫЙ ЖИР,76561199535914028
max.max.20136,76561199782875050
Brandon,76561199122357747
BadKarma247,76561198048244542
breezey921,76561198756366768
Flimmyflamer,76561199735363705
elyezo,76561199377200488
MRCOBRA,76561199368934172
stephanie.m.tyler,76561199882490499
Nordfront,76561199700135964
morrell.jeremy,76561199666100268
keith021057,76561198253561965
ejdino83,76561199816450147
elongatedgoose,76561199699585675
auddie426,76561199309215130
Haw1s3,76561199536873091
ich_binsnich,76561198347478863
amylstepan,76561199267719366
Lipinho_RVG,76561199748325161
flatrat13,76561199467116817
anders25,76561199040626489
romaoleg656,76561199747448717
Anty spam,76561199756015082
TootToot17,76561198053271049
smachnoi2009,76561199267514386
DreamingAboutJuice,76561198033502423
Brivo,76561199004985804
skinnybeanalfredo,76561199311908980
starwarscat,76561198816400852
ottothedrifter,76561198046276187
ethan_redneck,76561198765809133
Pozole30,76561199172416819
sjs80d,76561199715325105
Halo Flower,76561199477738698
floppyfish,76561198131717039
chance.777shotgun,76561199890387559
monicadelgado,76561199547316370
sladesuchecki,76561199523517435
Chunkymilk4907,76561198772980078
WeegeeFan1,76561198834203356
Mr.Naruto,76561198429320262
Liamsolo7,76561199012238033
edwinproxd2307,76561199236412427
Endlesskillez,76561198279156306
alec_rosenbalm12,76561198754104497
riversnoah5,76561199866609679
Ladiesman217,76561199469814352
ТОВЕК,76561199579432445
matthewspears114,76561199445334484
kingofcoco,76561199545625507
aZaZ,76561199078279328
Troll Lord,76561199071209338
Not_Ray53,76561199628824082
Falcon_9heavy,76561199875185855
ratfent,76561199082068631
Jediflp,76561199189139526
oliverhenryrams,76561199406236098
Jaquis Jones,76561199013641255
dezerai,76561199806582060
Хомячок,76561199562243896
Мойша,76561199519689690
DyingSOUL,76561199014588383
бобр 52,76561199037284720
kmcclaff519,76561198755810143
lisette_kaleveld,76561198755630101
aallred318,76561199057625997
AkiraComplex,76561199081049878
breadpatch,76561198784931677
WITHER,76561199397804998
KZ_240km/h.PEEK_dand,76561199132409819
Ramstein,76561197970876435
Blevins,76561198758705699
hruuf®,76561199699355626
a,76561199189188566
z_berg,76561198769582146
kadeburnett25,76561198755916922
lu221644,76561199369892362
Nomu,76561199818079166
sashlocust,76561199634866690
King_Seb_1st,76561199229496118
RazorBeam5000,76561198754351179
jfond,76561198310793804
Smar,76561199158761354
.aR | chymz,76561197960400184
Brickthenick,76561198166753717
cukin131,76561198758982667
simon.peaty,76561198208111032
IEU Sphere5,76561199249286300
will999,76561198783587415
supremenexus10,76561199453381751
greysonmc2012,76561199863538997
Noobmaster69,76561198121384796
Chito,76561199181723391
tractorlukey,76561199718880001
ShadoWolf7243,76561199783667349
agostino.difede,76561198757066754
nickyboy32339,76561198755666921
Rabi,76561199129549649
daltonlee238,76561199354116193
dldicicco,76561198767331159
ToriBird19,76561198768807965
reinales,76561198880686580
Wire!,76561199801718934
Fontane1103,76561199199554921
Yapperson4000,76561199793794201
rode325,76561198753739788
hvonstorch7,76561199587916292
kurothemonster102,76561199033196660
MONKEMAN,76561199812392311
lbarber2911,76561199866843156
kavizoe2316,76561198769775229
jb534w,76561199822834620
InfiniteRespawn,76561199381399258
jorj41e,76561199864405727
>-Naiwei-<,76561199093138252
vladpio6,76561199154891053
gg-dig,76561199554460318
Worst,76561199383864277
jburks97,76561199582952971
pancake TMP,76561199595895519
SoyQuinn12,76561199589739915
EffyMo,76561198077228502
thomasborie24,76561199013559423
GHØ$T170,76561199281415389
Epenetic,76561199489902033
cosmyN,76561199195121476
digital.shuk.one,76561199656974519
Deadcupcake2767,76561198357143483
GIP_ghost,76561199805113990
Racks on rackadoodle,76561199092255078
slaxtts,76561199529987801
Kyco245,76561199496979893
buendias169,76561198755702341
kpoppo130,76561199475236099
Hat_10,76561198754371745
kirilloyd1,76561199476073445
Looger,76561199462677684
deferret,76561198416056430
avery.mawn15,76561199257961835
Jager9076,76561199812785689
chrised3139,76561198936843685
dntheman213,76561199471988063
f1504x4fx4,76561199467241581
doctor_chud,76561198072792271
Grazed_Biscuits,76561199167115990
jaystrong2j,76561199821296921
Эпичная Мышь,76561198773057405
owen.radak,76561199853127502
WindoughsXP,76561199813054115
Dusty_Medic3000,76561198894589894
Jsk_Actual,76561199811561323
alexisrrodriguez12,76561199161146374
fox999,76561198994834542
SpiderNull,76561199351160325
Random_anon,76561198144252750
LUKAKU,76561199440270472
Fresh_Egg,76561199657452869
sbpowell21,76561199711040779
belowzero55,76561199145414704
GAS_MAT,76561198784334700
happy,76561199507027022
Raiju,76561199086303073
🌟Theo🌟,76561199304692027
Coditobandito,76561199252138310
forney.jack,76561198755783747
LB24,76561198848417965
Cryno,76561199579885516
walterthomas703,76561199478462821
moscowment,76561198015747626
mariomw,76561199818255279
HyperX,76561199481489615
bribbans,76561199013093222
Thomas,76561199552274140
LGA727,76561198809339709
welsotys,76561199518631025
leogolding,76561199822943434
nogbacon,76561198762431847
Justin,76561199839835545
True Good Bear,76561198295387912
ZombieTrae,76561198867691270
jackajudy,76561199847987685
PEPSIK,76561199823948830
alternativeturk,76561199415475399
putis mic glutis,76561199587772142
SmokeBox6800,76561199453738977
Rax007,76561198930782941
/gamemode @s adventu,76561199482241746
爆零乌龟,76561199118164071
BXEdidts,76561199157424256
Frost1k,76561199138505363
nicnardo1,76561198763531377
kasterion428,76561198758855069
НАПАЛМОВАЯ SИSЬКА,76561199474679050
NUBA,76561199446775478
Rottentaco234,76561198838823867
jm4cds,76561199887296723
Monkrthief,76561198758307434
uezaria,76561199804402035
DynamicBB,76561197970551267
hayedinhodge162,76561198754173572
katusha rocket lanch,76561199018002514
603 Owen,76561199525342424
Pizza Cat,76561199573067800
ljtr2016,76561198791400430
The Soviet SCP,76561199484370528
lbflint315,76561198417518871
mangler,76561199559586226
tundra1972,76561199540791765
thomasjcgvpfd,76561198878864069
m_nickii,76561198755929488
LOLmaster,76561199086839779
maileycra,76561199447234585
bears,76561199103923847
floadics,76561199609492957
juanpabloal2811,76561199564113678
FoxyDino13,76561199841111777
mrmcclain78,76561198760329141
conan,76561199407220716
dazhunt,76561199752846596
henryhafer7,76561198756660116
lazergo500,76561199201334801
imchilling,76561198771515658
rel one,76561199861797644
juanerenaviks,76561198755078598
hadyn895,76561199827076594
pohonuri,76561199311888065
beanman88,76561198371755221
JoeCool,76561199074490779
doodlesxs,76561199751186200
NoLandwaffles,76561199643979685
Nickuty08,76561199481422559
sdemosiuk22,76561198755716307
Muscle Man,76561199025698917
T_dogg08,76561199088857481
haroldavidmach1,76561199231170169
thomtanks,76561198788630636
daltoninspace,76561199814415648
I Don\'t Know_,76561199274001259
WolfBlitz2044,76561198876696455
Boss611,76561199381884981
christian102713,76561199635660452
CR7,76561199653871651
leiovb,76561199850821582
Carambof,76561199138810262
Very_Special_Ops,76561199210834787
Xtragamer_STM,76561199142977117
Sir Tomatoes,76561199801807491
el men popo,76561199222579120
BuggaRob007,76561199474371681
catzilla/marvelfanrh,76561199027441205
Alex,76561199158988904
لChillWaveل,76561198846477553
Nelex,76561199075449652
chomurai23,76561199205218849
domericho1,76561198757375442
fragman,76561198069903379
Som_90DAde,76561199075507306
GeoMaster7373,76561198795133796
jgdieselsolutions,76561198755664852
darussell012,76561198769723408
KugelimKopf18,76561199876272032
LongLiveUssr,76561199185689297
大麻Crusteeザザ,76561198891874871
houston8657,76561199823862603
Ihatecommies,76561199526065149
etrantolo,76561199179419768
zajxhesh1337,76561199799304794
jjtheboss50moto,76561198753956176
deadspirit43,76561198755758724
bysttwin,76561199227857441
montalbo002,76561199784922138
KaidWWII,76561199585004098
scott,76561199883923593
Ace,76561199381313594
Killstoper,76561199528232150
SkoolTrain,76561198955595317
mr tun tun caxyp,76561199810127242
rowanclancy165,76561199723367757
legopizza,76561199561312576
CaptainRex,76561199135592344
Keknick,76561198835879404
Marchello,76561199007664488
ST4RFORU,76561199811900254
СУХАРИК,76561199667877550
maya schoppenboer,76561199641691208
Capuchin_monkey,76561198449629043
WookieMistake,76561198052820142
ktrf_80,76561199732717346
2841613155,76561199545966720
Max .S,76561199484752641
SceptixHELL,76561198761468200
yeetcatmy,76561199341617780
游戏玩家,76561199115084400
Yourlocal_L3,76561199289661246
xjoanne9x,76561199383863623
J4yb00m,76561199563775499
Trooper Badger,76561199804364434
Unattractivemelon,76561198849661055
GameForge Frontier,76561199072337301
FoulCreation,76561198152295061
santaslittlehelper,76561198810535972
Kapibarek,76561199509364605
abriell.lemus,76561198737386657
zkingmont3,76561198755850994
smangreen1167,76561199861562484
ScreechXIIV,76561198317659005
jakob,76561199453829226
23PapaDelta,76561199466948422
Freddy Fazbear,76561199519287558
Miau,76561199493812961
zombieslayer179,76561199373034123
moss,76561199592223984
giuseppemarxx,76561199205684415
BigComubis,76561198094304164
Twinning55,76561199875844236
fllewisfl,76561198080511018
NoTheMaMa,76561199680445222
daniel-aallessandro,76561199501428325
cheddar,76561199121790495
apeachy27,76561198778533022
huskygameing1633,76561199563254057
Pirate_Lichito,76561199568802190
jodi_staples,76561199746613869
zac.lupul,76561198735017976
khô gà loại 2,76561199230848915
YOUTUBELOVER_21,76561199803912045
notdragon,76561199636124170
Mesir557,76561199837003787
Thacts,76561199838713238
oashton0114,76561198755770213
Robotbugman,76561198966823799
icy,76561199125015732
michael.forest,76561199164614621
bodhihshaw,76561198740089935
ahrenjaeger13,76561199612614010
meronskelly,76561199079960485
Daniel,76561199500883112
Mark_The_Sharky,76561198711031072
wmattson1212,76561199481166938
noodlderg,76561198168869114
Lil_chromo,76561199084524405
Kodiak,76561199036562204
CrystalRooster,76561198125829774
shadowslime3 HUN,76561198390529491
clementback,76561199041044419
Dyh SKINS,76561199849856671
benplanes566,76561199101760512
Giuseppe Diabetes,76561198861699153
Geezybaby,76561198756287059
pineconebutter257,76561198718158365
banana,76561199529323402
End of the Fallen Kn,76561199356989418
anniebiotic,76561199229970502
tbz10109,76561199239180916
TheOriginalRedEye,76561198090988449
Ejakboy20,76561198753868723
LordPiranha,76561199014690608
Bim Chimkim,76561198247140216
X_x_ASTRO_x_X,76561198803069704
itTzjagger,76561198719418059
FishyStix17,76561198302578477
josterplay1,76561199681268626
BackyardFarmer,76561198284614118
nbanyairiepl,76561198773450883
Michino_GB,76561199642639544
chirho93 or totable.,76561199357249436
jdpata2004,76561199068605439
TaGiLLa,76561198742974754
treytrackit,76561199078588470
Maceroni13,76561199588093279
pengwenzovr,76561198778614622
nasral_v_rakoviny,76561199657873471
Geebert,76561198069146049
alena.sidorova071494,76561198710370362
rororik123,76561199062229785
Mapxa[СБС],76561198757026777
ANOMALY85394,76561199105237799
alexandermorgan10261,76561198697435655
elgabriel0612,76561198964112594
m.r арбуз,76561199479981265
spiderman,76561199807373410
NotBonfire,76561199744268587
yarikmarik3322,76561199705919915
gamerdroid346,76561199203214660
SnarAll,76561199103999601
lievwagner,76561199794394971
ketlanchik,76561199817480004
craymaster442,76561199101196951
Seme4ka,76561198931353745
The King Ant,76561198934710599
Demidzzz,76561199767810079
SaqQyu,76561198097925683
ляля,76561199100910654
Pioner,76561199256476486
Pulinio,76561198880088721
StahlKriegr,76561199855685080
loganmitchell15,76561199438292913
NoAmores,76561199389024666
FLAMINGOSUPRA12,76561198779844938
entropy,76561199014658676
ThatOneGuy,76561199387393843
aidenwebb194,76561199810921758
氧化肉,76561199204361311
braun66oju,76561198779711959
BlueTide,76561199397296011
Spherical_Idiot,76561199433424289
rotorua4,76561198438382870
Vert1ks,76561199501777352
one big blur,76561199588684016
Mason,76561199443956909
EficaRulit,76561199798209304
chenaixin987654321,76561198707490414
IMLocalTOYOUUUUU,76561199258861030
R4ND0M,76561198765146445
nlinhardt2022,76561199611271870
PC LETS 9BANGFLASHBA,76561199768973502
jeff,76561199803964733
THTBOI_KEN,76561199874497910
RykerGL,76561199588662826
sky123410,76561199796422584
Jimothy Cricket,76561198817803248
solomonhostetter,76561199726320955
William & Jasper,76561199383563581
YUOVI,76561198783262371
murph.vienna,76561198052288826
Elpapufachero,76561199876289607
ТГК: CopperS,76561198718171210
_Phantom4_,76561199570389162
TinyMonkey,76561199813000420
ody666,76561198758312192
GTgamer,76561199811555772
Lost Cause,76561199676153151
leslieegole1,76561199849650990
YankeeAmerican,76561198738100550
SuScAnGuCci6,76561199085106351
Jarl Mos,76561198006582793
space5888,76561199274365549
trenth136,76561199447375741
crackerjack826,76561198409936782
чiгур сигма,76561198774832702
MirkotheNPC,76561198766702179
rezendecabral4,76561199636365303
Sybot23,76561199111076196
DangerDude,76561199235426428
JJ,76561199817281473
dinoface1234,76561198756013341
Mistah,76561197989970844
Jaylyger,76561199812593695
Madog25,76561199734976440
mariiagrab13,76561199485284406
goofymr3,76561199763274646
ZomBoyGaming,76561198754137040
zombiesteve478,76561198852305962
EthanTheFarmer,76561199879381088
Trierria,76561199484126905
hurley78064,76561197994139089
Salsa Picante,76561198146757847
riceeaterchina,76561199103169541
manchild251,76561198774192572
ginofazz145,76561199685960486
mp5sdhew,76561199761527679
Vdewq90,76561199567904663
bTn,76561199274146588
𝐎𝐱𝐲𝐠𝐞𝐧,76561199136255793
Glonk,76561199812690707
njf52416,76561198753492688
✳HaraldTheScourge✳,76561198807880236
Harlequinalliance,76561198753306469
ishapytlarz,76561199810663858
dylan,76561199467140815
Unsanitary Daniel,76561198032974652
steamdilldo,76561198739064232
brand.ireland78,76561199122077943
frank0.64,76561199814670584
expired milk :),76561199560032021
connor2011crystal,76561199809815952
rhplaying5,76561198794404526
Pyro gaming,76561199820469078
Halfswordian molerat,76561199105466430
johnjn213,76561199229367759
Joebobtom,76561199311920256
JEFN pro glover ⛟,76561199099539500
Supercrazygummiebear,76561199583160059
crook,76561199205174773
fluffyslime1203,76561199060306965
7Jip,76561199208241507
lawyer,76561198864071763
korrund12,76561199764714089
Sgt. Bailey,76561199297031423
lobster,76561198108505630
Yeetaledeet,76561199336605795
MasonWoods360,76561199031254046
Z man,76561199436934410
Dukeback_222,76561199492577611
辉夜姬-洱海ご主人様,76561199801997024
Nathan Larper,76561199590812409
asterix,76561199177797716
GreatFox500,76561199810784428
edham2315,76561198724109663
hakman000000,76561199227570542
I am no longer talki,76561199468424980
olivier,76561199470229187
aleksys,76561199721103713
Roblox 555,76561199586300184
jopa proravatel,76561199845017242
Thedude27,76561199075138700
TheOrangeCrusader,76561199090400554
SudrrYT,76561199841810500
CAGA_BOSS,76561198788581940
MikRob,76561199553806435
электро бурмалда,76561199292831641
MULT1CAM,76561199016214291
ccameon,76561199258811820
ALVNXeno,76561199219056108
KROSS_EPIK,76561199284998366
kerenzuaja,76561198743753854
farm198,76561198982885365
Samz456,76561199338048299
makar3228,76561198744627106
m3owwq,76561198049453827
kruse0210,76561199688426796
KartingChamp8,76561199401844964
Ianhohodan,76561198075907605
fumbled fan,76561199300140335
меллстрой,76561199873293433
rohinimanu230119,76561198737125060
Liam,76561198420858144
YOMMW,76561198847957985
528,76561199812550209
obama bin ballin,76561199217716150
Zinger Box +,76561199556400952
loveyrp,76561199627919218
dustinkaiser20,76561198709325377
Smolasianboi,76561198835830071
M.A.M | Ruby ,76561199688117036
adreyanhenry36,76561199811170048
pobrik,76561198780074577
SOOYIL_04,76561199420814257
StackinBabies,76561199127349785
89408449,76561198699174811
marlu,76561199568255280
s2400276,76561199815385204
Karl,76561199045179756
Kaito Noir,76561199874376769
logout_never,76561199055943458
christianricardo1988,76561198757273921
Fish-Enthusiast-Bob,76561198700289598
RabbidWaffle24,76561199219590435
Aza,76561199122100051
elik13105,76561199102285684
Tickleton,76561198756021141
小鸟伏特加,76561199198157511
-_Кот_на_Земле_-,76561198742316122
xXZombie_YTXx,76561199152846110
minjjang1208,76561198780718687
