player,playerid,strike
jboogiew13,76561199642045682,5
skittles4everrr,76561199601483589,1
Perry,76561198884915402,1
Design/Destroyer,76561198853355624,1
ATTACKER RED BOY,76561199756520278,24
seanolozano,76561199160931336,1
FRIGADEL,76561199516992359,4
spy,76561199105320844,11
COPIUM,76561199467382435,1
Khan,76561199554769462,1
SoulFire,76561198030841839,1
sonzilla.18,76561199691057256,8
kirazarene,76561199151835704,1
VerseKids3,76561198422461051,2
2am_Voltzx,76561199568411698,1
BOBER,76561199178189471,4
Archie & Dad,76561197974104448,5
СЫН КОСМОДРОМА,76561198073991514,1
Plochek,76561198837143757,3
garymocock69,76561198066671470,2
[ST73] Ober,76561198976343412,1
BumBum,76561197986603783,5
xx_Weihnachtmann_ x,76561199563097572,3
P.Diddy.Official,76561199470634616,1
kamień,76561199508098479,3
not gaming,76561199152759507,1
Fazejam,76561199627559643,1
Ешкере,76561199405350730,3
remuru,76561198984294911,1
Shiloh Angel,76561199257349883,4
Stout Shako for 2 Re,76561198043695722,5
pclaugher,76561198163118290,4
Dark Bucket,76561199448215675,1
Kon (Aon),76561199453319132,5
GrandJ,76561199733721237,2
berryhillclb,76561199520490561,2
supertechxter,76561199030147227,4
Robo,76561199241809042,2
scholar30,76561199472051578,4
alex.fgm07,76561198817726286,2
GoldMiner9878,76561199235420201,3
The guy who fell,76561199454022237,1
prkligel,76561199062026741,2
"да я пидорас, а чт",76561199041368921,3
JohnBrickDaGreg,76561198993041956,2
ItalianSnausage,76561199120175367,9
tomjamesonwest,76561199557140247,1
xlewless,76561199091618723,9
diegonz0909,76561199056252130,6
LikeAJames,76561199166410670,2
stuffedcrust,76561197971689255,6
LetsPartyDoc,76561198022189212,1
P_Real,76561199493513640,2
stibbel,76561199800917125,1
torosar,76561198976147482,3
constantin6667daysto,76561199621540830,3
mpullman120,76561199139302278,1
2Fast4U,76561198850084903,1
Andromwda,76561199260329011,1
shawncorradovr6,76561198166742922,3
umrage,76561199124986603,1
rus-ni.peace-da.,76561198927604517,1
jamievivence,76561199516181392,1
jamesdaniels14,76561199776892917,3
Borssus,76561199547897616,6
mr6chelovek9,76561199441635595,1
Qw3rTy_sk1ppEr,76561199223535441,3
TYROS,76561198982329720,3
andrea.drenzek,76561199343593600,3
Coffee,76561199089698217,1
tricky2676,76561198905954984,9
kim,76561199577201653,3
Dave the magical che,76561199483611478,3
nury,76561199467444222,2
binger,76561198241974180,1
Xa1rs,76561199783799805,3
That0nePl@yer12,76561199812416938,4
ED231,76561198802659369,1
John Good,76561199117463998,1
blazergc&jc,76561199465526046,6
flyflyflyababa,76561199557253288,3
Yo Gurt,76561199076700668,2
toilet tf2/ uncle da,76561199026408607,5
tolgyesiak,76561198209499579,9
angelosucksatlife,76561199238275826,1
ItzMarvin_96,76561199684856962,1
analdestroyer228,76561199829332127,3
GeneralWilbur,76561199044730375,2
Spacecove,76561199501246335,1
lolipоp,76561199480784521,1
купите_роутер_пж,76561199230288402,3
ПРИОРА A777YE prosto,76561199763304248,5
76561199784022643,76561199784022643,3
TheProEnderman,76561199653747492,1
WINKLER,76561199785487446,2
Eosusky,76561198305341028,1
nebbureau,76561198032181006,3
DGwest,76561199672806993,3
jr80z,76561197992594002,2
phantommenace18,76561199640302068,8
c0fused_7L4,76561198874507806,7
karlurbanek,76561198892908917,2
FlyBoy,76561197965713192,1
yeozhezhang,76561199655058147,2
Tushkan4ik,76561198070811529,4
tankman3542,76561198375678343,1
FOBOS,76561199119020206,3
Абоба228,76561199128799779,19
Cstrug14.88,76561199800766521,3
𝒯𝒽𝒶𝓏𝒾,76561199742700473,3
0_PJ_0,76561198160704104,2
sir bob the 7th,76561198421067015,2
bigfoot987t ,76561199367557252,2
Lighto_7,76561199090313871,3
Chase2015x,76561199635880566,1
julia.k.hutt,76561199084622653,2
Brickdowngamer,76561199847692171,1
OnlyFansAlvy,76561199013424125,2
McChase21,76561199122513847,3
Aspect,76561199070390807,2
L8parker,76561199588350803,2
skylerblue1019,76561199453478701,1
DragonThief01a,76561199020063593,1
Orvinger,76561199141820982,1
Mr Cheerio,76561198384873003,3
penn632001,76561199193121138,5
Bunch_A_Carrots,76561199123316247,1
questingzpro,76561199815216213,1
᲼᲼᲼᲼᲼᲼᲼᲼᲼,76561199006929134,7
Ply,76561199323452521,1
zase,76561199589080484,8
Nathan,76561197979793558,1
oB,76561199121971376,1
sprint games,76561199454306822,1
cmfauche,76561197989612152,1
Hero X (Хиро),76561199397703302,1
dklang,76561199231426656,1
qonk,76561199332739026,2
josefchavez077,76561199175222280,1
HITMAN,76561199402708558,1
patrek145,76561198844366543,3
unterdev,76561199155493788,2
LAMBOGHINI,76561199175072849,1
Avito,76561199539547601,2
titan speakerman,76561199195066787,9
elena.mimiko,76561199497277054,4
Jahmerican_ball,76561199583973241,5
dimarvito2,76561199241599996,3
icp_ghosty_vr96,76561199845167299,5
Pikachu (from getto),76561199355492881,1
cruxisgm,76561198349777907,2
IamSlow,76561199012335907,1
Brzoziak304,76561198119439665,3
Иван Гоголев,76561199436633602,3
harss1t,76561199803730625,1
TATORU,76561199599820492,3
Гойдазвон,76561199589437032,2
jocker!!!!,76561198371451412,10
LeoThomasAlien,76561198187070294,3
🦆DUCKMAN🦆,76561199842180088,4
MasterRoyale,76561199557216501,1
Xivora,76561199126367243,1
ahkiet2003,76561198007858840,4
phantom,76561199587769400,3
flaminboss222,76561199310184118,2
Hank J Wimbleton,76561199708779409,3
Povidlo,76561199102571875,1
Seva_gop,76561198080662676,2
peplo456,76561199469665996,1
A$APurpp,76561199386577534,1
кокер zxc отчимec,76561199168630408,2
Ifrit,76561199393928297,2
Emerald,76561199784402380,3
KBSA,76561198954406384,3
gadam8430,76561199797102109,3
уролог,76561199507773300,1
banana doge12346,76561198976619393,1
b.chana,76561198985222540,3
Delta4,76561198016617638,6
последне_,76561199477488946,3
VANESSA,76561199512079943,4
ЯИЦО,76561199141480358,1
ход дог,76561199801096401,3
stiglee58,76561199723899956,1
BruhMomento,76561199125538540,1
geoffbarnes,76561198047849311,4
AlexBurg,76561198871291110,3
Botblaster,76561199083366697,2
Coochie Carreser 900,76561199103235968,1
magverick,76561199812053433,2
Hydro,76561198869736312,2
Valencia,76561199699195360,11
MONOLIT,76561199631886783,4
Overlord!,76561198077347148,5
Delv,76561198287334906,4
Doc gangster,76561199215222352,2
1bdulla,76561199386304739,2
Flatma4t,76561199247709562,6
Dark toxic1940,76561199802454111,1
lighthomy,76561199210332578,1
lukaszchodor.pl,76561199220677259,3
waffle,76561199538902485,4
Chayseroni,76561199309421899,1
Jomshua,76561198159063625,3
wesleebeard11,76561199489355082,1
yolapham,76561199676692543,9
Malik,76561198847889146,2
Canfredo2,76561198389444032,3
Tankboi,76561199075249136,2
John Ford,76561198356315053,1
rockenroller,76561199247144058,6
travelpower365,76561199237067801,1
289821535,76561198795506369,10
im digging in you,76561199453302305,7
Hattoki,76561198983241472,3
LourdFox,76561199446067849,7
Coco,76561198873687517,1
MIXA,76561199001791230,2
ZionGamePlays,76561199426231584,21
Donbass 2012,76561199182523813,7
Priest,76561198999250557,1
The Wanderer,76561199587946467,3
.FAQ | Тумба юмба,76561199072444164,5
Humanoid,76561199480735004,4
LLUFF,76561199563779254,3
Plsolidliger,76561199078696076,2
VladoSIk,76561199590338071,1
Oblard,76561198396279003,2
Jankosmyk,76561199482024096,1
Mr. Honkinton,76561199011281187,5
Halftooth,76561198090604990,1
D0CT0EVSKY,76561199797060274,3
gurpreet.bajwa87,76561199482408160,4
lukeadderley7,76561198962611639,2
rvt.171218,76561199577853687,1
егорка шипокляк,76561198068987116,1
denmol556,76561199643916408,4
thebestdud123,76561199469314087,4
VLEN77,76561199236770624,3
EPICDROP.one.txcogsi,76561199557853000,5
jf9731,76561198833734521,1
knomes,76561199161941016,4
Eli,76561199548807174,1
ПРИВЕТ,76561199635174064,5
Supremo,76561198887467487,1
adam2887,76561199486037165,3
DNDROX,76561199642888470,3
mayzerNS,76561198965526916,2
.utoxxxic,76561199054082218,3
W_W,76561199730820232,1
Brian moser,76561199469977905,1
DSKYZZ,76561199465176449,1
ReidxAkazii,76561199436330200,2
I-When-Who\'s-We,76561199212787365,2
straszk123,76561199069986141,1
DragonMaster9817,76561198987187087,5
ikkyu,76561199279733219,2
Akio,76561199234630863,3
FlamingZoom,76561199096970884,2
Sosiska,76561199043368111,3
Filimonov,76561199483069675,1
sandsearthworx,76561199811217054,3
Miшa2019bandit.gg,76561199246312074,1
jacoblawing82,76561199698440125,2
AREX,76561199153024437,1
inblair.09,76561199811816257,3
vlad dotka,76561199113512969,1
dance,76561199004812575,2
K1NG,76561199097822808,2
littlemnk,76561199059086730,2
генка,76561199728126952,2
TexasFamilyGaming,76561199521670792,3
infernorapter3,76561199010682576,2
mariofan,76561199528714349,3
steve.angelique,76561198998267769,1
Mono,76561199677002710,4
airplane580,76561199065336459,2
𝐏3𝐫𝐟3𝐜𝐭,76561199557085660,3
el.khristoforova,76561198090505426,3
eugeny.zhuzhnev,76561198023096993,3
Don Vito,76561198127680472,3
MaskedTeen4717,76561199467917726,2
prosto suba,76561199784818514,4
МИКОЛА,76561199438725158,2
𝐹𝑜𝓃𝓉𝑜𝓇𝑔𝓎,76561199176923102,4
Remnant,76561198893818142,1
maxingo696,76561199797243073,3
C.R,76561199073354122,2
makssad2013,76561199813143664,3
mattew_d,76561199811795685,1
Master lomaster,76561199565660391,3
PauluxasLTU,76561198873120329,3
КОТ,76561198989428371,5
Jean TNT,76561198877123291,1
gek-jek,76561198050966472,6
Ozolith,76561198310254345,2
TheBoyz1345,76561199149160462,4
L3tsg0brando21,76561198055463984,3
dimewylde5150,76561198001387890,2
DMWJ,76561198986652134,1
duchiedoodoo1776,76561199812175730,1
ree_nuat,76561198320137995,1
Ghost r scary j k,76561199238683475,2
balbes,76561199566704759,2
INTEL XEON服务器处理器,76561199419884367,6
黑鬼,76561199592853066,1
ScatBat,76561198169585456,3
przem300,76561199102634333,1
voycuk,76561198082522493,1
YamanWalker,76561199239309927,3
Flexzfity,76561199595427940,1
Germanhg,76561199674380775,1
Kmoney,76561199824544671,5
Sillyboy1354,76561199122170573,2
glk96Rus,76561198146207913,2
chezziep,76561199819300954,4
d9llixson,76561199413335783,3
Jhudd073,76561199656519803,2
kasha,76561199466775041,1
Bandit,76561198871094027,1
bright_eyes71,76561197992682016,2
Minimally,76561199078839892,1
BOB,76561199265593400,2
Klpn519,76561199071464961,2
iamvictorh,76561199698190473,3
Apex the dog,76561199111783689,2
kilkawmasle1999,76561198838373885,2
ProBingQiLin,76561199487133427,1
cornholio,76561197991840751,6
mxer125,76561198107857733,1
Vroom,76561199568949682,2
Micky,76561199811462497,2
sendejasr,76561198102013219,1
weswu301,76561199487180180,3
Smocktock,76561199784376113,3
Bill Cosby,76561198848670040,1
Liam2010,76561198271842570,6
peexerdoodle,76561199184022832,2
PD130,76561198993741644,5
ljames134,76561199811362687,5
toreetmon,76561199042576724,2
TravisBOI,76561198369010653,8
Flux,76561199059509438,1
harskampeli,76561199520839517,3
Lightsauce,76561198004656957,1
DigitTex,76561198353324585,1
Sampletext,76561199231415825,6
Gill,76561198408484689,1
NathyPat11,76561199159271667,1
HumanPowers,76561198356433007,1
camo523,76561199704523446,16
jr2183,76561198071794495,1
iancgardner22,76561199104059950,4
Graywing,76561198311425057,5
jasmith00000,76561199230042943,8
chris.g.counts,76561199143561976,6
subby27,76561199473779436,1
lexi,76561199521596648,1
cspott2011,76561199816414029,1
Šunkový Salám Speciá,76561198835935233,1
🌸Musashi~🌸,76561199180717079,1
meshuevos,76561199078215132,2
lucaswobig,76561199674360315,2
ABUMUTAIR,76561199521762538,6
bondar_O,76561199114879347,1
_AKSELOTL_,76561199580087071,1
SSSNIPERBOY502,76561199869410617,2
Cat,76561199548656984,1
zachsteam,76561199112608416,1
Ryan Gosling,76561198995025313,2
кузя лакомкин,76561199068211224,1
gublerroger,76561199624948783,1
V1,76561199544995999,1
BoyKisser,76561199682553590,2
lio5,76561198332602399,2
Zaul,76561199812541902,1
Mr Prescott 21,76561199862649791,1
Shr1mple,76561199342390163,1
TheLuciusGuy,76561199499299076,2
Huye,76561199469461153,1
Wigza,76561198846193510,1
ILY-SL,76561198070176413,2
ROSHEN,76561198871523639,4
DRmåksym,76561199243530127,2
XXX,76561198895283787,2
MrPilot,76561199692859119,1
poopy,76561199479385365,4
fdzmich,76561199569335912,1
reikerdude,76561198268198591,1
Cookies_398,76561199654232942,3
CrazyAdrian,76561198208814392,1
Potato man,76561199100676898,3
Jigglelewkyboggle,76561199640095319,1
HexCraze,76561199219435626,1
Hanzer Dragon,76561198314650587,1
lukamasetti,76561199109512106,2
GonczTardos,76561199214233568,1
capyfrog,76561199801879261,1
Konrad,76561199027071414,1
Marski,76561198943296786,1
bigwarrior17,76561198860782315,2
MrAmazing,76561199847781975,1
bolloxim,76561197970563179,2
MILK,76561199218134444,1
devin.sanders1118,76561199222558234,3
CATZRKOOL223,76561199720622253,5
shayda543,76561199819811525,1
MostlyGhostly899,76561199273238650,2
thetornadoguy,76561199741431873,1
FinsUp,76561199611502632,1
Apache 11,76561198995425340,1
l DeathBlade l,76561199090054437,3
IReallyLikeCheeseSti,76561199796030277,3
mega2280,76561198796242301,5
cooperduncan2010,76561199856971330,1
Lukodo2009,76561198251104646,1
Bandit_26,76561199093716975,1
dfuzzzzz,76561199060213387,11
god of reailty,76561198300655680,1
minho125,76561198857898098,8
skonyong61,76561199527199436,4
Guyo,76561199124267037,1
s99547319,76561199509386343,1
RedBull,76561199388752765,1
AbsoluteApex,76561199439454258,1
ZOMBO,76561198964022903,1
GamerFire,76561199809220119,6
Keitu,76561199057083315,4
impressedbyjessdesig,76561199774366590,2
timcenkob941,76561199849066748,2
Wckdqn789,76561199748252438,3
SGT_Weeks,76561199141062914,3
HABU,76561198415055084,2
LuCaS_GrAiN,76561199462887183,3
Jack_189,76561199250094841,2
i am a black guy,76561199312447087,2
Dani.on.240hz,76561199305418807,1
CorbinNator11,76561198378949318,4
floopa,76561199252205304,1
PopaBobra,76561199158506079,1
parrotflap,76561199444745014,1
Proxy304,76561198129344962,2
Rex,76561198240129502,1
"Zimbabwe Ted, Not Ch",76561198799455748,2
bollywood stunt-guy,76561197966406272,2
Lord Kingston,76561198858124855,2
Focally,76561199167852588,3
artoxx15,76561199501984263,1
dcsus2gd1,76561199810940378,5
Steven,76561199554478781,3
Travel,76561199533625638,1
MrCrab,76561199407782142,1
Merry Christmas,76561199743850611,7
Catgaming22,76561199477732687,1
Schindar,76561199501242662,4
bitzbpz,76561199122708236,1
BRUH,76561198096216213,1
Feen Lord,76561199195885801,3
BrodSkii,76561199017924863,2
Mirage,76561199672372074,3
Ruanzitos(@_@(,76561199003166275,1
CaptElijahIrelandYT,76561198879539339,12
Dclan123,76561198325688542,1
bonddr24,76561198051973240,4
fastrocket4567,76561199102832008,2
isaiahgrimes123,76561199611878151,2
Ricardo,76561199021814203,2
SWiFT (as in fast),76561199793947080,6
hugge.hugge.wugge.wu,76561199632218484,1
NGTMRE,76561198003502567,3
Gr0v3r,76561199122272137,3
Soldier,76561199588967628,2
jack.croskery,76561199122774187,1
jmatias,76561199595993135,10
NiMiX,76561198963693013,2
MEATBALL343,76561199092689755,4
mahnat,76561199493331614,6
GORDOCHOTO,76561198880942668,7
Lunatic,76561199237137173,5
jvd9185,76561198836970457,1
VLADLOH,76561199198600022,5
redcamaro5,76561199820410352,7
-TLA-oduster,76561197970427489,1
HuskyHusky,76561198882425603,3
{Taz}Ratz,76561199054371749,3
thekidcake,76561198997938564,3
MR. Pyro,76561198849151736,1
ricardesmatias82,76561199086652601,2
nclavigueur,76561199065075728,1
KaijuZilla,76561199868706534,1
Sgt Doran,76561199125958722,1
ThatBrokenPC,76561198983434337,1
Something,76561199521637425,3
Jackson,76561199101526968,3
minigrass,76561199754427539,1
king_edward_1012,76561198983356429,3
pro100dd,76561199879734805,23
tornadochasingsiege,76561199065174905,5
Leako11,76561199568077642,2
max,76561199853748824,3
kingofshirts,76561199813311590,1
Winzy,76561199535465108,5
slaysee,76561199190698393,2
paozan,76561199824921749,1
1990 Chevy Silverado,76561199487391351,1
catfishclone,76561199229603998,1
jayrencaballero31,76561199451479493,1
lucashley2,76561199197719025,8
MaddlyJK,76561198421110965,2
ApocalypseDude,76561198121911697,2
david_white,76561199395394289,2
lewis,76561197993335359,1
RunicPagan,76561198014592707,3
Durito,76561198161840816,1
Yotaswamper,76561199770654363,1
tlaboys86,76561199311964977,2
jason,76561199262695027,3
maxgordon1008,76561199573099091,2
TheResidentShitter,76561199216250703,2
Dreadnought,76561199572784069,1
Fedex_68,76561199405614739,1
camo13310,76561198027689565,12
неудрочимый,76561199735763967,1
faulknercaden300,76561199824931458,1
dls04242014,76561199812838396,1
Nori,76561198991001250,1
JoJo Siwa\'s Bath Wat,76561198294366178,1
the mmooon1,76561199107345607,2
Yurtlurtle,76561199846917669,6
whatsgoingtohappen12,76561198352716468,1
Big Blu,76561199575812206,9
Arkxem,76561199069704750,2
jovita.jonas,76561199154410880,2
oif2medic3,76561198194921026,3
kaydenmdjones0719,76561199879511755,1
GC45,76561198031352005,2
FollowZeRabbit,76561198119864470,8
Xcreeper2019,76561198931115597,5
beniandresortiz,76561199502543697,2
ツchipsyツ,76561198840147214,2
pyro,76561199812149540,3
skshus,76561198974865653,2
globaltechnologyinit,76561198180729705,2
Lil Mustee,76561199687847575,1
farticus34,76561199850700177,2
Mr yeet,76561198887657121,1
toothyshark3,76561199854156753,3
dragon-slayer123,76561199066098986,3
jesustrain2013,76561199873575339,2
dames,76561198318545267,1
your_pal.,76561199115641220,4
Inxects,76561198409609161,1
jeremylopez.91231254,76561199641813722,1
butterthetoaster,76561199637153174,1
Beta_7,76561199213008104,2
STAR_CRIM_TOP,76561198852065137,1
moshiko,76561199158650605,2
Palms,76561198161643891,8
palmers5045,76561199260635914,5
ethan_smit,76561199834468094,5
S1mple,76561199804020967,1
a9630711,76561199501740718,2
depre,76561199579902173,12
vo_ek,76561199105868811,2
Ptysiu,76561199562208624,6
TheCroc,76561199149261366,1
76561199428343141,76561199428343141,13
Jan-PL,76561199180864444,3
Werri096,76561199257904907,2
skidmark185,76561199013278750,5
lok6777,76561199098594977,1
kubus28041234,76561199759879416,7
Neox,76561199158630206,1
madxx,76561198148643162,1
轩仔儿,76561199745516685,2
mobarikimobark,76561199842989171,4
machine,76561199122450967,3
Georgiajqck,76561199811872955,2
tslea20,76561199339955052,1
Air Wolf,76561199808544186,7
MilkyMikuu,76561198272112725,1
robbievann123,76561198900230576,3
ezman2012,76561199775992730,1
GreatBritishAirways,76561199878938853,2
r.xbox,76561199119731509,1
boomba,76561199500656188,1
JJ,76561199191617114,1
MakVertigo,76561198965591251,1
ilikecars155,76561199837412492,1
Stomp On Burning Duc,76561198045608426,7
gigglenamedidk,76561198867297865,3
degocoolboy123,76561199401506802,4
alragin,76561199551512125,6
Lost Signal,76561198860719424,1
SKOLZKIY,76561198261158349,2
不破美帝终不还,76561198324809786,1
Старый ИИ URF.IM,76561199214108446,2
The Texan R3tar,76561199652117294,1
SKULLkid1623,76561199770438678,1
finniesseejoli,76561199411347276,5
EwItsAJ,76561199803778306,1
SJ,76561199138620739,1
xXGamer008,76561199250119447,9
rodzz,76561199566033063,3
-PARKER_07-,76561198378544842,1
PaNcAkEs,76561199076282955,2
cemenpodtazkin,76561199688130759,2
DtotheV2,76561199812446587,1
*KURWA*,76561199798639547,16
tjayisafag,76561198122708485,1
westdw19,76561199811089833,1
jaydrector,76561199249008993,1
Ego,76561199189240656,1
Splixsy,76561199506983617,5
Nados12264,76561199146325252,5
obema0081,76561199826272505,13
УГАР 2010,76561198258677124,4
corbin.brailsford201,76561199216032541,3
Brownie,76561199696272343,1
DEMKA,76561199205439626,1
Mrooq,76561198053923668,1
Sane,76561199489125756,4
QuantumBob,76561199377505303,3
rmjw71293,76561198823230791,3
OwenHobart2011,76561199216210866,1
dsh01355,76561199364433812,1
obro0404,76561199500481940,8
Chinook24,76561199209980297,1
Cookzie95,76561199427429618,2
GamerRoad,76561199214567645,1
BloonsCraft2,76561199699647400,1
doofusdingleberry1,76561199854645245,3
UltimateAdv,76561198053108811,1
Farmer Chad,76561199203350276,1
SirNefarious,76561198887122308,1
DJCtheplayer,76561198989659451,2
Greg,76561199019351651,1
taterf26,76561198259681529,3
cryulu,76561199655186289,1
Colt Seavers,76561199229821309,1
The Holy Hotdog,76561198817279489,3
Cowboysteve_45,76561199032219454,5
Yuuri |GLT| ✙.,76561199132473669,7
Gamer pro 15,76561199058509309,6
nas,76561199179847043,1
1Zoned,76561198383254958,1
inqsyd,76561199172595327,2
lint28,76561198140676332,2
raptordkp,76561199374677779,1
Furxanix,76561199794297391,1
toates1304,76561199589447969,3
trans706,76561199664511671,3
beagle.witdadeagle,76561198331833891,1
gbyrne.a350380,76561199862426569,1
Deadzone212,76561199871023925,1
PetKaSETAR2006,76561199091434309,1
Cyber_head1,76561199809729361,2
4ida,76561198035833476,4
Hudi1972,76561199861676333,2
StoNE,76561198068675558,2
170cm v potoke,76561199136315323,1
Nukem,76561198376303788,1
Fufelshmerc,76561199443393885,1
Furry_Kemono,76561199136515115,2
Irbis063(RU),76561199050430871,2
sasha.evminov2525,76561199861424316,2
هيمورسالدЫ,76561199367134096,1
nuggiesaredebest,76561199546553163,2
sur226,76561198843105220,7
smesharik,76561199645620528,9
Prime,76561199542917852,5
RadGoodNow,76561199203207234,1
ladismanthwaites,76561199853607113,1
Amadowns,76561198259077135,1
thehuntsman,76561198447184425,1
drake.ashton-bamfiel,76561199567085282,1
big boi,76561199133209064,3
ブラックホーク,76561199585355065,9
Norfolks,76561199088725516,1
poot jet1321,76561199003534988,8
frasergamer14,76561199584938806,1
Rush2,76561199223794505,3
Scooter,76561199754296491,6
Rex,76561199369967015,1
Bestia,76561198061987392,2
RedWyvern214,76561199252894703,2
Vos1c,76561198012066588,1
urwrstnightmare8,76561199831769165,4
ZeroSugar,76561198977443159,3
lucasobm2013,76561199387803428,6
maxwell,76561198973913145,2
timmer3911,76561198048058419,3
allir,76561199191463603,6
Arthras,76561198199250403,4
hilarious goober 73,76561199240771514,1
GRID,76561199527293797,6
SueLiz19,76561198877956957,1
crittle,76561199244809647,1
nieshaco,76561199071503787,2
Ennard,76561199014626144,1
Ciniminis,76561198835505266,1
Titanic2,76561199198770139,5
Friaster,76561199080434711,1
nathan.h08,76561199590883631,1
lukedeangelo84,76561199126980804,3
GUNBUNZ,76561199479187012,2
Nazard-1 1/3\',76561199234137398,1
mong0l/5am5ers,76561199537681425,3
_MattTM_,76561199032223005,7
brazyBraiden,76561199521074847,1
v,76561199816734617,2
bob_the_builder,76561199728429321,1
floofy,76561199137643404,1
Spiffyyy,76561199244242674,1
rockskier2022,76561199503127124,8
pdub2583,76561199107339753,2
Magic Meth Raccoon,76561199127947946,1
ethanvlogs2,76561199009922189,3
evollove.mjm,76561199124483971,4
Swagnoob,76561199481183207,1
mgmt.burchell,76561199062446436,2
missyanndavis,76561199810532620,2
rlstag21,76561199217178644,16
Bryland15,76561199219093233,1
Ardow,76561198217304391,5
nateocw,76561197972752187,2
mdk541,76561198101669425,2
ashhh,76561199237057305,1
stroonstar,76561199181122047,7
Sanchez_shmeat,76561199813361737,1
Mrtacoman,76561199771732389,2
Gabausaurus,76561198306214988,1
kingsleyh872,76561199741174809,2
TarponMan,76561199163173965,3
lwoodk,76561199805511740,5
Spider_PigMC,76561199521866065,2
hulk_WD,76561199202408642,2
Petit.Phoque,76561199205479210,1
erik.vodkin911,76561199756749620,3
Tino,76561199696430116,5
glennbyrd2007,76561199158990315,1
mackvr964,76561199680393825,1
EpikDude,76561199438937978,1
wpersall,76561199368474364,5
Zephyr82821,76561199830027104,1
The_Helion,76561199187783061,1
Mrgamer12245,76561199609291968,1
lal,76561199821162640,1
sxmmits,76561199091158698,3
Fire Fox,76561199228701141,1
fingle,76561199229712504,1
Operator Tank,76561198989089204,2
GooeyLuiGaming,76561199473790201,2
Mikadostudios,76561198832340221,1
WickedLongNuts,76561199512971732,1
Inviz_76,76561199743949915,3
Kebab_Polski,76561198309039605,1
LRt-223 (CS Money),76561198282101089,1
Yoshi,76561198058844181,2
Wagner,76561198977364185,2
Slouchenhousen,76561199056111120,4
66875122,76561199547538345,6
En3rgy,76561199530399216,6
L-1011_AVg,76561199823375152,1
watermelonsaurus,76561199532130664,3
bimmer,76561199351945480,1
deviltrigger99,76561199528011539,3
kidgamer1234,76561199874022135,2
hans_thelastgerman,76561198107684736,2
Mowgli,76561198017851070,1
Unit87,76561199269115105,1
ZingoNoob,76561199882284025,7
ясь,76561199691614922,8
Simon duckmen,76561199041490238,1
OopsIDiedAgain,76561199395371593,2
RAZE_IUF,76561198874750934,2
denainastaff,76561198967634676,1
Celinxtr,76561199010045990,3
XPiredMilk,76561198957604889,1
lawnchicken1,76561198835445038,7
codyp445,76561199342629455,1
Matanzasrojo,76561199495310721,2
Dinoace,76561199161768568,2
BillisticBacon,76561198032120742,6
jakobcc14,76561199454128823,2
wingsangelos3,76561199163297672,1
kimberscheerer,76561199513104027,3
Droid,76561199206071032,3
maxwell_keybord cat,76561199245975366,1
Shibby,76561199813685737,6
табурет (живой),76561199547052414,2
Трусики Вай,76561199167937594,2
Anaru,76561198011467776,13
Joxue_132,76561199192305668,7
wyson199999999997,76561199784815346,1
.,76561199389569940,1
Im.W0rk1ng.Fine,76561199129005808,1
Тaкumi,76561199816235357,1
lucas,76561199405357634,2
Pinky,76561199835580346,1
188506460Zn,76561198436828531,1
Al3x,76561197994861212,1
HexPucTb,76561198371732907,3
ussoR²³,76561198258325045,5
give.me.your.nukes,76561199012617633,1
zbiger_DEB,76561199135673463,2
floppa21,76561199858239415,14
HORNET AJAX,76561199203274004,1
BabyYellowBird,76561198124530862,3
BelleTower33,76561199203263210,2
SJKO,76561199420988850,5
kobeshouldadrove,76561199680336125,1
MemeBender,76561199289903437,4
TACTICALCORNDOG,76561199162359673,2
alexis,76561199059219787,3
ba,76561199200795915,2
Bubbap3,76561199138260718,1
Thunder,76561198976446937,1
RealmGod,76561198975307783,4
moyu82,76561197974613440,1
emeraldgamer,76561199871383948,4
Krampuseve,76561199245992383,1
ProtoEx,76561198372585806,1
metroid2035,76561199696316069,2
lvowell711,76561199260741465,1
huckleberry,76561199523283112,2
Shadruw,76561199229376144,2
claireoff,76561199741846971,2
Zeta,76561199050949540,1
pablopoop89,76561199531935284,2
GrackleCrow,76561199686660681,4
remy.alexander07,76561199878958965,1
jannis.bart.1991,76561199541743227,2
winencheez,76561198351155971,1
phantom,76561199483060993,1
Muscovite,76561199112376129,4
Medimedi1313,76561198866249215,1
KOPEIKA,76561199675432304,1
racer,76561199387207914,2
Froggy411,76561198019246239,3
Red Ninja (The spy),76561198182318790,3
derranross,76561199482495480,1
NoLimitVortex,76561199633790360,2
UncleSam_1776,76561199455906474,1
storm_chaser,76561199787999373,1
mattowen04,76561199586594731,4
ROOMBAA,76561199105249586,1
formlessboss69,76561199843880820,1
jaycebfarrar,76561199873325224,2
oliver.t.geoz,76561199267521886,2
IS-3,76561198160511748,1
Axolia,76561199079476302,2
Dantzler202,76561199132984779,2
conradium09,76561198889984257,3
warwolves,76561199416387946,1
zack.ratner-miller,76561199545082361,2
caseoh the great,76561199822194500,1
Wordly-airway17,76561199699656289,1
Iota Sow,76561198435818961,1
kuro_nekomimi,76561198009486140,2
OppenDowsky,76561199198140888,3
Wolfmanlover,76561199388624185,2
Thunder Squadron,76561198111384491,2
Dizzy,76561199418823187,2
OnxyOwl,76561199023082880,1
temDylan,76561198418318644,1
Kamikadze,76561198917466139,1
Darknclaw,76561198168163706,1
MGE MAKCIM,76561199475653913,1
Eslovack,76561199260674125,1
Muichiro,76561199688611639,5
acepilot6535,76561199037042737,1
Dorex,76561198871019070,2
Carcus,76561197963834654,2
EGORKA,76561199796198444,1
𖣐ꚠ𖣠𖢉𖤢𖦪 ꔪ𖣠,76561197995547501,1
why does technology ,76561199074892873,1
шапокляк,76561199641973054,26
ProfessionalPotatoPe,76561198045548238,1
judbrogdo25,76561199863807913,4
clarkfam74,76561199438410908,4
deacisthebest,76561199346874886,1
edspinheiro,76561199429696539,2
buddy,76561198869555644,1
Dadywaddy,76561199376317712,1
andreinfp,76561198181749633,1
oorreeoosilly,76561199784227468,1
jkroh1,76561199526316978,1
saab.last,76561199441901226,3
Double D,76561199079831575,2
traingoomba,76561199057117051,1
BoSSMan71,76561198996303651,5
TheBeanKid,76561199530529889,9
DriftKing32,76561199884183797,1
war cat,76561198852616802,2
Silas is potato 600 ,76561199468201689,2
Vault-Tec,76561199085346460,1
geoffreyrohrbach,76561199487340283,9
ryderjfults,76561199277346814,1
justin2014ep,76561199811387691,1
ChaosCreator18,76561199122136566,3
sgt. husky,76561199485561634,8
dragonballs2017,76561199589254611,3
blue boy,76561199701432811,1
k3wheat,76561199499351386,1
bcl,76561198858401823,1
notmrdurden,76561198313291201,2
Masterfunkgamer,76561199881662656,1
a violent brick of b,76561199445409237,8
101search,76561198946363240,2
benjamingeorgeland,76561199675894685,6
scarey39560,76561198844311208,1
mshann,76561198038702870,1
shoyko98,76561199186108953,2
KaiserFriedPotato,76561199522322096,2
grug the inventor,76561199654570448,1
BAUMER,76561197971535899,6
[LOS] ByLeanT,76561199806354057,2
JDCOM,76561198273000120,3
valenciaelcrac,76561198959878456,1
konada,76561199102050232,1
Litteducks,76561199539086399,1
Jewel,76561199230382959,8
SpookyGhost,76561199465910109,2
taddel,76561199088902666,2
PAVUK,76561198983733054,7
RenegadeRon458,76561199571574881,4
lies,76561199454109084,1
izzyjack09,76561199118519506,1
alexnjoum,76561199477382812,1
Jupo,76561198930581540,2
xmarks72,76561199557259061,5
fingerfish2,76561199091942119,3
daumid_sho,76561199178412274,1
Ya_gor,76561199199385714,3
aim_assist,76561199069338056,1
jackamcgowan2011,76561199811825163,5
B3NC4NDY,76561199240341844,1
Mr UwU BALL smasher,76561199015264941,1
Cake9246,76561199744626717,4
billy jean,76561199473450016,3
joseph65julian,76561199764902661,7
PWRJaybin,76561199466240300,2
Stash Gaming,76561199178381293,2
Fatal Error GT,76561199039151639,1
Lord spity,76561199540198360,3
Ted,76561199204228037,12
Elidoodman,76561199797516145,3
richiecrim79,76561199537377059,7
Bowwar871,76561199644155890,2
richiecrim,76561199199798562,1
Sharkii,76561199071536818,7
MilkGod,76561199681101638,9
TruckerBob,76561199014638985,1
Tape_Worm [FWKZT],76561199524424286,4
HDT2030,76561199249976947,1
Землеройка,76561199230370460,3
Chameleon,76561199125300890,6
sanguhito de miga,76561198005879945,3
nikkoart0,76561199839397725,2
Kuga,76561199815840597,1
chickenwing_504,76561199095325145,2
H0R1T0N,76561199168694528,2
Ghorn L2 Reborn,76561198056547146,1
k9joboof,76561199811881284,1
volcano344111,76561199812656003,1
lights,76561199861728281,6
keekweb522,76561199591578732,3
hectoraki_9,76561199216609284,2
Роман-Никитен,76561199193426070,2
Phantulus,76561198140145992,1
doom_bringer,76561199481623121,1
djc15214,76561199531820175,8
1635ty2005,76561199829099995,1
nick,76561197961890397,2
GamerchrisYT,76561198345502075,1
kieranadams2020,76561199096481860,6
slasher564,76561199752520288,1
fredrick,76561198974710949,1
wavedrop,76561198381035010,3
Mr. Epic,76561199424424724,2
liz.rowley,76561199516873773,1
RayzGround,76561199571745349,1
ely.k,76561199580331730,2
markkle,76561199021225349,1
portalgamer,76561198963776204,3
Chango_Boy_11,76561199251558651,1
BnBGobo99,76561198131010510,2
kmckelvery,76561199061032298,8
boom40mm,76561199589202157,1
willclub,76561199124921342,4
jemarkus,76561198228742996,2
rule308,76561199013842827,5
Fury Insidious,76561199280910108,3
pugdog0,76561197990838484,1
timmett86,76561199475415787,1
ryder6xx,76561199017341861,1
alexzander the great,76561199830420264,8
NotBardock,76561198976292039,6
Kradien,76561198238520180,4
AXES,76561198916865928,8
clicked,76561199205941080,2
Papas,76561199101388351,1
Taboma22,76561199529175165,2
Artem,76561199787456536,1
ZERO,76561198142587759,2
mjchewski,76561199058571937,1
Fatty,76561198363414407,6
boata164,76561199800125058,1
Kanyeezy2024,76561198275778093,2
Woolker86,76561199129053635,8
panovlesa91,76561199819077650,3
tomajz01,76561199811918529,1
Artoreeius,76561199485410908,3
IG-88,76561197998211598,2
EGorдядя,76561199434192396,1
werti,76561199866944201,5
ajrichardson2022,76561199590054284,1
andrew0tod,76561199140862876,1
kolomiecr66,76561199698992449,4
[REDACTED],76561199408904860,4
AJ,76561198449056456,5
honacc,76561198047101458,1
your grandpa,76561198161944513,1
Omsk,76561199438800348,3
OrangeStars20,76561199240332380,5
apeninja732,76561199532175835,1
wef849,76561199690054681,1
DFS BURGER,76561199630423132,1
Aimec,76561197992350546,1
StunttKingg,76561199659759686,1
ronw819,76561198031536381,2
Roxet,76561198117119848,3
bry2j316,76561198131603826,3
king_kobra45,76561199811764366,2
zxgosselin,76561198294248590,3
davipereiramartins46,76561199688465326,2
mr.dawsey87,76561198888538360,3
Legokungfu,76561199058756183,1
fischi,76561199138251183,7
Mr.zman,76561199042144804,1
Mrflabbypants7,76561199105888583,1
Chicha7671,76561199519227042,1
logan,76561199278300403,3
Farmer Dan,76561199107995036,1
thugin,76561199452347712,5
nugbolz,76561198447627769,2
whatwhosthis94,76561199806192686,6
swuhga,76561198817999996,16
S0ULS,76561199465624468,1
Nonkar,76561198239350442,3
blueradeon747,76561199822414631,8
littlefeli10,76561199445484358,2
Scout0890,76561199810581003,3
RenVampV,76561199642613574,1
southwicks2011,76561199213283329,3
ЕГОРЫЧ,76561198970149315,16
kingofinfinity6666,76561199490496648,3
geoperti5589,76561199777706185,4
Uzi Doorman,76561199211344099,2
ббройлер,76561199202804425,2
ianmichmartinez,76561199013148929,1
Mr.Dubrovsky,76561199126581130,3
i47490025,76561199838528492,1
Sidagu,76561198088143001,2
Tobsman,76561197983817587,2
HAL9000,76561198022713963,6
V1KYF,76561199228895656,1
pjbaca4,76561198153741684,1
hiroxbird,76561199881122490,2
Monster.exe,76561199194588350,16
splucker,76561198859878729,4
Muhammud Al Haqufar,76561199682028597,1
ryan army,76561199575674814,2
Raincellz,76561199511628128,2
Little_Fire1234,76561198007947966,1
Kylo-Dad17,76561199851564016,1
Doookiez_Cool,76561199219054801,1
wildman_ty,76561199821608853,2
glbougie,76561199720526313,2
ERROR_,76561199800027418,5
fish gaming,76561199379635930,1
ecg33111,76561199874921724,1
Digital Bean,76561199360320294,1
ciarlegliojavan,76561199557659927,2
luis40ak,76561198287178287,2
rihaansworld,76561199841213330,1
Areospire,76561199666737163,1
Digital7912,76561199507131096,1
kduodu323,76561199491914179,1
Jason0074,76561199217707623,1
natanjankowski,76561199676727109,2
shinydome19,76561198365630015,2
ozi,76561199235805587,1
chefy5mil,76561199569158973,2
nicklas,76561198271690719,1
henlo,76561198263434895,1
Agent Space Cop,76561198370087581,2
SHENEN,76561199522523057,2
mikeypeyton12,76561199884987238,1
Mr. 3̙́2̥͛4̯́̐,76561199586894267,1
LIL_Houdini,76561199061391333,1
王建国明远,76561199157038229,1
Filin_08,76561199015877221,2
Ignaruss,76561199121632578,2
dimavintajkin2,76561199787244749,2
LLukz,76561199596576258,1
умом,76561199482677455,1
kailukas353,76561199803391629,4
Kapycta.10,76561199571581716,1
dadm.x,76561199280714061,2
BazarVokzal,76561198817702469,1
sai SPLINTER,76561198258500164,3
shbgggksks,76561199873822082,1
егор228 про,76561199181273661,1
ashley.fleming82,76561199564627059,1
bongodrums11,76561198446989659,2
penguinguy,76561199095913640,3
itz_raining_fig_bars,76561199636177394,3
Caramel_Crusader,76561198120320790,1
GalaxyFrog77,76561199421919513,1
Tactical Rat,76561198049214080,1
Kittygamer123,76561198283785882,2
Nate,76561199012838655,1
CrashTRC28,76561199579713505,2
bevlynous,76561199465752245,8
bob44,76561198831284098,2
BoxOfFox,76561199192707818,1
Landonvsyou1228,76561199229583935,2
๋,76561198852522432,1
Советский ПХ,76561199525195510,1
FISH,76561198859967885,5
zekewz,76561199653313937,1
rwiningarjr1122,76561199527632581,7
rapsag76,76561198040613173,3
МАКСИМБЕК НИГЕРБ,76561199549949641,2
TristanPlayz,76561198102673954,1
Tim Simpson,76561198354806125,3
ChknPatySanwch3,76561199820315067,2
young,76561199619019754,3
cigoe,76561199840094565,2
sobanski16,76561199406241694,2
mithrandir35,76561197972295353,2
1Buffalo1,76561199614390605,1
JosiahG,76561199196442162,1
komaruss,76561199044503767,5
mis1,76561199116736881,3
JJshoe,76561198211667356,1
gvozd34tg,76561199257734366,1
memfig029,76561199536927740,1
Karl Stanwich,76561198067371274,1
JALAPainYO20,76561199225810930,8
Pickle,76561199208824238,2
knakna,76561199619365384,7
TicTac2482,76561199593247441,4
drp3pp3r,76561199811646952,1
UnholyManswers,76561198094749824,1
shaunda2bobby,76561199051537731,1
Special_Ed69,76561199469850000,7
AtFoRm ,76561199157925451,7
БлэкПапашо,76561199807380411,3
F13,76561199352162347,1
applejackhicks,76561199446684834,1
simas,76561198252462648,2
p0sixmac,76561198149007267,2
cb,76561198346750430,5
HelloThereGrievous,76561199873371968,1
Cypher,76561198930594967,3
jololink,76561199275472098,1
CrazedCanuk617,76561199491480587,1
ioiotkiller,76561199237547721,2
IChugPeptoBismol(ILi,76561199083990505,1
mason,76561199811101625,1
ninjazu ◥▶ . ◀◤,76561199819766014,1
Spudlet2013,76561199074240303,8
tommy,76561199531954919,5
DuckingFouchebag,76561199242323718,7
Miro,76561199073094813,1
dogsforlife,76561199405897173,1
uncle eggroll,76561199231911950,4
zazawoods302,76561199685944927,1
frigbit,76561198970134013,3
snowyslim942,76561199644802044,2
Marcys-mareep,76561199146817374,1
Frasier,76561199556700481,1
Арнольд Мефедрони,76561198377532681,1
Cozzmic,76561199387505789,1
eminer3033,76561199202304933,4
Вялые_Яйца,76561198972126494,1
Nummerolipolo,76561199064887572,1
ngreynolds2011,76561199275972699,5
aniktek7332,76561198995888743,1
ml_ramsay,76561199248233748,1
pom,76561199068447923,2
chueco perez,76561199500783107,3
Setvalley,76561199124913283,1
NumberBoss921,76561199665476498,2
ghost,76561199470286128,4
Merry Christmas,76561199842834991,1
DaRoWA,76561198820228428,1
Camen,76561199289563716,4
xidO vcs2.ru,76561199814133629,1
TulaneG59,76561199544875446,1
MaDLaD,76561199784016802,9
IBCHIPS,76561198330159792,1
Luke157,76561198074209172,1
zanderman014,76561199249730083,2
BFALH,76561199879378702,1
jamal,76561199492501138,5
34manjo,76561199813570850,2
PMC Wagner Group,76561199216075905,1
Carpier,76561199074688307,1
ACE,76561198351641228,1
ThatOneBee,76561199861334265,2
Cool__gamer__200,76561199463839066,2
Buckshotbarden,76561199624374477,1
voibster,76561198165513673,1
MaxwellCBunz,76561199466608469,1
Spinning_dog,76561198391323995,5
Akizek,76561199646522500,1
hickey057,76561199556004964,2
ahsanul1,76561199066105266,4
airdawg01,76561198047618653,2
sedsad,76561199346851118,4
MischievousToasterin,76561199122485902,13
Олег монгол,76561199487095800,1
defthanter,76561199284071215,4
Acutasai,76561199255718926,1
predsfan2,76561198993987814,3
tuvfloz,76561199394848737,2
Eggcrypted,76561199820112969,2
kasced30,76561199083577987,1
Errgterfisch69,76561199384928278,1
newbiebeastispro,76561198805868900,1
white.ryan,76561198115445946,2
godzilla 2021,76561198815401892,4
IMfast420,76561197992385858,1
Nx_777,76561198171017421,4
ezgutzman,76561199872910956,1
Изумрудный ящер,76561199246135854,4
dmetzgen,76561198345373306,6
abraham lincol n,76561198398375347,4
\\\\7\\\\[HGH]//7//,76561199754624851,1
oma140766,76561199759615023,1
benjaminparfitt,76561199785483620,4
🤫😎UNB😎🤫,76561199224339178,1
Grauichkeit,76561199035632362,1
lisandro.checo,76561199544423321,5
JaxonBro5612,76561199266518609,1
JomiguelXD14,76561199821685444,1
Melon,76561199816458313,2
ZW Matt,76561199375348916,1
chaviskelly964,76561199875557351,1
bismarky,76561199301224279,4
Edmo239,76561199749773095,4
doon1123,76561199851171836,7
BSD//sam,76561199839569115,1
gabicca99,76561199057601645,4
simplyshocking,76561199487104939,1
iceops,76561199466658110,1
spypickle,76561199014620862,16
dan777williams,76561199589080769,1
Poncho87,76561199396681768,2
David,76561199166250682,2
flashx5231,76561199401420506,1
Галина | SCOPE.GG,76561199576641472,12
deadyleon,76561199822633490,7
hamrredondo,76561198040053305,1
RawdyHawdyDaw,76561198849765103,3
Siokaraz,76561199152690036,5
steelers16,76561199528842083,3
froggy,76561199581060951,1
kokolok,76561199676600537,1
Suko,76561198377703862,2
joko2011747,76561199595683969,1
Mr. Bin,76561199013316380,3
davido2509,76561199266925129,1
linked,76561197979442194,1
Tair,76561198110728199,6
S3boo,76561198055942805,3
КрасЫвый дЭвочка,76561198168137719,1
lvromeo13,76561199700462607,1
kamilkamie,76561198929700166,7
dragimusprime115,76561199085668824,2
Layne01,76561199014599690,1
gavin.e.jenkins,76561199454721495,1
Ajay,76561199228152497,1
Kingdom Line,76561199484883913,3
ririver,76561199132443106,1
izaquebears17,76561199854375324,1
Jackaboy,76561198844959365,3
AceCrusher,76561199819329547,1
kittygamescat,76561199210276013,1
DarkCosmos2864,76561199151279925,1
Darth_Ruby75,76561199812984801,1
Hasselhoff,76561197960268400,2
km.wade8712,76561199756158769,1
Chainsaw,76561199513835983,3
Mr.Land,76561199453663525,1
General Doxie1120,76561199200913947,1
makushimu_42,76561199415574182,3
вованполководец,76561199647233465,1
.filing♡,76561199543645766,3
The Finest Villain,76561198865366183,1
VAP proudly sponsore,76561198411777667,1
UwUmaster,76561199013051473,1
kbarbati4,76561199815052085,3
bnr gaming,76561199056761502,8
tchapek5000,76561199123749789,4
ThatSpaceBoy,76561199567153874,2
RO29,76561199548204159,1
ryanadam15,76561199575862683,1
Ryan,76561199037510006,1
bingandthebong,76561198799177847,1
unknown,76561199820899007,3
belkan74,76561198316669395,1
Everett,76561199360987020,3
BOOMNKRED,76561199240227339,2
Karatelhevik228,76561199759035792,3
nektarinky,76561199641738739,1
TaiSantana,76561198882284761,2
danielfairmanza,76561199606554270,1
Слышу ZOV е_бу аZOV,76561199744156262,1
Mrhopps42,76561199733014944,1
нямнямыч1,76561199805786121,4
T707,76561198865464548,2
gregoryian,76561198034424533,5
Azz,76561198263085936,1
Bubba1010,76561199210276040,1
dogmafia63,76561198904255078,3
shenadore,76561199235282477,1
LS86,76561198878821103,2
mwbzip,76561198385024296,4
ad.ed,76561198417801954,1
freeoneriver,76561198061201052,1
kaij2612,76561199846334497,2
spencerblumenshine,76561199555163029,3
ryderdude11,76561199682302071,9
Jemal_Studios,76561199441349880,5
Sm1Le,76561199818928361,1
andrewsobrum,76561199816640155,2
BiasForBreakfast,76561198366227371,1
0NESHOTZXS,76561198804699683,7
Grayavatar2020,76561199027997188,5
richspencer69,76561199447275777,1
moosemac2018,76561199128459656,1
Eitan,76561198179710626,2
canllyd,76561199175807253,4
zsu-57-2,76561199201909029,4
obesjan,76561199878387324,1
2012 GMC Terrian,76561199165187453,3
logan_10polnt,76561199662457316,3
3abood,76561199482256510,20
anyway~lose,76561198446821197,2
Superoof80,76561199676548202,1
The Hunter Orion,76561199246280840,2
Crayon,76561199205305668,1
Snallygaster,76561199095004780,1
DNA_Frameshift,76561197994268230,3
CYN,76561199588005645,7
sniper 2.0,76561198433316374,1
kexiq,76561199104247340,1
totally not a bot,76561199185322255,1
itz horror sans,76561199017092026,6
WillaMesa,76561199436055265,1
GiLu,76561198294965933,3
BIboczka,76561199396398343,1
feitanv,76561198015483399,1
ultrabrandon12,76561198086598447,11
chum,76561198022010991,8
KG-64,76561198827762878,7
mediumraresteak677,76561199594529829,1
Vixx,76561198971075130,3
TankManiac,76561199511405450,1
Shio_Mya,76561199223955624,1
giovanaburgess,76561199064835283,3
Kurochi,76561199815639005,2
dorotashah,76561199313360990,1
SpaceGoat101,76561199100696014,1
Jimmon Arbmab,76561199590887779,1
не знающий побед,76561199222866436,3
rover,76561198271675882,4
Cyvicle,76561198013969962,1
olsonboys96,76561198990017447,2
shmyers21,76561198057213568,1
just a square™,76561199550327560,1
mike_nield,76561197972582840,3
SoapMarco,76561199217030930,1
ChaosCheeze,76561198032128445,2
bielsimmine,76561199712967418,3
facebones4151,76561199808140351,5
depre,76561199802592058,2
Ash_Kicker,76561199008645070,1
kgelinas11,76561199436070818,2
XFactor,76561198018176796,3
Phatt_Maun,76561199077738321,1
h,76561198982589740,1
Ricardo,76561199587214588,2
Spryzenkoopa,76561199568459767,1
jamagill2014,76561199611260411,1
adrisbosch,76561199196530241,1
Vladosul73,76561199401700720,1
Shadow Wizard,76561199111623463,1
joneslamone1234,76561199226893715,4
EnZ,76561198018687607,2
s1rnik,76561199021549729,1
xoxzc25,76561199867082144,1
christhonus,76561199487907152,4
Inphrom,76561199589167832,3
GasterLordx,76561199223069260,1
Diablo,76561198007556424,1
alex,76561198031488578,2
DeepSnow,76561199703886457,1
KATON,76561199143124470,1
mahkamuzokov,76561199543684357,1
FoxTrot,76561199016169108,2
SameHolysh,76561198957234336,4
SecretSquirrel,76561198423396940,1
AutumnDuck1251,76561199130035361,1
WarShip,76561199230495267,4
SmoothGalaxy123,76561199066634191,1
lanlow9665,76561199850212958,2
tal.albashier,76561199679735080,1
ghxst,76561199473664650,1
wizdomcube,76561198043769723,5
Alexon360,76561199762997582,1
the guy,76561199834076208,1
GamerKidEaston,76561199632991401,4
kelly,76561199372202772,7
epicpandaburger8,76561199826946466,1
what is my name,76561199217648665,1
GLITCHMOB,76561198860889619,3
suzannaedens19,76561199812199380,1
LockItfyre,76561199263609348,2
RENTMONEY,76561199187366078,2
paperjam_dipper,76561199378817767,2
carameloBR,76561199571833576,7
illyX,76561199508755970,1
rpreeves,76561199644229139,2
thatplanet,76561199649472581,2
latex glove,76561199216699413,2
Will,76561199133173743,1
cooestpicklehead,76561199048533018,1
Bobbz,76561199472200891,1
imsickofyou21,76561198821171258,2
VICTORDEFEND,76561199593267544,1
jwoessner1979,76561199807352946,3
Meta Moon Geek Bar P,76561199122955668,1
futa_bum69,76561199797983910,5
loganfranklin2007at,76561199849595643,1
Gramps2oiled,76561199179683560,4
skyrim npc,76561198199443057,2
XXX,76561199670411070,8
John Reed,76561199125958889,1
kid_behind_you,76561198988488902,2
_Bomber091_,76561198997995132,3
Term1n_3X0,76561199690067723,1
tvazzz12,76561199586815731,4
TOI,76561198893466063,2
b717driver,76561199624585691,3
GetPressed,76561198174389558,3
Будейка,76561199438331399,12
zombiekileruwu,76561199578063429,2
taylorqld52,76561199021691557,1
Lemonlime262555,76561199811291350,1
joerinfactolerin,76561199649465732,1
B1NDE,76561199382786577,2
cia bob,76561199497017269,2
GYSUPUSI,76561199576591721,3
Zazew_1200,76561199759022751,2
c0vA,76561199216798697,2
Burg,76561199099681990,1
littlepause,76561199229611464,2
Sgt_Tibbs,76561198271140012,2
ethan,76561199293590026,7
scarface,76561199811501344,1
wesleychaosfarmboy,76561199064464766,1
kovel_lukasz,76561199194639432,1
no_soap_here,76561199003865153,3
Mr. shadow,76561198300633217,3
Busty,76561198963595475,1
carzoom6390,76561199162933981,1
Meteora,76561199398510314,1
the mighty stick of ,76561199259911182,1
Lamafun21,76561198993628676,1
Riot_WasHere,76561199416888495,1
Steak Sauce,76561199025167360,4
gary.chinn the first,76561199122029069,3
AirborneKnight,76561199764010292,1
[NOOK] < blank >,76561199640068044,1
Bruno2207,76561198376610084,1
tybugcarno41,76561199166007585,2
Kazuki,76561198355162183,1
furer_ss,76561199870582733,1
Antman,76561199016990932,4
dill.clark,76561199815639240,7
thien.t.2007,76561199026690187,1
luke,76561199139700757,2
jimmyskoglund13,76561199591195604,1
SP3CT3R,76561199087276586,5
Mysticspider,76561198123738082,1
invisiblë,76561198880151673,6
Черемша,76561199443358723,2
Tixon-11,76561198878400874,4
jirm09,76561199194483199,1
kahler,76561198280920362,4
missfitscouts198_you,76561199101157359,1
Orion,76561198426105952,31
kenz,76561199001315008,1
KiBerkotlet,76561199502929841,2
Jesus,76561198278738126,1
Oxrannik-79,76561199015032759,1
гарик харламов,76561199829336021,4
ISABI DLUGI,76561198046276280,8
proto,76561199124552406,2
kungfoogiraffe,76561199824423608,1
Линолеум,76561199307344559,2
gamerzoid,76561199013146904,1
JohnWayneOnRoids,76561198068776700,1
Zephisaurus,76561199013131371,1
enforcer202,76561199449981589,1
Eyeman,76561198205414021,3
rita.faroh,76561199235820172,2
isaac,76561199802391647,4
WhiteKing1988,76561199103119157,1
The Ice Lord,76561199491510260,2
shteve0,76561199439152327,1
J1lbet,76561199562562215,3
saabturbo89,76561198165186159,3
NinjaSebastianR,76561199158085073,1
HELIMOPP,76561199064336387,5
gsnyder0428,76561199229291504,1
Yreek,76561199075252676,1
SkittleWittles,76561198042897630,2
teamterese,76561199053658198,3
Pepsi the Florida ma,76561199572467719,1
GreenGoblin,76561199401745317,2
RBJJ1,76561199077246286,1
בִּנְיָמִין נְתַ,76561199745049150,1
לארי סילברסטיין,76561199225172936,1
raw flying meatball,76561199214878361,1
xfury52x,76561199226458514,5
John,76561199562881664,8
TheHotDog76,76561199588910079,1
josedr23,76561199734444350,2
vespertilio_1,76561199788621430,1
wasdaada,76561199021968550,1
MLEKO,76561199060542499,2
big_jj,76561199363401434,1
~||L1ghtSp33d||~,76561199111681322,3
Darceun,76561198973345880,1
Miguel_west,76561199230472423,2
thatapacheguy,76561199498746412,1
Bananas,76561198034963002,7
cookie:3,76561199104701522,2
M1N0TλUR,76561199526063742,2
Xhdhfe,76561198874777805,1
Lemonfox,76561198848801444,2
joespears33,76561198181843473,1
Pot_of_Weed,76561199416779784,5
Hadeus2009,76561199793794533,1
walterdog,76561199071824960,2
Polish_Pyro,76561199000040283,2
Notliam22,76561199139642961,4
Mr. Vador The Brick ,76561199679808233,1
Cobalt Hero,76561199468724958,3
jessielouu1987,76561199139499442,16
moriartyevan78,76561199468861655,5
Kancler,76561199185065605,5
Mike,76561199658290173,1
FIG.Егор_Треугольн,76561199381062115,1
Mr.Murphy94,76561199088442060,1
MrOwl2_0,76561199070964545,4
Marty_the_Wizard,76561197968716441,1
rooster,76561199743394571,4
Blueastronaut2,76561199471995029,5
a tactical bean (Mus,76561199157745590,5
robloxboss20108,76561199124185141,4
ns.erfan,76561198369790490,2
toastywaffle,76561199405543338,1
peach415,76561199040683564,2
lil_napoleon,76561199111703637,4
TheOvacado,76561198994467073,1
blake3616,76561199866247288,1
Draco_NotFound,76561199307650440,1
бешаный негр,76561199785885978,5
BelRus,76561199773239083,1
Legenda_DONBASSA_9.1,76561199426864525,2
TOLSTY_BIBIZYAN,76561199651107149,2
Limozik,76561199078258963,1
YRIK64S,76561199830329501,1
ast99,76561199679885134,19
EvaRows,76561198937101269,1
Birindar,76561198065633160,3
nicsbrix,76561198872562230,1
帅气的杰克猪,76561199247540168,1
Hstgf.DopeDragon [3t,76561198161322221,1
TrainWrex,76561199667804177,1
Mr.Frosty,76561199472621624,2
Klaus.Gallardo0330,76561199073994589,1
pierceprogeny,76561199192354835,4
AlberMarlie,76561199579994858,1
tjeffry117,76561199486005194,1
mhodge0016,76561199809478514,5
Capybara,76561199467099898,2
gyrokmkm,76561199522387302,2
FastArrow7,76561197984243484,2
HunterTheDestroyer,76561199817442458,1
TOOCOOLHENPOO,76561198798585608,1
FIS_placemann,76561199656441694,1
Liawynn0529,76561198432786282,6
alicia.b.brown85,76561198794670473,1
Igor000121,76561198871273160,4
Tarukashi,76561199066533775,7
camgaming290,76561199882958905,8
XXLouisRamPageXX,76561199021585542,2
ajfanning,76561199516063033,1
Technoknife0914,76561199117289257,4
crownedkang,76561199445683064,1
Bobenbacon,76561199588968856,5
in2vas4u,76561199875316017,1
brickrigs48,76561199198186224,1
chris,76561198366342073,2
dutchok,76561199467212752,1
Ducky,76561199522418487,1
renly.lane,76561199886342918,1
Adamracecars,76561199659524193,1
Pizza,76561199229025111,1
gilad_pelleaon,76561197988748557,2
Zirarynk,76561199814253168,15
alexbellows2,76561199629364839,1
onionarcher36,76561199086155592,3
dragon_romzes,76561199090856863,2
rdecannett,76561199196751814,2
godzillarulesab,76561199587715706,1
Муми тролль,76561199809736652,1
Lena4b,76561199546912533,2
carterg8015,76561199379920067,2
jore,76561198962337026,6
Juniper,76561199026332329,1
greencorvette,76561199217647881,1
aiboyswich,76561198203669144,1
OMWTFYB,76561198336632481,10
Osiris johnson,76561199883896309,40
That1ComixGuy,76561199202127382,2
Ieatfish,76561198999619587,1
DjMarshmello745,76561199656226703,2
smash10,76561198360042013,1
pepito42,76561199810825182,1
Fogdoggy45,76561199229563005,1
Ebra,76561199095721619,2
Scooter,76561198093872878,1
Scarface,76561199052504735,1
j.chavez927,76561199628805544,2
reddfoxx17,76561199033094740,1
michaeljohn8133,76561199644163435,1
camszim13,76561199086983763,1
timsharif12,76561199597314349,2
Noobert,76561199003722510,1
petyastoyanova,76561199852577447,1
Ferlox,76561198792873511,2
dcollette1981,76561198201358194,5
:skull:,76561198851826195,5
Random_Fellow,76561199585565720,1
HayOs_InVeStOr,76561199828513640,1
xxkadog123xx,76561199511430334,1
Blare Plays,76561198377672195,1
Tickle_A_Pickle,76561199109828129,1
F.B.I_Berto,76561199078502933,5
KRAHMALL,76561199480047107,6
PizzaEater,76561199674321782,2
без негатива,76561199510008925,3
Cez-42,76561199074200887,3
5-Gum,76561198809638635,1
тайлер макнаггет,76561199353026620,1
Adrienne,76561199439443947,4
lizgiannos,76561199694242721,3
kba10,76561199175477593,1
RomaDino33,76561199858122122,9
游戏玩家,76561199114955887,3
nepenthes171,76561198985858272,3
Ion,76561199217437425,1
POT_POT,76561198016000275,2
farzanali,76561198427388067,1
Djfoxlink.dev,76561199137722775,1
elraygravy,76561199453780189,2
leeroygravy,76561199465470295,1
Coolkid3112,76561199761751597,3
eversonfu,76561199846093958,3
Mando_Erik,76561199885106979,3
Kaciuszkua,76561199728446998,1
anthony.j.probasco20,76561199802317550,4
nicolev183,76561199552567823,2
Draco The Gaming Dra,76561199731273870,5
JJisIto,76561199534458727,1
helpiminbasement,76561198996601022,1
spocktrek,76561198196011510,3
viinakas,76561199059113657,5
420 Blazing,76561199550391857,1
Real Muthaphuckkin G,76561199476126195,4
korn.jana,76561199468312054,4
Snusak1n,76561199282453631,5
Mortal Wombat,76561197971422276,2
neuro-sama,76561199542271836,1
Vault-Boy,76561199812059718,1
Limezsz,76561199529949610,4
Pink Floyd,76561199173097285,1
cool1seth,76561199829976775,6
Dawciu68,76561199440255899,1
Чоколадный,76561199523031360,1
✪Cowboy✪,76561199203703578,1
kerryaporter1,76561199160681343,1
ICEMEN,76561198853606575,2
SыN SаBaKи,76561199666872069,3
arcreactor,76561199863110896,1
SoupLord,76561199367315960,1
kmreiss13,76561199106769767,2
я чел,76561199786402382,1
dummyfemboy :3,76561197995176778,1
masonninja10,76561199653062995,1
zoxxyz26,76561199471473200,1
adaniels1210,76561199259989067,1
Xz2,76561199815880410,6
TomRob YT,76561198977429750,2
NeedGLave,76561199229803662,2
GriB228,76561199801691923,2
Abita_UA,76561199404722162,2
alexandermikes783,76561198793916363,1
Мистер Фурри,76561199643844494,1
dima.slodatov.2014,76561199798120011,1
EkulOffroad,76561199542516961,1
Yippie Kay Aye,76561199220109886,1
SinsOfTrade,76561198188713241,1
king of the pizza ro,76561198805884503,1
XanderLi$e,76561199230888866,3
DogeMan_35,76561199789569793,3
rizzyid,76561199222659439,2
Jaspercat12345,76561197977427989,1
RCA,76561198387903659,1
[.PoP] PADRO,76561199514342597,7
lingerdakota75,76561199845064760,1
kathrenlowery19,76561199745859794,1
ltmariux,76561199548821190,1
stormpillow,76561199385272388,1
wind,76561199487970483,1
Kaid,76561199067631074,1
Ashron,76561199161470334,9
unavalable194.a,76561199712264203,1
ajacenik,76561199098868786,5
Skiper,76561199138229092,4
rk,76561199098370015,1
RIP_TWEAKER,76561199813410198,1
COSMO,76561199210418366,1
monksjusbetta,76561199162889931,3
hokage leanchek,76561199521406208,1
月Hikaru日,76561198278349493,1
Guit :>,76561199498158210,2
captjlance,76561198297939569,1
JimiHandbricks,76561199015043662,1
rsok0320,76561199235295814,2
ty.jerrel2006,76561198793619438,1
Regional Defense,76561199224742139,4
尖顶,76561198801103648,1
payonk1,76561198332546315,2
CEO of Tunneling,76561199472649699,1
Рулон Обоев,76561199045283164,1
Матильда_мастер69,76561199185822528,2
jasonwenzel0510,76561199429600482,1
tdogg24,76561199805733035,1
Распиздяй,76561199582512664,1
zahaietskyi.ad,76561199763229323,1
carterrockstar1,76561199039278323,1
The Killer Corso,76561199468794137,2
Firma_play,76561199639966471,1
小可,76561199685883604,1
Trains241,76561198247415194,1
BrickBoss501st,76561199865026788,2
ARTUREK1201,76561199436715326,2
kringle la pickle,76561198340830098,1
l8spool,76561198367021485,2
chy0rtick,76561199465738428,1
feralpug,76561198005900494,4
kaiden_a2014,76561199589368614,1
ian.adkisson,76561199812242235,2
godspeed413,76561198070222989,2
на чиле на раслоб,76561199838053548,2
evan,76561199802107284,2
Vinchelseymo,76561199406750479,7
IconicFlows,76561199804629922,1
nathanyoung74,76561198351625452,1
cicka,76561199365979016,3
banana.boom,76561199250595461,1
Darkness,76561199190491866,1
BrickMaster4025,76561198794028365,2
bugbasher2021,76561199138641067,1
ThePurgeMan,76561198353906976,2
KickAssCop,76561197993226440,1
thebiancoboys,76561199576707533,1
ultronmiles,76561199512476213,2
aleksei_metelev228,76561199700640715,1
/01,76561199411940129,1
gousttend N1TEAM,76561199154449582,3
liamrmcgrath6,76561199791307904,6
pugen,76561198404510080,1
STev,76561199066094646,3
Ghost Writer,76561199041337606,3
PRRguy552,76561199131717229,3
TheRealBean,76561199256400264,1
natescrazy3,76561199505474340,3
kumi,76561199118378103,3
tacotruck6754,76561199811295020,1
мабой,76561198280613556,1
danielatolov,76561199867559166,2
KingBravo,76561199241793154,1
dobik_3337,76561199560778621,1
Zman,76561199019587102,1
Syron the king,76561198275034088,1
WUKONG,76561199230301538,2
Captain Capitalism,76561199294435370,2
CYH,76561198798927850,1
RЕАРЕR☦,76561198210414143,1
ДЕРЖИ ДВЕРЬ НАСТО,76561199304493925,3
Chel,76561199528229163,1
->->->->->go!,76561199810247712,6
CMG100811,76561199807223186,1
meowersbaby,76561198312326912,2
renzloh,76561199372795700,2
tmanstarre9,76561199089579437,2
myboyda,76561199379228348,1
wolf2o97,76561199085527945,1
zandale78,76561198871936040,1
evo_ruckus,76561198977821758,1
Jeremy,76561198412052467,6
PoZzaaAAa57925,76561199797469641,1
PX0891,76561198796734417,6
Shabluta,76561199202564988,6
tarnold023,76561198382579413,1
sirfluffhat,76561199444695798,2
FlipperNewt9443,76561199598071267,1
psychoduck2023,76561199574098090,2
jsalame,76561198025011318,1
dude4345,76561199566867532,1
Lancerevo13,76561199067730150,3
juarmytkd171,76561198286175922,2
Futrera,76561198043631673,6
Playtime,76561199239126413,8
user,76561198793479761,1
Kat,76561199631290731,1
douglasmacarthur0892,76561199795361269,1
f14lover_forever18,76561199310783776,2
НАНАБ,76561199873709619,4
Benji,76561199057539639,3
smartgames56f7f43d76,76561199861042716,3
козявка,76561198026046611,4
Auroxant,76561199213158839,5
287,76561199871378429,1
мобильник,76561199035158858,9
quattropenzel,76561198865166102,2
РУЧНИК,76561199630676915,3
Shoretrooper,76561199123192270,4
MyNameIsBio,76561199553091665,1
Jack_E_Robot3,76561199466955927,5
moracer504,76561199511040708,1
GreenTruck100,76561199643928433,2
leskew9578,76561198989557999,2
daxtonbutts,76561199784228707,1
The Digital Engineer,76561199221177599,2
Pickle,76561199810895614,2
TACTICAL TUNA,76561199438957032,1
Mr Nobody,76561199504894930,4
Rilliam,76561198144321284,3
Vicewave87,76561199230390979,3
ksorchilla,76561198376405838,5
Brixton The Zombie C,76561197993211396,1
Crusty-Crested Joe,76561198386293260,3
leighton0719,76561199447411416,1
Maple ♡,76561198359391439,5
cool_dude,76561199535040629,1
greensuperduke,76561199024876790,1
Lvck3z,76561199325760522,8
bailout,76561199467362761,4
WAKAY,76561199635385483,1
taloncanadian,76561197987568961,1
cheback,76561199677916529,3
stupidlist23,76561198924897513,2
Dex,76561199744401627,3
justafo,76561199043511000,1
镁-与爱祖,76561199152809606,3
mdos17071976,76561198838478290,5
peter.r.cains,76561198081874256,8
MrKebs0n,76561198354282821,1
erick_oceano,76561198954136820,2
dougiedawg2013,76561199225485702,3
Тренболон,76561199255817904,5
soger380,76561199403545725,2
dencek_vlassocek,76561199052982631,2
jamescswong2,76561199230523286,1
o.jewell000,76561199587183744,1
hamster,76561198096087024,7
Miheq143,76561198972042274,1
Remonowaty,76561198365824785,1
pixeldev,76561199474463516,3
i_love_fish,76561199664358142,2
the wibbly wobbly li,76561199468068953,1
Jeremiah Swandleson,76561199043118740,11
RIBINJSH,76561199058692616,6
Grz-,76561198163292768,1
redeye,76561198849625180,1
joshua6k,76561198382348664,3
JaxBeast,76561198389760926,1
Эчпечмак,76561199166433410,2
lastdagestanec1998,76561199096893524,1
DisTractedz,76561199113589462,2
COOLER,76561199488961564,3
DasPanzerCommander,76561199805738354,6
llamaboi67,76561199013560140,1
xboxmen1575,76561199576006554,1
The FBI,76561199134549814,6
Wierdkid1234,76561198420153649,1
сушеные яйца,76561199826632169,6
dolbaeb1k,76561199802523035,1
Farloner,76561199654493347,1
manditopendejitoxd,76561199764924268,1
egor.d.kulakov,76561199180621009,2
Сrocodilo BOmbardio,76561198800783040,3
xayo,76561199848392327,2
Жеси Розовый,76561199384315019,1
toughchickenlittle,76561199466095788,1
ab4adventure,76561199274887937,8
Volatile,76561198801360669,2
THE NOTOIRIOUS Z.I.T,76561199402493724,10
Baykany,76561199512774593,1
sweete0614,76561199138839185,2
Starfleet Captain,76561199004840419,1
Titus,76561198891616937,2
Maxi,76561199480433583,3
LiGo,76561199232809282,1
bongwaterboy763,76561199558552051,2
Storm Cooper,76561199566228199,1
kononek,76561199594734610,1
cc.achilles,76561199465752248,6
ianrandomstuff77,76561199344137995,9
firemedicc,76561199255554270,1
KidsarecruelYT,76561198931567428,2
FotherMucker,76561199122539803,6
Lucasvuga132,76561199466644804,1
ＭｒＰｙｐｓｉ４ｅｋ,76561199319278870,1
zander.11,76561199879166057,4
Boogman_45,76561199636158041,8
EnderTheNoob,76561198954963375,3
Somesz,76561197999813772,1
WhiteRider,76561198165842402,3
EVILORD,76561199495279636,2
zappa1g,76561198385847668,1
Techman JR,76561199653816179,2
AuthorisedCake,76561199209912795,1
🎄Viper Zero🎄,76561199066728514,1
peter_nesbitt,76561199120017740,5
rjsteve22,76561199864006351,1
NoSquints,76561198949225959,9
Stu66s,76561199229650089,1
murphyjack951,76561198792857563,1
colecreasey87,76561199813562299,6
PBandJ,76561199352199579,1
Jebroniee,76561199483456032,1
problemxchild87,76561199132685424,1
BearsRCool,76561198395410838,2
mad_man,76561199467343258,1
dianemenefee,76561199653794366,2
medikegor32,76561199874717738,1
shaggy,76561199466799515,1
V O I D,76561199756428395,7
CuzHoly,76561199105941115,1
Klerklyn,76561199203449823,1
cosmic,76561199023095207,1
ᴸᴬᴮᵁᴮᵁ,76561199654481495,7
Conquest,76561199174963097,1
Dakekenger,76561199850747330,1
Haze,76561198453523678,1
eBay.com.au,76561199283349517,1
crazyfriend,76561199481837868,1
_ловлю_рыбов_,76561199553321610,1
Gnarpy [Uranium],76561197989651842,7
VPotoke,76561199213169844,1
Ghost,76561199504825145,1
Пушечное мясо,76561199185897297,1
бульба,76561199813923781,1
Megiddo,76561197995914374,2
Whirlwind_64,76561199591868528,1
cmharper2002,76561199084936019,1
nikreations,76561198344040625,1
katherinemason80,76561198970271016,4
the monkey,76561199230508517,2
DropDeadDante,76561198445404360,3
Mr.MillerBillerTTV,76561198870162328,1
Lazer Me DaDDy,76561199330413697,1
OperxtorWxlfe,76561199467457609,1
anomalocaris,76561198989641688,1
ToxicFlame868,76561199229772849,2
llsheppard2010,76561198794647952,1
ShadowStriker,76561199688852331,1
maxwell98506,76561199594507827,9
DiconGhst,76561199595718757,1
PODBITY(PL),76561198993295786,2
switchblade680,76561199055169818,3
acadams2011,76561199447614157,6
spiderman_maks,76561199649362830,2
70uj2,76561199527736493,1
REcoyka,76561199558425704,1
ianashley420,76561199851313430,1
robert.reese84,76561199381975389,2
juan wallet,76561198875159858,1
lobotomy giver,76561199738471969,1
sabrwoods,76561199395680886,4
foxguy1212,76561199238063977,3
Major Payne,76561198942017573,4
Yellow,76561199179715890,1
TheColonial,76561199066084889,1
TGT Rob,76561199230160257,2
mmaller,76561199581340631,2
kotleta,76561199105740296,5
Who@,76561199387467924,1
ковбой,76561199204779558,3
Alphabravo171,76561199883343335,1
progamer,76561198980983548,1
WillCoop,76561197996381572,1
Jwford907,76561199434521087,1
ethan.trott,76561199864844674,1
Käsenascher33,76561199875804131,1
nERVOCALme,76561198868465332,1
sodacan5,76561199254856788,1
Jig Jones,76561198931671111,1
Wargasim,76561198000507597,1
Serolipia,76561199183980222,2
trxterry450r,76561199643331873,7
ShadowMarcos32,76561199810995075,1
Samsquanch,76561198016822845,2
DatBluGuy,76561199574851763,1
djhanson162,76561199588602929,5
ShilaBlue,76561199176156528,2
p1zzarollz98,76561199229807855,1
spem,76561199004413135,1
ALEK1T0,76561199591131534,11
BlackMegaLogan,76561197968837422,2
211theopen,76561199230095399,8
jad,76561199112439262,1
IcePachy15,76561199654782914,1
7h34fr073ch,76561198279888811,1
worms run the planet,76561198880884639,1
Driven_By_Sleepiness,76561199763366624,1
green56,76561198783616204,1
SNAKEVR,76561199691160300,1
coltynklenke,76561199465769338,1
Gambit_Gambit02,76561199597208364,2
Applegaming,76561199817372845,1
samanthalee81,76561199100127241,1
michaelfletcher80,76561198015451441,1
Rengoku,76561198869977187,6
lou.brown78,76561199568679751,1
Fat0n,76561199207354910,1
rowspot,76561199811376728,1
hen4324,76561199534983709,2
hwbjork,76561199695690568,2
KliNsToN,76561199529771052,1
RADVII,76561199846472931,1
Toxic69x,76561199801764130,2
VALENTINO,76561199002886822,2
ДИМАС ТВ  ДЕН И Я о,76561198810688323,8
wesewn23,76561199076344689,1
beamracer,76561199465724325,1
Random Civilian,76561198108393546,2
love-to-kill56,76561198100970886,2
cheese_boi,76561199122227085,1
jackiedino,76561199233384229,12
Milk,76561198928373698,1
crustyguy,76561199062473033,2
FastAsTesla,76561199222855866,1
Pro_StormChaser,76561199681952036,3
jarhonmma,76561199104149508,5
feliks_may,76561199202041843,2
JTOMG007,76561199522224149,1
t90m,76561199675524229,1
Italianboy2001,76561199679186580,1
RupertGamingBoy,76561199555244307,3
Thugicus,76561197969475011,1
duff_man,76561199452784209,8
maddox.albright,76561199247721014,1
camcamfiredept,76561199558917184,3
RandomDude,76561198851624854,1
Friffer,76561198040863246,3
bebop_2032,76561199044567541,2
Battles4Seattle,76561198137111036,3
coolguy,76561198789024818,3
Stick,76561198313781840,2
MuseSata,76561199806030039,1
Musket78,76561199130805500,3
frog_stabber,76561198847879799,1
lucioevn,76561199675508177,1
cake_gamer9,76561199038681049,1
anthonyerlandsen,76561198159818512,1
черемша,76561199858507394,3
nheine77,76561198970495491,1
dmitri2008,76561198354694230,2
Dagg3r,76561199815539312,1
ОЛЕГ БОБРОВИЧ,76561199802454237,3
M1911A1 Oversize®,76561199231267977,2
BSE777,76561199777825793,1
•Ivqn•,76561199819241784,2
iza shekel,76561198852518546,4
gabrielkoloay02,76561199789043212,5
implan,76561199791488091,4
SmileCASE.GIFT,76561199114563855,3
BABBLE GUM,76561199803066314,1
членодробитель3000,76561199584463856,3
LD| 𝕿𝖔𝖗𝖓𝖎,76561199869631814,1
Ice Cream Pimp,76561198014143508,1
lucaswoodcastillo,76561199673655934,3
Disqualifried,76561198049265675,1
M1rk0,76561199121457121,1
povhbenny,76561199480793143,1
babijon,76561199810171317,1
Tobi2021,76561199159544674,2
атомный завод,76561199609024941,3
ARFCVBM,76561199582991251,1
verybusymommy2,76561199109388784,1
Ungegelt,76561198226140088,1
arsenkaas,76561199435636821,5
Rico,76561199123045629,1
Kingslayer,76561198261551670,1
Chelaba,76561199820610765,1
hazza50246,76561199864300133,1
ItchyaboiEv,76561199109855216,2
luka.bak,76561199492183632,2
Gubbstjärt,76561198070593511,1
terrall13r,76561199440284952,2
Heros,76561199122058104,1
specializedbndt,76561198121265885,1
aaronu654,76561199825701608,1
ACMJ,76561199538751838,2
DeltaDagger,76561198847206392,6
Blazing Tracks,76561198966260808,9
progameremail15,76561199882244463,3
Unidentified Thing,76561199151714132,1
wAlLet,76561198370175677,2
Pooker,76561199165121998,1
Nitro,76561199405767092,1
Fartacus,76561199102209248,1
NeillBen,76561198811042827,6
Aki0Azumi,76561199210484690,1
russeh,76561199013269642,3
A-10 (🏝️SUMMER⛱️),76561199565977852,6
ИС-2(KDB),76561199810797172,1
JustAnotherRand0m,76561199530085843,8
srbin1553,76561199786683437,2
RQ_W2,76561199406121537,1
Smiley,76561199447958262,1
Kazuhira,76561198376475718,1
СаняЛамбаргини,76561199767347235,4
krusadergamer,76561199072006118,5
koyoriin 유 CSGO500,76561198121528469,2
Laynich,76561199015315327,3
kool girl,76561198246073726,1
Metalg---Snake,76561199811685328,1
Jaquavious IV,76561198009584521,1
raphaelp00ps,76561199872995351,2
kemper.ottmar,76561199884267114,5
salterfamily91,76561199152217420,3
FiremanGamer,76561199163443421,1
Timmy Turners Thick ,76561198271962492,1
2JetskiBeme,76561198336053353,1
Orange_guy,76561199752906999,1
harleydavidandrews,76561199574305137,1
PanzerTankAddict,76561199129702477,1
mail.and.nic,76561199220591916,1
Syka,76561199805659702,1
Bordu4kov,76561198798075005,1
ИГРОК,76561199851662442,1
Abrikosik,76561199236137699,1
Mr.Konstik,76561199579872495,3
Картошка,76561198325296131,1
Sully,76561198040363149,4
KATLETKA21,76561199413336450,1
1mpu1se_Straxa,76561199872694158,1
alexandervencahjorth,76561199493836433,2
FREEYICO,76561199057362079,6
zakharstes2017,76561199657538053,1
David,76561199473635074,1
Rami,76561199130134871,1
Schwarzer_Franzose,76561198171226743,1
Lyons,76561199485404743,3
RipPanda,76561199814343699,1
WOLFOXY,76561198320657469,2
ZachSon_Vr,76561199868931596,2
tcipcic77,76561198850705516,2
MxKid929,76561198035089324,1
Ste4r,76561198194219275,1
lhartz0023,76561199629299209,8
dont_mess_with_texas,76561199214107349,5
douglas36051,76561199445634063,1
BDF\'s favoriate cric,76561199412496710,1
JR50gaming,76561198214732539,1
Liam_Bear,76561198427359314,1
vangsdyno,76561198352593377,4
yetidtl,76561199793934110,1
pugman,76561199135685049,1
キリル,76561198806011874,1
Avia,76561198921020448,5
EnzikXD33,76561199747728145,3
бездарь,76561199469976693,5
dima2012ll,76561199529875430,1
that_communist,76561198982645809,1
SylerP,76561199013698761,2
Ɍɏꝋ,76561198930442718,1
гамасэк | 777,76561199134746379,1
walkfu,76561198867508854,1
PlayJT,76561199643561045,2
flogrownmac,76561199579618509,1
HAPKOTUK,76561199682161331,6
jessarina,76561199549892451,3
megatonks,76561199099552271,1
benndinsmore,76561199629909491,2
TheSandMan26,76561199551585102,2
ananas228666_kvak,76561199388363708,1
Luke Kuznetzov,76561199619581319,2
losmo0415,76561199428019914,1
DoktoBra4,76561199041620106,1
Luke,76561199010513984,2
Capybara,76561199187181579,1
IndominusK,76561199649380471,1
zoor,76561198026211678,3
justmelon05,76561199123292027,1
БезРезкихДвижени,76561199868610183,2
jarjarbings79,76561199004129443,1
Рыба,76561199500383285,1
DonPablo,76561199576542565,2
matt101tyres,76561199196649121,2
brianaustin32,76561199672362703,1
CurƵo,76561199127054918,3
xcza,76561199121397938,1
Hailrake,76561199067934509,1
pigruler,76561199576507890,1
dakyhooper,76561198840404616,2
Scroochie,76561199166247872,2
ambatrom,76561199186193312,6
Demekri,76561198864423569,1
Johnathan,76561199214973741,1
zahar25,76561199185874487,2
leonvtecr,76561199497721969,8
/,76561199144157433,10
daneilgnitro14,76561199256105004,1
A_197,76561199040322978,1
MrMaxwell,76561199530211288,1
deshokie02,76561199278328981,1
Ottaka,76561199222270305,4
haylujan,76561199527082211,1
gargae,76561199213092477,1
HxpoutBoogie,76561199679969740,1
GFoxFunk,76561199393560468,2
sebnelson2016,76561199543605449,7
Nom-Nom,76561199179670596,3
scalpy77,76561198844728072,1
IDarkness,76561199387899484,6
hansenc12,76561199229783534,2
sillyoverlord,76561199443776280,2
RemiGaming,76561199056986908,1
eden099,76561198343390593,1
pyro gaming,76561199652612764,1
☭Сталин☭,76561199576355260,5
карась,76561199208577635,4
the goofiest goober,76561199383000024,1
AgentSweet23,76561199215761735,2
BentleyTheAngryGamer,76561199473645954,2
cheese,76561198929776772,3
ZORKI,76561199592759655,3
EagleEyeTank,76561199587785633,4
STINKANATOR,76561199391670742,1
jonastnt7,76561198393746581,2
Panzer hound,76561199552898731,2
Axell Hodges,76561199384206716,4
stevewheatley800,76561199229680582,2
siavash.mehrabi,76561199529693266,1
Liam.W,76561199683154595,1
mustangman600,76561198904021551,4
Tucker,76561198081974041,2
MarioPro278,76561198988942702,1
p0star7,76561199190190054,5
DaFixer,76561197970945402,4
Soren,76561199523218630,1
donnajean0266,76561199749106202,1
m.w.christie2011,76561199391925914,2
Gordon Ramsay,76561199102409978,1
spongebobfart,76561199821310219,1
mason.viola,76561199588332357,5
prospiral,76561199245380434,1
forXXX,76561199143061567,2
milkelle,76561199543578893,1
mckinstry2008,76561199355902676,1
Goofighter007,76561199400608004,4
Jack,76561198397236553,3
✨~ Moon! ~✨,76561198964161424,2
RALGAN,76561199782602567,4
steveg2011,76561199466910086,1
LonelyArtemis,76561199712506398,3
Indix,76561199434796633,2
jiodio2025,76561199855135507,4
lois5181,76561198836224995,1
Smokinggun,76561199812410622,1
Grisha2013,76561199852279471,2
Chelik|TM,76561199136845737,3
siriga777,76561199779413312,2
xazidyl,76561198027084391,1
TANK,76561199147433371,1
wsmnb,76561198406510732,1
FuryForLinux,76561198938972031,4
~Slack~,76561199454682496,3
T4R \'Nusian\'s Demise,76561199582080391,1
Naganin,76561199151106392,4
UwU,76561199279101048,1
Ankivmarko,76561199251128591,1
drysdale.tfb,76561199566520573,3
turycb,76561199578965939,4
PokeJohn9000,76561199401479130,1
WaffleMaker17,76561199099207569,1
Asparagus,76561199446431505,4
aosantowske,76561199873339163,1
quagmire gaming,76561198039363955,1
Mad_mAn,76561199769245227,1
jeletonbones,76561199066111862,3
travisn,76561198882112049,4
barrettdog2,76561199096759267,2
nmesan,76561199486769322,1
JvXTun,76561199106814939,1
ringinglake,76561199774955810,2
Kubaoslav,76561199275478055,2
cjs1367,76561198008682399,5
Zork,76561198162461293,1
SigmaKai,76561199741788804,2
KidneyBean69,76561199191269290,1
PotterFamily2,76561199283132290,1
corzoleisis,76561199868703811,4
MonikaGaming1337,76561199482509749,7
Dobry człowiek,76561199013784933,1
Noah_torrres0625,76561198849626765,2
angry muchi,76561199535945937,1
targetrhymeswithgrug,76561199037225527,3
269,76561199818405686,2
𝓟𝓲𝓴𝓽𝓮𝔂𝓵𝔃,76561199271537085,1
UnicornArcde,76561199593598488,1
1MPALA,76561199544653005,4
Zanoza,76561198795557795,1
kola,76561199864366127,9
Simp_426,76561199148043473,1
esp.michal,76561199103685173,2
RedMissile,76561198211599263,1
SemiPartician,76561198885230809,2
艾P,76561199480920919,1
stevuta309,76561199264518125,2
johndeeretoday,76561199254767420,6
rebecca.fox,76561199186195187,1
Gabriel,76561199472370961,2
dimonchello12,76561199097534010,1
Aperture_Laboratorie,76561199630280538,7
членодробитель2000,76561199557071296,2
zackkblue12,76561199095349146,1
armaygaga02,76561199555184555,2
weenie1214,76561199751765567,2
dadanyil,76561199734382056,1
American Alligator,76561199595723154,2
ThePixelatedPlayer,76561199102109939,8
Yanix,76561199043543507,1
garata,76561199441830866,1
Inklingboy274,76561199573101634,2
mason 😱,76561199801279012,1
louisjonlee,76561199037489932,2
remic2018,76561199826690701,2
scotty26105,76561199559849097,3
Hotdogs,76561199225895856,3
КЧАУ),76561199824710327,4
randomguy2869,76561199673792209,1
StupendouslySilly,76561199251756160,1
Rooster69,76561199553763984,1
† Doom Reaper †,76561199729621316,1
Gamer1lol,76561199115534702,1
JakeyWakey,76561199233251273,1
vshamayel,76561198786563212,1
CJBLACK_PANTHER,76561199493805676,1
kevinarias2011,76561199707882286,1
L7DTK,76561199104750981,1
kms.den4ik,76561199094678602,1
Madmilk_Tj,76561198316062278,1
bluedogjazz84,76561198044727322,2
Narwalliam,76561199803559858,1
EROP,76561198006087939,4
Knight_Raid,76561198046363670,2
Letaga,76561199401025738,3
drstew23,76561199086792639,1
ame,76561199039242309,1
DrunkDriver007,76561199013255372,2
thedominator074,76561199823734207,1
Muhammad,76561198427384196,1
piter,76561199822836155,1
spotta,76561199806679387,6
Shadow,76561197962280003,3
Mr.blah,76561199222002905,2
samuel.wollmann,76561199124739720,2
Jonas112121,76561199589681613,1
віще ні чітко.💔,76561199078305328,2
ser.crasnow2017,76561198287134280,3
MakaiAaaaa,76561199234442902,10
Nevr,76561198151552593,3
ЁЖИК,76561199629864965,1
cwmehlenbeck,76561199812070216,6
кот с пулемётом,76561199394751691,1
Sasha_X,76561199378529500,3
Catoctin Works,76561199560620896,2
GHH_19,76561199063548905,1
Макака,76561199011571603,1
Бухенвальдюшка,76561199161241865,2
willdabestone,76561199711340906,11
ROI,76561198881223791,1
toby.valler,76561199237280294,1
joel87x1,76561199792321538,1
dbrice80,76561198086882485,1
Ronziepie,76561199065581617,1
SkotyPower,76561198081304712,1
Максим Киевстар,76561199231374475,5
inz702586,76561199883191406,4
tumbaevaman89,76561199881314010,1
Angelok™,76561198042043047,5
Sun_2178 ,76561199086396751,1
Blizhni Bill,76561198374596272,1
chinese salamander,76561198884030298,1
dsaaak196,76561199882342820,5
nconkers,76561199276442723,1
Thenewshadow,76561199055455230,1
mactavh566,76561199825502215,1
---,76561199076652440,1
bartus,76561199071368079,1
goose13,76561199238424524,3
PlaneBoi321_yt,76561199588629094,1
Krooker2012,76561199229122190,3
ReliableKiwi,76561199415825203,1
romenamartin,76561199355160033,2
Yoshikage Kira,76561199464796441,1
FeliX,76561199433716363,1
firebird2008,76561199247341328,1
brutus,76561198408994732,1
squidy,76561199801366390,1
Artificial🍁Canadian,76561199490639229,3
mmm... REGINALD!,76561199166840569,1
RjayAjay,76561199334143068,1
extremetile,76561199757445379,1
usedtacos,76561198090303194,1
ELITM661,76561199676468950,2
[BT]Samstar220,76561198000509987,3
bismark21758,76561199845711312,2
Grasson,76561199466570191,11
kiedis129,76561199475260112,1
Zenix ,76561199569947153,5
Agent_22,76561199668716643,2
д...д...данечка,76561199655980635,1
VERTEX,76561199006570130,3
Raiju,76561198855204708,1
Джек Подрочитель,76561199199588823,2
JesL,76561199233284852,3
cicha_noc,76561199482591331,3
GGpr1me,76561199156344077,1
Ow1l,76561198867794475,1
Foless,76561199193082157,1
avalosmichele1,76561199579543989,1
Уёбище,76561199381902744,2
faresalattal,76561199211947827,1
capibara,76561199742899900,2
miloschamp,76561199822501717,2
MarlinB123,76561199229449442,1
sonizuB,76561199175492633,3
Cobalt,76561198965073489,3
dadonkey10,76561199161052996,4
Happy Face,76561199624700957,1
speed,76561199220519687,1
redtailfighters,76561199476908316,1
BUG,76561198096564692,1
fritzhilljr,76561198093778059,1
xscooby14,76561199671758129,4
Thomas,76561198879997903,1
A_SINISTER_MR,76561198438515906,9
viper,76561199759624859,2
theofferg,76561199536329189,3
jimmyChoo,76561199539518611,2
OBRO,76561199012531262,1
kitty litter,76561199070241636,6
Warthog,76561199504575052,2
middleton.jd,76561198979023314,5
kenm95132,76561199650563061,2
Redragion,76561198414670689,2
shooniethesigma,76561199887113394,1
Аня Енина,76561199227983746,2
B1-2639,76561199102309370,4
kira41245,76561199559188816,1
beesonme,76561199543660742,4
Trait,76561199184816406,1
annihilator,76561199204039817,3
Shnur0kk__,76561199067869956,3
ImJustLachie,76561199554188972,1
achievement hunter,76561199143976994,2
Fat_Cat61,76561198866317432,2
Акихару,76561198830521130,3
ChampionR26,76561199156722976,1
akul2326,76561199545152423,1
graymacwilson,76561199568787680,3
Drifted,76561199122405577,3
Mati.,76561199045599016,2
SalatLudmyrik,76561198257646203,2
Alex,76561199229810613,1
Blazefireboom,76561199095727132,3
Dexter Morgan,76561198970361259,3
Shuggy,76561198085360890,8
MadaSpartan,76561199042168832,1
Opus_X,76561197986015258,1
jmcclish,76561198953833789,6
paspawd,76561199241160354,1
penguin gamer,76561199812257796,2
Crazy4Cars,76561199314750057,1
M.x,76561198215907383,2
shadowxiong85,76561198371130329,3
kyleas.2028,76561199584180628,2
baguettesarecool_978,76561199040472605,1
Alex_GG_007,76561199120299064,1
ERKIN,76561199438203745,2
kirievuka,76561199656333491,1
Tigershark16,76561199465068322,10
Sky,76561199837316617,1
ЖАН КЛОД МАМ ДРАВ,76561198092351700,1
letgo,76561199071657977,1
Mighty Muffin,76561198855083512,1
67crandall,76561198971565370,4
SownScott,76561199805709843,2
Davie ф,76561199181043284,1
siddonstj,76561199761274508,1
Burnt Toast,76561199214096173,1
LeaveMeAlone,76561199180478219,2
Jgscar75,76561199037593526,2
KnigHTkiLLer131,76561199887795709,1
martin2jjoseph,76561198983924749,1
Chugen8,76561199169628253,1
Yo-B,76561197985913245,3
buck,76561199667440521,2
christinakocsis24,76561199758944138,4
Person,76561198952312977,7
karkar005,76561199588749054,1
bunkerbuster,76561199122386411,1
HOMERO CHINO,76561199596698517,1
RedNek,76561199288526953,1
beat_dropper,76561198859487275,2
cas,76561199011971081,2
EZZSYKO,76561199084198031,2
Jacers,76561197961699855,2
codygsn,76561199214641230,1
bhaleunitedcentral,76561198872909320,2
Tercarloga_     - 乀,76561199482167472,1
CACA MAN,76561199588384593,8
raptors15vs34,76561199099611390,1
pcblox39,76561198371996503,1
zeff,76561198112548004,1
tonedcarton,76561199375503581,1
tim,76561199018100573,1
HyperlilOtter,76561199846534366,2
artu6717,76561198785390385,1
TheRealRedSpy,76561199593374949,1
|MR| COBALT,76561199174958185,3
skylerpounder,76561199731936044,1
Irish_Potato_Farmer,76561198969870322,1
M4athi1506,76561199523827427,1
Agent4SOMEL_E,76561199202252955,1
fedor_nl,76561199794830330,2
thereinheimers6,76561199749789035,2
Terex140,76561199397259249,3
Sherman430,76561199811824005,2
sumaiyafitter,76561198924346731,1
HyperBoreasTopGuy,76561199279287649,1
bluefiredragon,76561199459892462,1
alistair.urruty,76561199481832184,1
pizzarex48,76561199885348947,2
MBZboys,76561199841640758,1
Skittlez,76561197985723559,4
Flako,76561199465843410,1
nathanhfirth,76561199589220759,3
soapysoap,76561199573214547,3
HumanDoor,76561199820619217,2
Starbeastrose,76561198032384661,1
MenyDeer:3,76561199245844316,2
MotoMoto_05,76561199862563424,1
Lord Sith Akuno,76561199489887299,1
Turboburger,76561199489869799,1
plwilson1,76561199395310649,4
ChimpChampion,76561199365284095,1
leosanchez061612,76561199812433008,1
lcwiltshire,76561199085667063,2
XENO,76561199519783685,2
kellyrmo,76561198260805151,1
krazykidkaiii,76561199528564422,1
BlueOrange,76561198869073850,1
T13_LIVE[TTV],76561198298683473,1
kot24-09,76561199201456603,2
МемАрхив,76561199041321801,4
peanut_butter_eater5,76561198817191618,2
rndm_ff,76561199017210725,2
Saul Goodman,76561199588372418,5
SEKTOR,76561198989212586,3
C4iKiR1yO,76561199000226976,1
Пригожин|Champions,76561199722062375,2
Klapek1229,76561199470264919,7
samuel l jakson,76561198433213500,2
pepitooo,76561199783111563,1
володя тракторис,76561199819415773,1
Sm4rch,76561199094748573,1
Artem,76561199716537929,1
hrosenko4,76561199807218515,1
nazart832,76561199808668930,1
Calzone_Tyrone,76561198344766722,1
Gordon Freeman,76561198995024554,2
《Agent|Monica》,76561199229076325,1
barrylog67,76561199589489106,1
Kowalski,76561199047060591,1
bananaman518,76561199544616522,3
BL4CK,76561198340829874,3
FxxPlanter,76561199546918667,3
W1nua,76561199164229136,4
Sigma_GT,76561199171665763,1
vanyaigrok,76561199103159588,1
EJD617,76561198985360226,1
gavinicus,76561199061852957,4
therin,76561199642442921,2
blakemcdaniel2012,76561199193629564,1
makasinka360,76561199200606428,1
apollo,76561199474792603,1
mr.glitchy,76561199579232209,6
titino,76561199102261415,2
OhioCapybara730,76561199876397223,1
coldz_lol,76561199541435705,1
sanefrhulk,76561199007814208,2
STARS,76561199591855578,3
Spino16,76561199438573750,3
trainboyTSW,76561199085737146,2
Scout,76561199155526400,1
aperson,76561199046087207,2
CrabbyGamer,76561199224142539,2
That One Kid,76561199452904167,1
MartinPog,76561199013258643,3
freeze,76561199688941318,1
Levi-12 Gaming,76561199586929345,2
vetal.pro,76561198088292068,5
точка,76561199091128136,11
davidcabral311,76561199820138628,16
Tomasz1003,76561199230803483,3
X1ANN,76561199178012129,1
ExtaZzZ,76561199063332591,3
Vadger,76561197965942362,1
mocorley,76561199498998426,1
lowtup золик,76561199530574230,2
peanuts,76561199152802802,1
IIIIChaseIIII,76561198267202518,1
Dext,76561199092795412,6
AJ,76561198999589705,7
лето и арбалеты,76561199497658656,1
Prigozhin Zhenya,76561199191009510,3
fox\'s_edits,76561199588488746,2
Max Power,76561199845430201,1
mak22,76561199816583365,1
BONNYHKA,76561199135330160,1
Hardi,76561199260766712,1
Jason_Nighthawk1,76561198955460323,3
Altylerix,76561199778204845,1
DSTruck,76561199300722590,3
Cyka_Blyat,76561199210509189,3
Jordan,76561198358963757,1
wall,76561198843465500,1
Anti,76561199025973679,2
Dat One Gamer,76561198028407605,1
Itrainso,76561199230786653,2
mika.p171117,76561199813399032,2
AntonStavok,76561198090857769,2
Tayler,76561198357382127,1
._.,76561199760107937,2
m-marcus,76561198109062778,2
WoofyJay,76561198882640320,2
nkmalbert3,76561199589552464,1
NuggieTheDuck,76561198454265237,1
Alukard,76561199016762458,5
SOUPA23!,76561199124723753,1
tetery/77,76561199826998496,4
daleo_00,76561199105408783,1
ферадера,76561199509414254,1
Zevirem,76561198060301751,3
N E K U S H,76561199846971381,1
ЧЕРЕПАШКА,76561199577037708,4
I RISSIAN ТОП,76561199568906183,1
Zach,76561199262630795,1
Ura...,76561199162710190,1
Антифриз,76561199361242171,10
RAMMAK2,76561199876830408,1
ScrewBojoBingo,76561199754241387,3
owiic,76561199017982981,1
Thunderbolt2,76561199277837428,1
乡𝙸 𝙽 𝙵 𝙸 𝙴 𝚁,76561199562252118,1
Popsa,76561199472731309,1
smartusy0,76561199757064119,1
Lewarek,76561199096896779,1
piVo_thunder,76561199817020814,1
Chebupelmen (общий),76561199436645235,1
Donald John Trump,76561199138519217,2
[o_0],76561198978069199,2
RodiNauz,76561198940125695,2
Steve_Monalola,76561198411079895,1
Krazyboi,76561199237100930,1
ThePro,76561198851936465,1
tristanfricker08,76561198993564554,3
Gansik,76561198951280244,1
VΛMPIKST,76561199696819124,1
Tain,76561199471609519,2
kosmic gaming,76561199445934730,1
chendrickson,76561199093646213,2
edaddrillo,76561199703066026,10
S.no,76561197991396021,1
Paint1032,76561199045440282,1
oliverlink0615,76561199531771738,2
Dimitry,76561199064008610,1
LilMonster1566,76561199708631439,1
takaumavae,76561198013520942,2
MrGiggly,76561199813043589,3
Duelist9,76561198881479633,5
mhofstee72,76561199212788221,1
frostyf1,76561198035669878,1
dol baeb,76561199441306877,1
ETomo25,76561199680501897,1
andr,76561199008630421,1
slugger105,76561198059808642,1
bgbeisse,76561199127950829,1
76561198930448605,76561198930448605,1
nicoleandbrox,76561199480888923,8
SpidermanXI,76561199069651930,1
redesign6600,76561199240977368,2
karkarovich2,76561199552963805,1
RongamingYT,76561199229987427,2
Death,76561199239266043,3
mittens the kitten,76561198004991334,1
MarkDog9000,76561199763484355,5
llichul,76561198829421402,3
aidenforrest4680,76561199571475509,1
jonniebnz,76561198298682660,1
MrFrostyGame,76561199013293977,1
ꔪ𖤬ꚳ𖤀ꚶ𖦪,76561199431241553,2
greypeters13,76561199765228910,4
decao,76561198050910098,23
fosil162504,76561199735867123,4
Mrsnipesalot,76561199088947750,4
sammytherobot,76561199724262693,11
ATLLGROX,76561199225173394,5
Markavossa,76561199591690466,1
saving pregnant bria,76561198200489923,1
JulinhoCria,76561199251927055,1
beetlecorgi1873,76561199801515081,1
drunkenoverseer,76561198048840202,3
Stretchy_Fanta,76561199105092067,3
West Da Best,76561199811548516,1
Fiend SKINS | Bloody,76561199123432207,3
kuricbirdol3,76561199842773469,1
s,76561198796134682,1
briley.rob,76561199642293019,2
MalucoBeleza,76561199184415707,3
timofejvarakuta,76561199375752329,2
Ghost1k_,76561198359252677,1
Pantor,76561199643477448,1
charliekenney2009,76561199812224795,1
BEXARGAMING,76561199794324403,3
gmsisthebest2024,76561199833509652,1
Wescoolya,76561198363000689,1
M1lkcart0n,76561198994669030,1
605Prophet,76561198172618979,1
Indomitusnex,76561198190055837,3
nore.drugge,76561199590393978,2
scotforman,76561198976208827,1
PassMeMySword,76561198011619875,1
YIC3,76561199764933804,2
THEpotato,76561199387961027,6
NNRTYZ,76561199570321759,1
Purzel1511,76561198300810160,1
depre,76561199475716308,2
⛐ⒹⒶⓋⒾⒹ⛐,76561199758841129,2
407095925,76561198792434096,10
Argudyaev,76561198963687428,23
james.dharma12,76561199712530577,1
Noah,76561199228914522,1
arbuz,76561199816968714,1
jorkang,76561199039456085,1
dimon_dimon_2023,76561199849726528,2
Lhs_Plays,76561199444013585,1
Canadian Crushers 2,76561199009791464,3
Jesse,76561199831504811,2
anelso87,76561199834108869,2
poof,76561198910581984,3
WaterAddict,76561199175182300,1
Mr.Semibot,76561199147772673,1
Doglover!,76561199220035438,1
potatochip31336,76561198784515409,3
GordonFREEman,76561199848981693,1
igorzakabluk,76561199054064483,4
coz,76561197999466641,3
Passive,76561197992686659,2
非人类,76561198076692205,6
israpil.magomadoviis,76561199865243219,3
spy,76561199011773115,1
B2M4B7R,76561199556950902,1
HaKeR777PRO,76561199634310141,1
andrejs.vakars,76561199211528062,1
yannickbilodeau7,76561198167546671,1
TheMr_Dodo,76561199095018613,1
buger,76561199642849670,1
kjgamer,76561198030127217,1
240km/h | ilyaky,76561199473701425,1
shift_2_future,76561198019254681,1
yoghurtdestroyer34,76561199139842023,1
Creamy,76561197984986343,11
ic3pube,76561198418871542,1
проффи топ 3000,76561198886207533,3
AverageCloneEnjoyer,76561198972447775,1
Wagner group,76561199162488788,2
TEXAS HELL HOUND,76561199067998414,2
болгарка,76561199566450562,1
lumpy leader,76561199242596162,1
v3050544,76561199657022415,4
grzybek337,76561198194498942,1
blairfie47,76561199863497585,1
real.lrx,76561199558050736,1
gvhedgehog23,76561199830273727,1
Tinell,76561199093073232,1
sethmosebey,76561198809748853,3
Rob,76561199527827366,2
ttiiggeerr99,76561198438779166,2
jakeygandy997,76561199702531378,5
Paper,76561199222591196,1
skimpynest,76561198786892277,1
BG3CK0,76561199134587411,3
mr.spinanchio,76561199438702166,1
daquavious,76561199432883817,3
kkepa4ka,76561199587239624,2
curtis.cholon,76561199027104176,2
1vX lover,76561198126092306,2
Chemly,76561199067083140,2
mcley002,76561199101838507,2
Akitsu,76561199084996905,3
Ziga12,76561199786909705,1
L1qudator_,76561199223058065,1
arim,76561198354655248,1
nojG,76561199800926811,2
pros62032,76561199820208991,1
ffig3211,76561198786164995,9
neonlomemine,76561199274207897,2
fikus,76561199428624133,1
Солянка,76561198853498272,1
MonkeyBumlover,76561198109412053,1
nekrofildziecidorosl,76561198873194673,1
Ходячий Исламист,76561199486278020,2
VoidRaze,76561199661398217,1
[RU] Ernest00,76561199733924488,1
Stalinok1337,76561199485673121,1
BOBISZTYLSON,76561199671450425,1
MooMooMooMooMooMoo,76561198367721135,1
ЛЫСЫЙ | Загробный,76561199548661302,1
jamperwagen,76561199140819176,1
RandomFox,76561199090139602,3
garyhiland4110,76561199768014908,1
protsakdmitro,76561199780713518,1
T4Y,76561198789851918,1
chris.chadwick888,76561199882400219,1
Ducklord,76561199097415783,1
Медведь,76561199233071754,1
Кɐсǝта,76561199455985054,1
Bratley,76561199587995602,2
Stud_kickass09,76561199069998154,2
R0T0RHEAD,76561198013887077,1
Degeneracy,76561199863012787,3
leonvu127,76561199709460638,1
CRASHMASTER,76561199009170047,2
Cruton777,76561199542424781,2
WAL-MART,76561198799218828,1
JOE THE LAMA,76561198282528486,3
MatsiMooMoo,76561199818649498,1
gregpine52,76561199156486759,1
FlyawayCoot03,76561199042770331,3
Johnnyiguess,76561199090436244,2
Hexid0s,76561199090956713,1
Kanye West,76561199016578664,2
Maonia18l,76561199250055044,2
Cardinal S no sound,76561198004906130,3
JennieBee,76561198249059090,1
лерпа,76561199349238912,2
Иди Работать,76561199007832227,10
EmNch,76561198851156044,3
Regelefemeilor,76561199544750013,2
LaFyoU,76561199794579468,2
dawn.morris2,76561198969864323,1
ustust2012,76561199121746509,1
highwaypatrol,76561199097961298,3
helloanniestcyr,76561198996898006,8
1smartcat_1,76561199716497595,2
gddyzs,76561199368866487,5
chris.trusty31,76561198819973004,1
Freakzz,76561199035840467,1
13BlueThunderX,76561199171325414,1
elbsuper6000,76561199016131488,1
ChewCandDo0915,76561199653103228,1
Oober_Goober,76561199256263591,3
pypypupi,76561199869850324,1
NETHEO,76561198004320276,1
HunksLeon,76561199160195326,3
EvilAsh,76561198007053897,1
wilsonfamilyrr,76561199828290052,1
PETER,76561199588604480,25
PhaZe7,76561199279114021,1
Doge,76561198111629334,1
wellingtondube,76561199478191348,2
sad guy,76561199006548734,1
John,76561199162354148,2
The Law and only,76561199128532739,4
Rhys,76561198983710970,10
ruyru1,76561198985982926,1
jaymoney0920,76561199790270780,4
Owl Gaming,76561199641109180,1
Боб-стройтель,76561199469525487,3
ricki,76561198975529737,1
mecitcinarozkaya,76561199800126110,1
Gaus,76561199434667333,1
gadriel.tajie,76561199495156368,1
kollok(:,76561199682130952,2
boots1312,76561199247556126,13
JOHN PP,76561199161771322,1
Wincent,76561199043312916,1
Tony Tony Chopper,76561199475061963,2
bacon,76561199652136278,5
amylstepan,76561199268115863,2
Atlas,76561199521628443,1
LIstochek_TV,76561199273645089,1
LegendaRepa89,76561199700056662,4
Maxutko,76561199622385015,1
Ya Ne Reptiloid,76561199289787128,1
ザルウ.,76561199045179746,2
AyKoS,76561198862089294,1
Archirola,76561199228649261,1
thewingedhussar,76561199017938245,1
FellCardinal,76561199588145152,1
do021688,76561199888685776,7
Swiss Cheese,76561199045081534,2
woogie_JR,76561198793249150,1
astrotrain🔰☑,76561199439423991,1
minifuturegamer,76561199101640034,1
Launch,76561198966604648,3
terry davis,76561199513284460,3
ry_0,76561199131574528,1
vortex,76561199566184503,1
Jujubeee13,76561199469180407,7
spynutt,76561198407426454,1
lil sebas,76561199123217982,2
yaydolf,76561199188494595,4
garik323,76561198020468030,3
ThePanther,76561198136141634,1
Scrubby_Scrumuck,76561199122954185,1
Egon Kowalski,76561198996222617,3
Diamondkrafter,76561199155455517,1
MrHighBlue,76561199237249433,2
h3dism,76561199808704227,1
dawid7654,76561199067394269,1
Okoneshnik,76561199771427410,3
elpeloxo,76561199105554905,3
aegan028,76561198857355806,3
cold0182,76561199511740592,2
Manifest,76561199369299331,1
mers210,76561199864791751,1
Джесси Пинкман,76561199125872141,4
алексей стульчак,76561199238506369,1
🆆🅰🅳🅴🅿🅻🅰🆈,76561198081312337,1
nezeluka,76561199093984236,2
binocol,76561198980700362,1
awashketchup392,76561199516196858,1
melsky01,76561199817333526,1
kadyen470,76561199050977462,8
spermmobil,76561199047737102,1
Daniil666,76561199078855794,1
Quadro,76561199277070129,3
jonrph77,76561199178354303,2
DaBoyz000,76561199478469157,4
AMC9294,76561199295389228,3
rickysg1981,76561199434976877,1
The Heritage Farm,76561199507177593,1
haidar_9205,76561199786544864,2
LuScoobii,76561198070271816,1
Dr.Fluffy_YT,76561199091429394,1
ClapYaCheeks,76561199207467303,1
HemifiedYT,76561198980254830,4
kilotwoalpha,76561198010636886,16
Toothless,76561199804419162,3
Progamerguy24,76561199151500622,2
RatMiss,76561199012062153,1
PREQU,76561199405037040,3
M00nl1ght_Syph ツ,76561199004421568,1
jmv1,76561199284930806,1
торохтун,76561198275732774,3
chickenboy80808,76561199515402827,1
Gojira1954,76561199249298189,4
Мистер Ромель,76561198833458273,1
dhgover74,76561198296065358,1
SAINT-AJ,76561199810404578,2
moltenzeus,76561199811460611,1
central scrutinizer,76561199009494844,1
Uncut_Ham,76561199371180071,2
sad floppa,76561198881257016,2
MrFistsReal,76561199139919395,1
jneeece,76561199653925970,3
\'MERICA,76561199228027803,2
.,76561199735714713,2
adolf shrekler,76561199263435190,2
Spoodermem756,76561199075154026,1
ReeYawd,76561197998547763,1
Tiger2h,76561199431508700,2
mtndew,76561199162931561,1
The Floyds Channel,76561198450881720,2
captainpringles56,76561199648686361,1
KLDYJ1125_lxj,76561199115182296,1
snurfbord,76561198117031784,1
Clumsy,76561198987152794,1
terobsliva,76561199866229658,6
dulcemsoto87,76561199807458781,1
Marvel_US,76561199250036007,2
[FF4500]MarniaK™,76561199170720858,2
teebroc,76561199589427604,1
ProcesadorDeCarton,76561199499786606,1
Tom from Sales,76561198015517552,9
wevan3780,76561199750986637,1
Pshevskyi,76561199067312941,1
lemonzz,76561197988879102,6
Lisha Brick Rigs,76561199703242589,1
skrufakafatherjack,76561199582836043,1
overfloat,76561197990114468,1
end,76561199244642605,1
random,76561199439199665,4
DragonBoy2172,76561199447103954,1
Bob✪,76561199223322522,1
cyrus,76561199629207976,3
Big Bro,76561199566846572,5
brenkata22,76561199521696222,2
ottawaforever,76561198032210227,1
abraxian3,76561198091697605,2
mikhail,76561199106129400,4
brittani.dingess,76561199824760488,13
Userala228,76561199261003681,1
malamuted,76561199507034743,1
я Артем,76561199500329030,1
alik,76561199593614095,1
gyw048787,76561199879769523,1
泥给路打油,76561199501305640,2
ZXCVBNM,76561199881860106,1
TruckterBoy,76561199397709179,5
T867,76561199832556932,1
tb7032,76561199004568208,1
Grimbok,76561197972505175,4
Codename_Mohawk_,76561199116997318,1
f35,76561199331201486,3
Ur_NameHere,76561199344341495,2
Light_Gladiator,76561199071402878,3
Benek178,76561199277823266,1
Ross The Boss,76561199513249309,1
burtongamers,76561199104669427,1
oli.kowalski16,76561199865668280,4
cornholio,76561199812262545,3
tvtt7348,76561198085391199,1
anthony.rivera31,76561198779587614,5
Hershel Greene,76561199235688355,1
jaystrew,76561199196731402,2
modest,76561199217267895,2
Daredevil,76561199570733538,1
mrs.sarah.pirie,76561199486737059,1
oiiams,76561199328313178,1
narutoxiong707,76561199877962872,3
Mr Monaro,76561199202561135,2
Nuffynuff,76561198144820349,1
farmerguy43,76561199881379980,1
henrychickenlicken,76561198292089441,1
Courier six,76561198159337220,1
Runner112233,76561198801422039,1
Gibson883,76561198897019086,2
ReTrakNFS,76561199097131509,1
dislocated femur,76561199103804686,1
tate1123,76561199137384812,1
ninja_pixel,76561199201686811,1
Kr1k0so,76561199883758052,1
Antwand,76561199561987196,2
John HalfLife,76561199086557089,1
gridleyangie,76561199194569357,1
wild55rus3,76561199215602772,1
УМНЫЙ ЧЕЛОВЕК,76561199557062397,1
Capt_Hellcat,76561199799817572,1
belinda.1980,76561199873227394,1
beentv,76561198107721661,1
TAL-king,76561199119423607,1
Egorka,76561199510187640,4
Jesse_G2305,76561199780473671,4
mereucaruslan,76561199831526969,1
BH,76561198885742885,4
Hvppy,76561199380780582,1
baris2828282828,76561199086518050,1
triki4,76561199441489962,2
XIFantom_ru,76561199687057412,1
Cap1ng,76561199833283290,1
balls,76561198047547266,1
jvjoubert1,76561199634497083,1
ℍĔѮℍ__ǾМĔЦ,76561199350707208,1
Я,76561199523921787,1
𝖑𝖎𝖜𝖎𝖜𝖎,76561199843295902,12
SkyDemon,76561199078131964,1
miko45miko39,76561199835921654,3
Nastolgie,76561198983939891,2
MasonBoy2000,76561199559808564,2
haywire,76561199826533215,2
matthewzbuilda,76561199228176195,2
EthanEJ95,76561199198942074,1
Magicf0x1,76561199804820099,1
ShawnMurph15,76561199513826757,1
DUDICUS08,76561198090517229,2
Gooseplayz23,76561199826093440,1
Stjz739,76561198065903180,3
DeltaForce,76561199111066490,4
nathanb1532,76561199472701864,25
redstarleo,76561197999520759,4
nixonhouchin,76561199802601676,1
Rahaynes,76561198276200329,2
eldonaz1210,76561199445405804,8
binkus,76561198202778184,1
Spidermancan0370,76561198983055793,2
NorfolkSouthern1073,76561199498887602,1
skycaptain11000,76561199835684667,1
home,76561199006215462,4
fred,76561199071320554,1
micahdoran1,76561199453390453,2
Connor Zilisch,76561199228464740,2
Pawwficer Whiskers,76561198045874552,1
Bubba,76561199592313595,4
3amRex,76561199171003373,1
server hater 4000,76561199144738678,1
bean.,76561199245432662,1
FaTiHtheFireman,76561199137955960,1
BIGnumBerz,76561198386437504,8
TurboTrain15,76561199690422074,1
samuel10632,76561199072761753,1
hotdog,76561198859244577,3
fymalots,76561199003299590,2
cynthia.stangoni,76561199207411204,2
begerkbug,76561199325671244,1
YOBOY,76561199119010266,13
4lph4d4rkl10n,76561198790420576,2
NicholasC,76561198821252790,1
yumidesign75,76561199048150844,6
Twib,76561199102650780,1
karsonpedigo22,76561199484350943,1
greg,76561199040016428,2
Boxingshark5760,76561199235683988,1
Кларк Кент,76561198126608748,2
Fred,76561199150269619,4
ricky.onyon,76561199435712619,1
omneman,76561198782345518,1
травля,76561199404302619,1
HACIENDA,76561198148972440,2
stackswap®,76561198916925955,2
NoahA,76561199093868379,1
ak_gotyou,76561198081652649,4
FBIOpenUp5600,76561199747389733,1
xXChicKenXx,76561199203116952,9
盼盼,76561198006459554,1
bugi,76561199822366806,1
tracylvdouglas,76561199061368416,1
weinstein22,76561198773412888,1
BOBA52,76561199807987193,2
Tigger Guy,76561198325041409,1
robin0311,76561199476398257,11
blox,76561199270320195,1
xBRASSxBALLSx,76561199582348158,1
tires,76561199558178230,1
SZA-_-,76561199836058336,7
owen.beitzel,76561199773752574,9
LuckyOne,76561198038178432,2
LTopGames,76561199693100969,1
TheGoodman65,76561198960292568,3
lwhitfield826,76561199572558714,1
MrOwl,76561199077176091,1
Wild Richard,76561199811568112,2
mamsnrhbr chehfde in,76561199109765475,1
turkeyBacon,76561198369883346,1
E_A3032,76561199755486231,1
Disco,76561199366246739,1
biggyngurung11,76561199178929566,1
hendrickson85,76561199811627854,4
doglover735,76561198830593173,1
TheDutch_Soldier,76561199811767330,5
maneici,76561199633373776,2
will.bs720,76561199041579524,1
tankerenjoyer,76561199228332391,5
SuperHeroHenry,76561198348408676,1
Music_box,76561198842901707,2
Tronmarine,76561198842560357,2
Eldante,76561198386481176,1
loganadriel413,76561199477031438,5
r_garner3,76561199049021992,4
Ani,76561198799605190,1
Elnoahnoah1,76561199446414792,2
XmanXavi_NOYT,76561199117508848,1
MrsFoxi,76561199524129765,1
Cmarik,76561198283481930,2
chebupeli,76561199055310993,2
лысый череп,76561199426345412,1
Frozen,76561199517879996,1
PRO100PRO,76561198121707321,1
burger fry give it a,76561198130483507,1
JACK_VODOGREY_SV,76561198375781780,1
Abudabi,76561199075913447,3
Shadow,76561199796406595,2
Rasley,76561198117328817,4
Fin2fast,76561199850711204,1
education,76561197979058959,3
TrueXenonautTopBrass,76561198958930177,1
chill,76561199229424429,1
Grach,76561199186233244,2
Xyligan |,76561199198437519,1
vikagmnjk2712,76561199764596002,2
Maicon786,76561199495721839,2
Dr0VоSEk,76561199689010835,5
Разери,76561199170333244,3
MathNinja16,76561198790343352,3
emerichstephens,76561199270901559,2
superplays14,76561199097443187,1
Mynameisbobandilikeb,76561199029679166,2
CanSlavo,76561198450136329,5
SkyframeTech152,76561199556558993,2
Wowz,76561199073066335,1
TheBoss55,76561199787799872,1
borleoxo,76561199737816214,2
lusinekostanyan23,76561199873193343,1
sjttvgaming,76561199146035597,1
duckLORDthe1rst,76561199250039307,2
loribethadams,76561199835880892,1
miklo707,76561199557992803,4
outsideAgameR,76561199259214892,1
stalker,76561199802842779,1
sirmitchalot1,76561199466516322,1
kblloyd9,76561199871789772,9
RoboRake,76561199835166844,7
zach53224,76561199706022428,1
HealTeamSix,76561198016861435,1
чупис,76561198219333817,1
flecfoerser,76561199037523750,1
spring Bonnie,76561199807046295,2
BADAIM4EVR,76561199811869887,1
aikau,76561199429245365,1
MARK.BRO.,76561199571816912,1
Hi_jin ri tui china,76561199817196994,3
tomik2,76561198224396960,1
Spiderus,76561198800071682,1
I AM CRAZY,76561199083305553,3
Lakur,76561199452128599,2
FerdinatorEINSEINS!,76561199419409020,2
nmdeguara,76561199390744529,3
urusskii,76561198305006925,1
Bartek złodziej,76561198770592067,1
Il Turgido,76561198854181649,2
Паяльник в Жопу,76561198328772311,1
lev4ik,76561199705929065,3
Ramos,76561199679986913,1
PUZO,76561198786989891,5
zapupisya,76561198784672693,1
76561199150520225,76561199150520225,1
pipiska,76561199580811439,1
боевая свинья,76561199438221442,1
jonijon,76561198274141050,1
яростный пердун,76561199149908598,3
Rapadudl,76561199013029914,3
MikeyWazowski18,76561199811383618,1
I HATE КАБАН,76561198420360941,1
berkdudeoflerpoo3000,76561198864470542,2
matvii,76561199523088531,3
cappy man the king,76561199095474009,1
IAMTHEGLAIVELORD,76561199070150412,2
4elovek2509,76561199151413070,1
belfaz7,76561199243410979,2
ニッキ,76561199657463198,1
eortimar25,76561199812528433,1
Zynzilla,76561199550038504,2
Western Forces of Am,76561199145401683,2
"Jao, o construtor",76561199228897668,1
profzig,76561199674483074,1
lkichman29,76561199803732188,4
brianjesso,76561198860625125,4
COOKIEMONSTERHAM10,76561199175655860,5
compramize1830,76561198788335613,1
logan98506,76561199713013993,1
mr.fish,76561199229775052,3
squimwart,76561199018019530,1
Joséso,76561199851271282,1
RaviolesConTuco,76561199113852900,2
FERB,76561199679680509,10
451466978,76561199878286653,3
kacperek_duszek,76561199232838086,1
Lentokonesuihkuturbi,76561199037521397,1
Evil Pear,76561199303465772,1
DuskyCreeper,76561199774128386,1
78910320,76561199724281699,3
Хитрый Еврей,76561199178506062,2
raymond.edwards2006,76561199175750637,2
Agarthian Man,76561199225321674,4
platonastafyev,76561199136116200,1
Chillguyszm,76561199258118309,6
soupcan,76561199809902409,2
grosch553,76561199211427228,1
Solitary,76561199146578351,2
Leon,76561199261092409,2
bloxer doxer,76561199152778169,1
Kyle_15,76561198963447104,2
kalladyn.faulkner,76561199064420952,2
tacos_de_perro777,76561199503218986,3
gavinhull128,76561199888976180,4
Roadblock,76561199009859295,1
FloppyJoe,76561197973049853,1
Echo,76561199585196458,1
jamesgamin,76561199589845837,7
< blank >,76561198416147770,1
King_Max2020,76561199217768468,1
DogeKing,76561198308421098,3
SpaceWolfYT,76561199030950198,1
KillBodies5811,76561198822996518,1
c.miller010,76561199609695697,1
happydude:D,76561199145568056,1
бъ.,76561198195911630,3
SillyGoose,76561199435687973,4
Cheesyplayz,76561199441958304,1
NinjasTaken,76561199812300606,1
Nikita771,76561199205797993,1
B0BWH331S0,76561199375496242,2
Straced,76561199442617867,1
AstroCreeper,76561199010268581,1
coso919,76561199154440971,6
Jay2funny,76561199513050854,1
Volatilix,76561198881135726,1
stuarts55racing,76561198124113012,1
Godzila,76561199729352205,1
reaper,76561198833082147,1
поедатель членов,76561199810987652,6
cooperhens73,76561199599736947,1
mark.danile,76561198783769255,1
Avi8ter Kitten,76561199121183936,1
eehian123,76561199259535764,1
P Y R O S G A M E S,76561199549263017,6
mc. man,76561199820330630,6
PABLO6,76561199763287753,2
fxizy,76561199438581181,2
DANGEON_MASTER,76561199682632791,3
DedZOVet,76561199806040515,1
SKYGAMING,76561199526289079,10
v2a5ksp52ley,76561199644410743,3
namkakot,76561199728968358,2
kasymtimur891,76561199861935003,2
Patrico,76561198101877625,1
hjmguf,76561199348673098,1
Luisgamercool23,76561198771904177,1
StarGazer,76561198011991208,15
that_Random_Aviation,76561199522279302,9
GETSOMERAMEN,76561199699400759,1
SGT. KILLHAWK,76561199276604209,1
rayeli424,76561199786616266,10
55icz,76561199144151495,2
BIG_potato,76561198298057827,2
norris_ra,76561199548281293,3
krakenmaker345,76561199811437650,1
Patrick,76561199193500042,3
Stummer360,76561199448162266,1
vitordallazen1,76561199486139766,6
ActiveAce,76561199855430405,2
heatherluvsean,76561199557002505,1
freezbiird,76561199627529904,2
Juan Estada,76561199440019281,10
Tiger,76561198109925889,4
mcolpitts,76561199087264971,2
trains,76561199752245502,1
Sod1ch,76561199509846457,2
Mbn1i3899HcoJ21kZ,76561198076382082,1
PieGuy2000,76561199802323870,1
Schiunaltijd,76561199121941669,2
semka2020zxc,76561198781181931,3
masterfunnkey,76561198076569084,4
无聊的一天,76561199637453872,1
kuchisabishii,76561199273597456,7
L4d2 Hunter Zombie,76561199002554376,1
Nooby,76561199590686874,1
tetianakachur78,76561199044070236,3
ytcaylamohr,76561198885345052,3
Krakow26,76561198189284295,6
Timothy,76561199582002039,1
Mikelpana,76561198204749909,1
Electronics Geek,76561198868885336,1
superkakish228,76561199570303755,1
JamalJackson,76561199062658777,4
sanenet,76561197979316031,2
theonetrueButterFing,76561199121976539,11
Абра Кадабра,76561199514583890,1
SuperConnor,76561198782571786,1
Wonderbuddy,76561198149202566,2
uzmat13,76561199226639747,2
violentwife815,76561199060245834,2
bar Tech,76561199252083987,2
Azuki,76561199350807762,1
Mr humble the sloth,76561199172352259,6
Pelmen,76561199169323227,1
margaretlessa,76561199063587131,2
Bruhtoons,76561198045125591,1
baconatordebator,76561198794675231,2
ВИКТОР КОРНЕ ДУБ,76561199197298870,4
mrakk_,76561199399399144,3
DREADNOUGHT,76561199252104043,2
PinkMaster,76561198042490915,1
Luke4007,76561199590434717,2
wazu27,76561198305089295,2
sigmabebra228,76561199814007836,1
Kin Kin,76561199387955655,1
daniel,76561199064677054,3
lock1916,76561199878318904,1
wingnuts13,76561199441077384,1
Mrjigglypuff4,76561199229468120,4
carterjelly1913,76561199768965752,2
cwdavis1510,76561199771035678,1
kennyboi13,76561199715484341,3
_TheOGNoodle_,76561199445422687,1
rthfitness,76561199414466787,1
Туз Черви,76561198813412158,3
Clever Jack,76561198398573071,11
Милана Хаметова,76561199327060376,5
KungFuPanda,76561199098314198,5
honzik.vesely,76561199765548441,1
EvilSodaDude,76561199613543759,1
tamborskic,76561198029723778,1
Настоящий Мох,76561199627199043,4
superGTV,76561199773933288,1
Tactical T-rex,76561199029268373,1
THE dragon,76561199231218718,1
senyaugrumov13,76561199858505418,2
LilEyeBoo,76561199087100441,1
lhadatto,76561198326395364,1
TheArtistKoopamin,76561198321738592,1
joel the random game,76561198918998350,1
s_skop17,76561199651410932,5
XxDuztyxX,76561199269894049,1
victoriahelenshields,76561199768959385,1
aceyv5 :),76561199765793585,1
The Medic Sto,76561199518247072,1
Болгарка,76561198800905368,2
rubyblue_8,76561198869598005,1
chekrizhka,76561199198498251,1
gnog,76561199100704786,1
Again,76561199389005464,1
Gruzin,76561199548123879,1
Mika,76561199661982481,1
Kit,76561198919398374,1
K.Men,76561199486923171,5
Bird_Buddy,76561199179775813,1
Pit,76561199811052165,1
vang,76561199548418679,1
M3L0 o Bala tensa,76561198351116790,1
ВЛАДЫКА ГЕЙСТВА,76561199558554922,3
bowdiedwards,76561199811660788,1
MrCaketrain,76561198975266112,3
Skibidi Sigma,76561199110834692,1
синяя тюрьма,76561198978033445,4
dalmansegundo,76561198071619281,1
zbow,76561199837429962,3
gerixa,76561199555159843,2
уебище,76561198872900417,3
demoman gaming,76561199821535655,4
tapchanskiu,76561199076216136,3
Because_nope,76561199008865983,1
{URKS},76561199886489274,2
3XT3RM1N4T3D,76561199045884082,4
Freaky apple,76561199239960820,2
bro2baby,76561199344427778,1
Destursuzkovboy,76561198325118027,1
DylanLikesNados,76561199498017009,3
nikopilon2015,76561199480198180,1
basspilo1977,76561199280136808,1
paulo7204,76561199859261564,1
acealannavarro6,76561198783628923,2
RobotRhino,76561199535546915,3
Coolguy8726,76561199024722246,2
Blane226,76561199811141214,4
iamspiderman,76561198396180790,5
olliebam14,76561199468804634,2
cperot75,76561199687633353,2
Sparsh,76561199453378102,1
fajniegramy,76561199121420615,2
DarkMatter,76561199202786812,5
xlynchx74,76561198887103706,3
jmcaruso4316,76561199630039462,1
jdlawrence104,76561198113351124,1
KrackleBarrel,76561199138745029,1
bugz,76561199350412787,2
𝓚𝓲𝓷𝓰𝓧𝓵𝓮𝓫,76561199538405136,7
[REDACTED],76561198327482827,1
LKI,76561198859815865,2
mmm,76561199582018213,1
ralphlewis774,76561198291777768,2
pikunas.kestutis,76561198127217849,1
raccooncic,76561198867422426,2
MikkeyEZ,76561198990711273,4
MR_dawg17,76561199782393280,1
Natural Stupidity,76561198806816475,2
Williamphil275,76561199383174268,5
Level Up Gaming,76561199168388473,1
loiz_XD1229382,76561199230641327,1
awesomeguyli20,76561199006277322,4
edrivero32,76561198768344699,1
-JPCurty007-,76561199011672618,8
soviet union,76561199229607281,3
jnich2001,76561199403581988,2
yunaspike,76561199176905343,1
Megumin,76561199064595176,2
Mrlux,76561199151217157,2
Dima,76561199214941741,1
"10,000 Hungry Horsef",76561198175151207,1
𝑺𝑺𝑺,76561199165275999,1
21_Snipers,76561199080651399,1
Vovan,76561199822073316,2
Cuirassier,76561199048505076,1
etexter,76561197970728550,2
zvargo,76561198024942381,1
GOOFYCARROT28,76561199860036891,6
axolotl_D,76561199296838048,5
Oven,76561198063230952,1
LukEDuk37,76561198971478507,2
Autism,76561199837247527,1
fort man,76561199409948245,7
GhostPepperRanch,76561199818720366,1
stealthsquatch7,76561199648693738,1
Fernando,76561199730349785,12
little_yikes,76561199643982793,3
Danish_Unit,76561199101281255,1
zebdivittorio,76561199539753388,1
Archapelagos,76561199246426217,2
knollj10,76561198869532456,1
nig2aotsos,76561199776022505,1
blaine11bam,76561199753649116,4
josephlopez335586,76561199446845806,1
Phat Peenar,76561199109738046,3
:),76561199075710357,2
Chad Thundercock,76561199045893353,3
killerelf744,76561199236686930,1
Shrakes,76561199781342673,1
galaxy,76561199417048935,1
BOBYBROWNIE,76561199455929945,3
Uno,76561199823487286,1
Mixo,76561198159083504,1
пивной бочонок 328,76561199839888302,2
the chill gamer,76561199136945731,1
plxzma,76561199122121744,1
DashennRex,76561199454616727,3
Pyro,76561199108088516,1
ameerh13,76561199586436925,1
BadFurDay1973,76561198867834994,5
DoriannTheFox,76561199055428402,2
kozat,76561199821094930,8
joahlehmen1,76561199741525746,6
Harambe,76561199389690956,1
tommygrobbo1,76561199596884798,2
fmartine010,76561199239336172,2
unavailable,76561198425293440,2
jessicalsmart,76561198771548095,4
rlfich93/SPINOGOD,76561199304993163,1
GamerJJ2014,76561199060841100,2
Death,76561199315257931,1
lil bean 89,76561198309950236,2
orioz94,76561198983353949,3
vicho01,76561199010901493,1
brybry522,76561199104910926,2
FAMOUS WINNER,76561198398385587,1
ManKEy,76561199679006051,1
Pear,76561199855865143,2
Among,76561199840989457,7
neitboi,76561199383362389,1
ritatapina,76561199335254292,1
dmtrsalikov,76561199162369682,2
dusbrlz,76561198992629322,3
skrut_krut,76561199697065339,6
Rostik,76561199872116106,1
Rom4ik&Гуль,76561199062857107,4
Levond09,76561199059397878,2
Император попуск,76561199635241792,1
idontlikemexico,76561199552256695,1
Grim reaper,76561199542731762,1
HasPetTree,76561199473239441,1
Zamkrat,76561199733318850,1
джесси пинкман,76561198439990866,1
Interprise,76561198176769371,1
RIZZE,76561198876967545,1
анальный террор,76561199841070853,1
Dave,76561199105432251,3
Памперс,76561199804412288,1
неразвиваемый,76561199791270520,2
Путин,76561199491105658,1
MINI GOOSE,76561199233722760,3
Friendly,76561199532552239,1
mr beats,76561199198129273,3
Gus,76561199032071787,3
ItzTcalt,76561199591364109,2
skylezz,76561199444233262,2
beluga,76561198894813864,1
supermallowball,76561199592304919,1
joel6903,76561199143400506,2
Demarcus Gray,76561199832288397,1
DragonBurgerGaming,76561198288308541,1
M16T,76561199219974075,1
1Mrkalebeans42,76561198259282538,1
the.real.ace,76561199791109377,3
Darkknight1209980,76561199568288392,1
Entropy,76561199750572524,4
Churchill,76561199828548925,1
веселый червячок,76561199831251944,1
Халяль,76561199587717021,1
zombirulez,76561198777033674,1
MITYA24k,76561199542582308,1
nest89,76561197989203680,4
Кто я,76561199510770273,1
patt17patt,76561198767679151,1
WAROVICH,76561199260352183,1
piratepieces,76561198974090125,1
JAPA_HACK...,76561199530427963,1
govnoalderd,76561198769233389,5
Intel Core 2 Duo CPU,76561199424719076,2
Майонезный шлепо,76561199651377083,5
Brokik,76561198296387877,2
Quickshank505,76561199491903439,1
.R3D3X.,76561199157564124,1
YourLocalFailure,76561198450594998,2
TankZlayer,76561199682693771,1
GamerMoose911,76561198778603478,1
LaneAviation34L_YT,76561198243121632,3
hardyboy1377,76561199159751640,1
^ Glitchy ^,76561199197039180,4
rayDJ.,76561198119216146,3
Yatoro Prime,76561199530662649,2
troll,76561199217323774,1
fierce buzz,76561199386574895,3
robo1can4,76561199861634434,8
gigiejacks2023,76561199832948366,1
jmandawe,76561198865285736,1
GHOST RIDER,76561199755839554,1
mmforge,76561199652932595,1
PizDorost,76561198235509016,2
Sourapplecakes,76561199566455529,1
JakeTheGamer,76561199095280877,1
khovaros,76561198015299514,3
America45,76561199811943324,3
epiamiolidoca,76561198080026283,1
77777comp,76561198030028150,2
Egor17850,76561199730998867,3
мой хозяин,76561199578016927,2
Supernova,76561198035415650,3
Пивчанский.Top,76561199740443879,2
𝔰𝔬𝔩𝔬 ❤,76561199476907942,1
mikhail.yershov.05,76561199778087188,1
catbtch4lyfe,76561199380900017,1
aiden_gubby,76561199866529843,3
MIKROCYPEK,76561199558960706,2
GhostFace,76561198351185506,1
mramor no ne cherry,76561199876888712,1
Korb912,76561199198668566,1
THUNDER,76561199580456594,1
Doodle Mcfart,76561199226677036,3
Deanomaximus,76561199229414460,1
gabriellak232,76561199272878877,2
VIPER45672,76561199249880747,3
cheeseman,76561199367550891,1
bhbowman80,76561199836043826,2
dromano20,76561198412377626,1
rachajordan,76561199822558410,2
КАМАРИК,76561199067677325,2
[CROWNS] Potato,76561198292409716,2
угонка угоняйка,76561199197429099,1
aнaльный глиномес,76561199199365553,2
Jakov🎄,76561199536182490,1
Towarzysz_Ivan,76561199525202613,2
木子,76561198262730346,1
blackwellcole,76561199889938810,26
ultragamer123,76561199444128436,3
coolguy876,76561199619197785,1
coyan_william,76561199869078789,6
95%Cardboard,76561199366462622,1
todbx,76561199131416665,1
RIFLESLIDE,76561199092917074,4
boogerhunter2468,76561199700349303,2
Véxtra,76561199225636169,1
jetomblin,76561198092555633,1
JOE,76561199054049625,3
jedeckert02,76561198787594126,1
Odie Arbuckle,76561198389982132,1
Tap_ok,76561199510155767,2
giga toilet,76561199063822241,1
Ar1em4ik88,76561199478247884,1
BEGULA,76561199872834126,1
albertovich34,76561198159594002,8
_VIP_RUSSIAN_MAN_,76561199587338212,1
mr0888,76561199021541240,3
xgraybanex,76561198045015636,2
liamc.daniel2011,76561199645180117,5
Snake,76561198192812229,2
The Bear,76561199066136178,1
Puglif3210,76561198988606698,1
"CPL, Adrian G",76561199043618767,1
Monkey on da phone,76561197970730138,2
килька в соусе,76561199784592812,2
Just a Random Guy,76561199482726947,1
BandZ,76561199066318211,2
KETSTRIKE,76561199526615708,1
ChestPain,76561198013910554,4
kamdyn140,76561199807508728,1
JoGurt,76561199029015558,1
zebnred,76561199117937932,4
titan1006g,76561198770944211,1
omer.barut1,76561199412509881,2
goosemanha,76561198869055175,1
JimmyJohn1,76561199567368214,1
funt_frunt,76561199556344875,5
Ol1x,76561198841885011,1
SwLan,76561198126931736,4
bill_213,76561199370897043,2
Jd876,76561198059076320,1
king,76561199472674329,1
burrito eater,76561199801709880,5
SlushyBoi08,76561199387215425,2
red jolly rancher,76561198975365387,1
floppawarrior,76561198203858181,1
youngmason1913,76561199535581153,1
michelleriddle97,76561199589384070,7
PirateManEli,76561199448023458,1
wybeezer,76561199641641877,1
UrMum,76561199536209819,15
🔰Yomiko-129,76561199015893133,1
TacoCity,76561199053961737,2
hydrabob2012,76561198886152109,1
SkullsDaShark,76561199811771594,1
GroovierRat,76561199012747321,5
doom slayer,76561199657685383,1
Mikhailchervonev,76561198135102906,1
HikingRaptor441,76561199219221089,1
Techmonkey,76561198027404767,1
Boring_Username,76561199841148952,1
Tristan,76561198776801600,1
C4driven22,76561199079025363,1
cameron.hansen2010,76561199721475350,1
vancethepup,76561199811478185,2
AVxRogue,76561199880411565,1
askdoherty,76561199808058263,1
SheepLord,76561199323824114,1
An Intel ® Core I9 ®,76561198312698251,3
kacper,76561199766740332,1
barvel,76561199736603918,6
The_Judge,76561199142579287,2
80岁豹纹老登（纯欲版）,76561198135885376,2
DyrachYO,76561199129096074,1
Divinegull,76561199126013986,1
☆*:.｡.ŠҺ𝐚𝕕𝚘ώ𝕣,76561199630901857,1
zoik37maxpro,76561199228633765,2
FAANTOM,76561199157839954,1
ryder,76561198892056160,1
vaxerta,76561199223940498,2
Elicrazy36,76561199226092543,1
Becks,76561199619664561,1
RogerMaris9,76561199066345237,1
Frostic,76561199211861510,3
juniormunoz311,76561199455820182,1
Ironhide854,76561199185569078,1
kappanc1997,76561199880825125,1
DanielPlaysYT,76561199531296252,1
maggithoriss,76561199238904425,1
WarDoodleLOL,76561199589191167,1
mdbh9356,76561199754534931,1
Rarelyplay,76561198048735315,3
Rhys,76561199468177404,1
super.xander,76561199119499334,1
smduncanschool,76561198879332964,1
adaan.ali00004,76561199693644663,1
BoyGmoney,76561199091876363,1
bm747065,76561199510002517,3
MasonandGigi,76561199037639140,2
BoltActionSeal,76561199709642542,1
𝐊𝐑𝐀𝐒𝐇,76561198940245254,3
wee_goober,76561199588414310,1
i like destruction,76561199182746212,2
paradi95,76561199041706148,1
kacz0szka_PL_CS2.ME,76561198791935058,1
euphoria,76561198837395727,2
тайно дёрнуть,76561199803172737,6
harlaus,76561198841122650,3
NutellaNBread,76561199409219195,2
negrpromax,76561199827558614,1
nuclear reactor,76561198879894703,1
Snicklebooty,76561198047244646,2
MAHITA,76561199532093033,1
nixonclark417,76561199885224315,2
SKYLINE AVIATION - U,76561198939954068,1
Crabbypack,76561199102197936,2
gilbert,76561199454452231,1
SagittaryArcher,76561198245058558,3
beccaboo3447,76561199147277230,2
NoNaCl,76561198025186541,1
Cyberstorm,76561199110672476,5
AbsurdSoap25,76561199803231116,4
Harrison,76561199038773035,2
18jodhsingh,76561199869405949,1
scottylad,76561199579682393,1
Grimathy,76561199219808012,1
chris da hacker,76561199184024302,2
Maelpouf537,76561198973883099,2
BOB,76561199812515920,1
Madmax,76561199819739960,1
Bendy,76561198843779321,1
LuckyDuck0908,76561198893496981,1
Mr. Krabs,76561198308969233,1
redlac,76561198838860412,2
Andu,76561199451616450,2
(ST)BANDERA,76561199637956376,2
[мяу] монолит,76561199748266552,1
The_Hunix,76561199130121439,1
лягушка квакушка,76561199436049990,3
karabangar,76561199817259758,1
Alien,76561199670376356,2
xanax,76561199469207660,2
DUESENTRIEBWERK,76561199162860964,2
Onyx/LUP0CIDΞ,76561199119689756,1
Квадробочка,76561199092746677,1
XJlEb,76561199415609427,1
wynstonzhe0800,76561199861181652,2
Petarda,76561199217310942,1
Nightf4ll,76561199803268269,4
m-youngs,76561198021244522,1
Thepoosh,76561198441217781,1
deko,76561199834061683,1
HRC417,76561199120713421,1
Chicken4912,76561199217873569,5
tj.colby,76561199672338186,2
heyseagull,76561199124296204,9
WizarnZeGreat,76561198795168268,1
🎄IIauTuB1 :D🎄,76561199510435993,4
flamenpanzer,76561199570957007,3
nekomapsik,76561199857008660,17
FOREVR,76561199241437435,8
𓆩✧︎𓆪Tech𓆩✧︎𓆪,76561199122088696,2
vasily78789,76561199428412147,2
бегемот,76561199619061172,1
1law2,76561199480707680,1
bielu1970,76561198051871105,1
Shaltay_boltay,76561199042716430,1
+_HEROBRAYAN_+,76561199121349599,4
pups6419,76561199812596193,2
sambooooosa,76561199330338848,5
BBPug,76561198819220557,1
DylanTPizza,76561199644144718,2
CheeseMan,76561198841681269,1
CT53,76561199206787948,1
jermanf78,76561198832347854,1
TOMMIO4,76561199388341758,1
AnAngryWIZARD,76561199752365708,1
Mr_Glowys,76561199467177218,2
Strikeforce,76561199072320388,7
AGENTGABENA,76561199107273683,7
thefrostedshow,76561199614439041,6
qhendrich,76561199649450770,1
thompsonpete73,76561199415976793,2
*****wimpy,76561199122744848,2
YungCoLa,76561199798182611,1
Epicfrogg101,76561199157909367,1
SushiEvan5,76561199681958435,1
scoob en la pasta,76561199063703569,1
Certain,76561199078391845,2
Goober54,76561198065546506,2
E3ubiquitinligase,76561198285359869,5
Z_Truck,76561199581398103,1
cooler_man234,76561199447383652,1
Zeekemyster,76561199229034565,1
gisellaramos88,76561199745630902,3
Co$mic_0r3os,76561199190635147,1
Pvt. A. Gazner [5th ,76561199013980832,4
Garon,76561199791286308,2
intellecto09,76561199095322019,1
TopHatMan6890,76561198074697927,1
Pbuddy,76561198043086794,1
EX1TRUS,76561199821529724,8
shovelguy,76561199483651105,1
george droid,76561199588134257,1
картман,76561199483058617,3
gamermedina03,76561198773419439,1
чтозакотлыгенера,76561198332171365,1
Mr. Mono,76561199191357933,4
d1mple,76561198856906379,1
coderricci,76561199050951826,1
Dabatheboss,76561199749815349,4
aprilhpost,76561199612658605,4
SepticFROST,76561198965394451,2
frolovusa4,76561199442597970,1
Maximus V Gaming,76561199081916821,1
yasha & katya,76561199438980165,3
LPCAP1401,76561199031966214,3
Tex,76561198854193661,1
bradleyj.taylor13,76561199813364631,3
Mufflens,76561199188472754,2
water_volcano,76561199868341642,1
auguststeam,76561199857834291,1
CeeJay,76561198339836502,1
SCUFFED,76561199732273326,2
Mr.Mechanic,76561199015490958,3
Scrxggs,76561199071810005,1
Dee-o,76561199190164631,1
AnLMSengine,76561199532667919,2
Albert,76561199145849558,1
TenwithmilkUlitra,76561199882555283,12
Epsilon,76561199588565114,2
purpleguy9866,76561199843300628,1
【UNRT】xllzjz,76561199161266209,1
PilotMaster Mitchell,76561199605083835,1
Den,76561199124989555,4
nicoanand46,76561199653658853,1
CiLaH4ik,76561199202885656,1
Auss,76561199145790775,5
decibel,76561199018068535,1
Atlas,76561199093345426,5
FallenDeath,76561199175719389,1
C.k_6gg,76561198401100197,2
QueueZeZ,76561198266078677,1
yar.sofr,76561199782921669,6
vafiar,76561199157707938,4
verdoncult21,76561199638591783,3
chaz_hacker,76561197973232252,2
zioN,76561197983637537,1
NuclearBuckshot,76561198972398413,2
IpswichBlues,76561198008418178,1
N,76561199650378706,1
ZeroTwo,76561199702939705,1
UNSC Snip3r,76561198272172135,2
spear,76561199663261354,1
rhonalofton2014,76561199872061835,1
existsociety,76561199138011313,7
Abraham Lincoln,76561199151207004,3
summar70,76561198081278366,1
mizu,76561198876720383,3
strikerbop,76561199232773733,1
nebraskanoperator,76561199499866113,1
Koaz,76561199230545101,1
big_gav,76561199126340758,1
medvedev.bogdan2012,76561198767416497,1
Engineer_Gaming,76561199137690842,1
bobgen111,76561199402313787,1
kollyxu,76561199144179136,2
creycreyna,76561199114481357,1
maksimutka,76561198778347815,1
[ffea00]weirddude367,76561199631098560,2
Mr_Shmear,76561199012868424,3
mrsirdd2006,76561198841105236,4
dawn,76561199071429732,1
H4ckenJ4ke,76561198800469451,2
jbuerger9791,76561198178510747,1
amandagc76,76561199132159539,7
aidanxnguyen,76561199676654306,1
godzillakiller11,76561199445361688,1
Peakling,76561199379477293,1
『PEE』,76561199467011444,2
Pvt. Parts,76561198988073980,1
JDM,76561199620366342,1
blessed,76561199467023194,1
Endkiller317,76561198766130401,1
♥ Pokey ♥,76561199043602985,1
Grilled_Fried_Eg,76561199094039572,1
Pan_Smietanka,76561198015272512,2
killboy333,76561198083235675,2
Captainjackbob,76561199830871612,2
DustieYT,76561199186675218,2
ezstriden,76561199564000729,1
megapippilongstockin,76561198772496744,1
krnglvr,76561198988927196,1
souldoubt1,76561199077433189,4
Pan,76561199073109669,3
Astilla_ry,76561199098385470,1
Doggonit25,76561199468046163,1
rocky guy,76561199245260545,1
dinodude1867,76561199860660230,1
TheFrostiestNova,76561198256755030,1
AWATAR нечтожество,76561199476165180,1
trooper,76561198337157097,1
k_10_krzysiek,76561199120220026,1
lucent,76561197996334213,1
theri,76561199104088770,1
Apeslayer,76561198290556210,1
lauramayhew104,76561199527321486,2
𝙏𝙖𝙘𝙝𝙖𝙣𝙠𝙖,76561198880779530,2
𝕄𝔸ℕ𝕋𝕀𝕏,76561199653756671,1
pilot,76561199843229717,1
ma$ fuerte,76561198087652589,1
Bubba Squatch,76561198447165911,2
minecraftbidder587,76561199780235935,2
Fazev,76561199469383567,1
PewPewMaster,76561198210899589,5
Leeves9186,76561199831063279,1
Dr. Alto Clef,76561199036639837,4
bnatasha8733,76561199201235860,1
AruThatCutie,76561199580186870,1
marksweetman,76561199239259361,1
hatolivar,76561199570575522,1
Банка,76561198776548551,1
littlebikelevi,76561199560158290,1
mbeazel,76561198316553562,1
newt,76561198410672494,1
Coltz_08,76561199464397819,1
SSizzors_7319,76561199756458679,1
CH0SN4gr8ness27,76561199873751884,3
BallBusterBen,76561198111978787,1
sodabepis,76561199510199756,1
LT_Corsa,76561198816777972,2
bradyc2011,76561199443535988,2
VladMIr,76561198992345062,1
Davis,76561198801533911,5
nokia,76561199671610990,1
liam.b_123,76561199588439122,1
microwave_mann02,76561199001086306,1
GamerOn97,76561198413245706,1
Hijinxx,76561198991112964,5
FellowBaguette,76561198764729200,7
雑草が大好きです,76561199659601784,1
_P_T_I_4_K_A_,76561199234734713,1
F-22 Raptor,76561199152846464,2
Bradleywinz,76561199136964389,1
🎄 🎀 𝓐𝓘𝓓 🎀 🎄,76561199468939914,1
zigamett,76561199470376031,2
DrZotro,76561197960949405,4
monet829.mj,76561199514611790,1
pgumm121,76561199565626966,1
Wilyoudie,76561198262890702,4
organizetampa,76561199635018478,1
Medkit,76561199814012594,1
megcat26,76561199056744240,1
qnbian,76561198216379455,1
mamer01,76561199580415532,1
boi,76561199588497191,1
Skelo,76561199101618165,1
🎄 President NightNi,76561199376083845,3
potat5o341,76561199805574264,1
^3 EZ,76561198017425862,1
kis484834,76561199792062828,1
eichwo,76561198419889697,1
Xomyachok_s_pylemeto,76561199446543108,2
kasper,76561198173374090,1
BOBYBOUCHER,76561198090751923,3
Oneeyedbager,76561198859063670,1
michelegibson09,76561199861810299,1
Homstr,76561198358491202,1
MrKaiser,76561199387335116,2
omak,76561198334407521,11
darkar6355,76561199109523356,3
torrus007,76561197960420112,1
hellfly1210,76561199092801621,1
duncan.o.wicker™,76561199450426408,1
Фуфелшмитц,76561199528338665,1
Wenis,76561198272735521,2
clayrog789,76561199379822231,2
Crash_N_Burn3,76561198084270908,1
bigmin,76561198794783776,1
nevaznomelkij555,76561199851180182,1
паранойя,76561199307264944,1
FURRY МИШКА ФНИФНЕР,76561199160201866,2
maxymillion14,76561199853548615,1
cubeboi,76561199811949450,1
CAL3GO,76561199770472091,3
Steinor,76561198861035433,6
AT-AT,76561199828766144,11
MikroMolekula,76561199130624450,1
saliva,76561199593471153,2
Raptor,76561199379676257,1
santerio1109,76561199146892505,1
cpastranajr,76561199259886794,2
гавноеМ,76561199654089069,2
Sniperboii16,76561198437118650,1
lascelle,76561199146204495,1
amschallerjr,76561199539873464,2
jeaniskandar,76561199853060917,1
KnetriX,76561199137761315,1
mikesdirtbag,76561199407037997,2
Pixerrift,76561199367723894,1
dabasourus,76561199151402897,2
Theprogamerr723,76561199133051703,1
seams,76561199820277472,4
PYaHbIY_CTPAyC,76561199103713421,3
HamishTasman,76561198017538800,1
monchitogoal,76561199391820056,1
al83080,76561199207803046,1
Finlandball.Org,76561199116363982,2
TheAtomicMicrowave,76561198909591252,1
aricouwenberg,76561199585358006,1
nighthunter8612,76561199482141204,1
¹Ina¹,76561198914182643,1
CнеГурка,76561198135057785,1
Мухмалбек Хаджи,76561199673343136,1
qq,76561199608563838,2
roman_melnik_202,76561199659750829,1
milajsh,76561199388196291,2
ansel.leach,76561199125956021,1
PEPSI4EK,76561199015627952,2
MRgood,76561199698255826,3
Itslxndxn,76561199159633709,4
Enderbot,76561197972695140,1
༺Sͥamͣuͫrai༻,76561199147753795,1
Chubby_dady,76561199248076874,1
aarlop2010,76561199455879105,4
4lonso_8899,76561199558679687,2
Terrible Terry,76561198871715637,3
rcicrim244,76561199809146428,4
bentley0101_55,76561199319707514,1
aeb777,76561199228707287,1
mrroningrey,76561199382771196,6
lbuchanan64,76561199593134573,1
Myrkanos,76561198836720746,1
sandersandrue1,76561198780904402,1
11111,76561199453537222,5
maxwelldichiara,76561199045795418,1
Nice91,76561199656929714,1
PhatomHunter,76561199087821333,2
Soup,76561198798955443,2
sirsnipes887,76561198055076539,4
RickyBobbie14,76561198364615021,2
beerich6,76561199531199889,2
torin2118,76561199601523852,1
justinelkind,76561199380992123,5
crease,76561198985009179,2
erikleif2013,76561199672681964,2
a_kalita,76561198058459611,3
Sour Kraut,76561199174976574,2
КняZz,76561199566855160,1
Ze Commander Luther,76561199219146107,1
DEXTER MORGAN,76561199608475027,3
Андрей Чикатило,76561199770218888,3
Th3_Un1t1,76561199066653373,1
pityx_333,76561199568564665,1
amproreal3am,76561199123317001,2
fantom_legion,76561197970516208,2
Talib Muhammad,76561199234067980,1
noDrilKa,76561199827786746,2
Tsar,76561199466715731,1
BootlegVEVO,76561198857850601,1
CowboyWest10,76561199354013908,1
Ranger,76561199121960609,1
jdubnj15,76561199585059640,4
davidmangini28,76561198202784356,2
turtleslayer6666,76561199259975911,2
Lightning_Strike,76561199443031098,1
waterbottle,76561199015594558,1
CHUCKY T,76561199728166084,1
Pontifex,76561198007870023,1
BelugaAirlines,76561199357395670,1
jake.boelter,76561198124464716,2
NahBruh,76561199164446792,2
efab,76561199638880507,1
Frankiwi,76561199063442825,2
riecomokike,76561199833172666,1
Mightydog705,76561198769801696,3
zenichols,76561199094496994,2
camboy1010!,76561198839216957,3
pizzasauce415,76561199229569499,3
FastTurtle_29,76561199620370090,2
Terry,76561199230192281,1
Dolbaeb112233,76561199883639064,2
♡◇Killo◇♡,76561199617876022,1
WAR IS WAR,76561198371292745,1
Xcalibr,76561198453573359,1
Казах,76561199123645570,1
FencerAtPointBlank,76561198997881614,1
Eli,76561199680962391,6
Astro_not,76561199210842872,1
CarlSpackler5982,76561199496277104,1
MonsieurBatz,76561199852997406,1
mr Dab,76561199083770672,1
mickharp00,76561198102344391,2
babazga,76561199010463611,1
vladivkas,76561199623406389,3
oliverhrausch,76561199222747901,1
Haloman,76561198795393027,6
er571,76561198316174186,2
GT2TURBO,76561199382570882,2
WildBaBak,76561198878925883,1
DrDough2360,76561199500840290,2
AIDoingItRight,76561198066650410,1
pllewis101,76561199476923756,1
𓆩M̷ɍ.W̷ⱥ̷g̷n̷e̷ɍ̷,76561199807829953,1
Squid,76561199122615269,4
tooveygraeson,76561199861877959,2
peaceandlove.et,76561199804660619,3
loganbarney55,76561199860400868,1
chrispykae88,76561199829747707,1
Pop,76561199465930283,1
Tabigboy,76561199114118654,2
redtail75,76561199563026056,1
Ice!,76561199852020905,1
green010316,76561199812503231,5
Boomcat67,76561198790271060,1
KOROL SOBAK,76561199794393419,3
PlayerWon11,76561198823942737,1
dabois882,76561199512963315,2
DLew,76561199111012653,1
Maxwell,76561199640447649,1
Aydstheaids,76561199062681376,1
Slava,76561199787943818,1
Gunsilencer5,76561198847465023,1
topwallgaming,76561198215464331,2
Sunny,76561199668133203,2
SEN_TFG,76561199525519016,1
jonasurban1704,76561199833250919,1
Zakon_^),76561198104270359,1
sensin-r,76561199048410994,1
[RAVT]𝕽𝖝𝖘𝖕𝖊𝖈,76561199802988190,1
ЗАЗУДЕНИ,76561198787245624,1
masikyougey,76561199867961406,1
Beermixa,76561198367208304,1
egggggg,76561199794490540,1
flam2005,76561199665722930,5
QVBQVLK,76561199075430994,1
TheBootyBlower,76561199078914825,4
Kungleo12,76561198793498894,1
Sphyro24,76561199205210986,1
Arrova,76561199227268470,3
mauredpanzermaus,76561199588774254,2
shckorckin,76561198357825016,2
Hot.Dog,76561199061378095,1
LadiesMan217,76561199456850484,1
Pleiadian,76561197972552393,1
blazer2k,76561199596551855,1
признаный побежд,76561199417097197,2
W1End,76561199384358345,1
король лоутаба,76561199547401428,1
Tax Collector,76561199653721751,2
Ender gamer 20208,76561199063869868,1
Subnormix,76561198298364884,2
vladimirthiago06,76561199171755977,4
ROYAL,76561199103701603,2
Alpine,76561199149347071,4
Yankö_Yankö,76561199121714975,3
lsdnrd,76561199872098801,1
Mr_Hlebushek,76561199742882344,3
rcspidermonkey,76561199483241814,2
Fishbait,76561199483732269,1
kalsgaming5,76561198789243059,1
Boomer,76561199102824314,2
Aviator,76561199804278892,1
Democracy Leader,76561199636037881,4
aard228,76561199134473331,1
elseabrian,76561199839567127,1
roscoe531,76561199581117613,2
keithdaysaway,76561199224855545,2
02/TheOGgamer,76561198826901354,1
Arctic_Winds,76561199127805251,2
rayden.knell,76561199856374606,1
Thesharpypen,76561198262549896,2
ДИРЕКТОР,76561199483297841,1
Madam Outlaw,76561199092521073,2
Scuba Man385,76561199390097563,1
Fant7,76561198128869499,2
Vampiermaster2,76561199182965267,3
piotr.koscielniak3,76561199402537470,1
nakoavcovarrubias,76561199593395989,1
-saVaiden22,76561198027547828,1
Gamersaurus,76561198787393542,2
rosebud76,76561199806790125,1
King Kendal,76561199056426734,1
Daegor,76561198189017482,2
55leonahawkins,76561198764927517,2
marine165,76561198031657360,1
Ianfran,76561198114288649,1
DinoGun236,76561199825685295,1
BARS1K,76561199694757622,1
duduzin.erick,76561199810065319,1
Rauschmi,76561198029903855,1
jfog412,76561199530953134,1
starninja6,76561199798353021,2
arjones2005,76561199449939509,2
vasilenco,76561199227307822,3
Bertrand du Guesclin,76561198054560142,1
xavierflight3,76561198767736902,1
Remkowski,76561199633640437,1
brokefire,76561199507811904,6
fafofs,76561199471890356,1
builderninja7663,76561198763868288,2
HolaWood,76561199843722585,2
HistoryGuy1944,76561199004989445,1
LEGO,76561199794926550,1
GAMEOUT537YT,76561199535515772,2
Prophet Some Guy,76561198036132191,1
theriotgarrett,76561199397838261,1
lil caprison,76561198872935946,5
panzer_k9,76561197964919705,4
oreo,76561198879807876,4
Smartmaniac2,76561199100392960,1
YMX||Best,76561199085003601,1
micahvictorian337,76561199855739331,1
Bussabuss84,76561199727744632,1
Лошпед,76561199213471675,2
eeli.vuolle,76561199176677077,1
xTIPSYYYx,76561199427394322,3
The_Throngeler,76561199805894199,1
Bread Fish,76561198173500210,1
bogdan27022003,76561199389244349,7
gravatt.jack,76561198794099953,1
TheBestOfGrifins,76561198332243238,2
Turbo0r30,76561199816212620,1
cr8yon41,76561199890972536,2
KNTholeshot,76561199190634274,1
Remidog4855,76561198788697264,4
barankinmisa04,76561199586802427,2
Big Rig Brick Rig Bl,76561197967741671,3
2PENNY,76561198425134378,2
yoinky,76561199129571050,2
Something Creative,76561199188660816,1
AnyGeorgian,76561198334103262,1
Newbie,76561199805347528,1
Kiev_Guitarist,76561199125119174,5
noah thomas,76561199440969598,4
Turble,76561199747921232,1
Paper Frog,76561199402253583,6
JCplayer1,76561199806634182,1
Thecolt10,76561199032080938,1
mari4ek,76561199055919449,1
el men popo,76561199222579120,1
Voxxie,76561199427101888,5
ПРИБЕЙТЕ_ТАПКОМ_0_0,76561199047666151,1
Gamemaster3000,76561199548302823,4
i.agaryshev,76561199492577667,1
goofy_10years,76561199806850257,2
p2d2,76561198761778828,2
MedvedMedic,76561199058615333,1
🎄❄️Red1ska❄️🎄,76561199065592168,1
Шареногоевганий,76561199639715568,1
musik,76561199696856656,1
artema9115,76561199127453681,1
Chibility_Chuxx77,76561199370970207,2
kiber 777,76561199233071143,3
Mr.Glorb Blob,76561198350154899,2
Traffic3r,76561198958553528,1
Micro,76561199088552363,1
MelodiousOwl,76561198305501756,1
Veterok,76561199569784474,1
dima.malyshev2013,76561199489634516,1
Zombist09,76561199471160949,1
duaslu,76561199866387285,1
bullfrog0202,76561199186371317,1
little_giori,76561199757703962,1
FastGreenWings,76561199379299542,1
nelya.plotnikowa,76561199688265716,1
U-535 | Case | Det.,76561199060285340,1
MiniCaead,76561198796751710,1
qlalemar,76561198159936507,2
pão com ovo,76561199608544066,1
ThroatPunch87,76561199379178978,2
000064tim,76561199259792854,5
python,76561198103345986,2
Astronomyyttt,76561199022161377,1
gt,76561198170252966,1
stephianhensley,76561199805036353,1
CzArNy_DżAn,76561199803046448,1
scpagent337,76561199469024835,1
Major Cozmic,76561199589411660,1
John Sigma,76561198960562729,1
jediritta,76561198158093522,1
Agent Orange,76561199361201596,1
OneOddProton,76561199550032325,2
Shipwrecked10,76561199538511871,1
pateice,76561198050542002,2
BaconBoy,76561199589700394,1
zrobinson751,76561199012507817,1
4RealVibez,76561199609626550,1
GodGaming144,76561199238920457,1
PLEASE_NO,76561199512458405,1
Howlin_Wolf27,76561198213047143,2
Данил русский,76561199741449215,1
stttll,76561199662345639,1
umapyoid,76561199090023967,3
"N,E,O,N",76561198822894713,1
WIKTOR GTR,76561199063262878,1
Eman,76561198863942887,1
discolower,76561199808684534,1
DDR_Destroyer,76561199855812952,1
Luke,76561197999255955,1
Waltuh,76561199450812598,1
bubbyd47396,76561199864340509,10
tengine*****,76561199106780579,2
sikadun,76561199823752315,5
TheDutchPlayer,76561199658698036,2
[ RVG ] 111vasil111,76561199108637060,2
kapu5tin.fedya,76561199870877986,1
jasonflynn222,76561199092112649,4
perezgc22,76561198969280791,1
cmorick,76561199237351076,1
11wd212,76561198047299320,2
unc,76561199164426156,3
matt19021982,76561198426276499,5
speedyknight04,76561199451832485,1
Fire_Igniter,76561199630571525,1
DaxterMcMellon,76561199739353769,1
drahuntsovvlad,76561199796701626,2
kllrsky,76561199389550158,1
Ianrsmit,76561198854698735,1
GuyRandom,76561199064446002,1
okhotnik57,76561198419351723,1
RonDeSantis123,76561199767534425,1
CMB Benefactor,76561198880500357,1
Lego Gamer,76561199057166371,1
saul1budnitz,76561199838728988,1
joejohns6,76561199170754942,2
mkruschack,76561198048683323,1
Aceintraining,76561199226979207,1
lauren_buttrum,76561199355914216,1
Kotorrro PL,76561198045778451,2
GenuineFico0oo,76561199343816862,1
Black Panther,76561198005713144,1
Павел Саныч,76561199850273315,1
Makestor -_-,76561199866742292,1
theBRondheim,76561198997535106,2
Train Boy,76561198354269879,1
SLYGAMER9080,76561199681016329,1
Testo,76561199150527198,1
PickleGamer7381,76561198839760395,1
Oklick делает вещи,76561198840723997,2
davidbenjaminbrandt,76561199016364023,1
pers0n,76561199050182274,12
Saberr,76561199427133596,1
🄺🅁🄸🄿,76561199083014576,1
dudugandolfo1,76561199887385005,5
CherryColaMan,76561199812041213,1
CosyGrain,76561198880517197,1
leonidas88lm,76561199249463430,2
Very Jolly Smily,76561198133268130,1
Doctor.pain,76561199275483073,1
CL16,76561199812087439,2
XaipMix,76561198786678874,1
kathyf81,76561198804257604,1
Hunter of the gods,76561199075014904,2
belo7t,76561199141056911,1
DeadlyRaven,76561199493358970,1
eleazarsalinas540,76561198759109100,1
Ethos93,76561198802543367,1
Gratuit,76561199064730430,2
Signer939,76561199163226878,1
OV_Mighty,76561199832740900,2
k.olesik_2014,76561199803136444,1
merveyilmaztaskin,76561198775541887,1
The_Buhr,76561199228105130,1
Defish,76561198293429737,1
IEate_Epic_Gamers_To,76561199107499678,1
law_the_beast,76561199799089799,5
darth,76561199465679325,4
sisquito131,76561198027779884,2
samwilson1480,76561199230309223,1
goo,76561198799084219,10
skypilot54621,76561199447295668,1
ziksteam12,76561199626541879,1
Yugga,76561198170360038,1
Not_Zlantic,76561198772391128,1
Shotgunmlg,76561199231044145,1
OnionRings,76561199575966188,1
jedwilkinson2,76561199811526428,6
NovaZoc,76561198862506759,2
megan112586,76561199509864001,3
haritos0403,76561199276958133,1
Max Queefstappen,76561199379884488,1
jg4118407,76561199867399956,1
ExoticButters,76561199056153431,2
Nikola-Tastic,76561198883042092,1
jdeonis,76561199080329310,3
r.davidcarroll,76561199193066864,1
Robin Williams,76561199013375527,1
Gawron,76561198963659189,1
mirapulido,76561199690635140,1
CartoonMiles,76561199581512544,1
Medic gaming,76561199262123403,1
PotatoGamer,76561198809005416,1
gudzon,76561198789600707,1
fixes263,76561199574538490,1
gh782l5956,76561198760600438,1
tvgod200,76561199192544132,1
illdance,76561199257571867,3
The Mean One,76561199244452774,1
Chicken,76561199500483937,6
Heftiger Kohl,76561199230066428,1
human_with_upsyndron,76561199515040380,1
Speedyfir2,76561199550228597,1
-Who-Me-Two2-,76561199229611411,1
idkiepro,76561199379663676,1
[SWF]Backfee1994,76561198444817203,1
cergiant,76561198007384186,1
nicohentrich80,76561198862391022,1
arckanum_,76561198040188442,2
Termometr,76561198834626814,1
Scottina,76561199271615802,1
Themilkturtle,76561199229372328,3
NateTheCowboy,76561199589361226,1
JJustice44_koolkid32,76561199044942363,1
Shaunsg93,76561198055391242,3
Itsyourboy131,76561199328052040,2
JBhoy,76561199054203024,3
Pumpkin Pie,76561199072949718,2
VYXNFRIO,76561199442713460,1
lemonduck,76561199168204709,7
diamond pirate,76561199380187722,1
Dirt Bike_boy,76561199527210629,5
SQRL_TNT,76561198862525893,6
Joker.Jones,76561197976666856,1
andreandsimba,76561199067000248,2
Jzika,76561199494399457,3
£STERLING,76561198887385912,2
The0sumJames,76561199151603996,1
Manhattan Cafe,76561198016542446,1
daustin875,76561198058993137,3
miska,76561199470244079,1
isaach9876,76561199660412648,3
BANANAHAMMOCK537,76561199827216701,1
HELLFIRE,76561199121817828,2
Lesunshine,76561199092318560,1
trevorcool226,76561198758833989,1
Gator_1833,76561198041606115,3
linkarmysoldier,76561199536307517,2
DuddyJ,76561199152773824,1
DJD,76561199047778158,1
Moonlight,76561199406039283,1
IRZion,76561199482561003,1
gordo_the_bordo,76561199131848458,1
mason,76561199277357443,1
prosky,76561199138317263,1
Chereshnya,76561199807298277,1
anseleznev5,76561198764671924,3
P1mple,76561199806331615,2
AtFlame,76561199150591184,1
greg,76561198788301840,1
PEPO,76561199072934538,2
NICE MAKSIM,76561199585816625,2
Zureck,76561199004826098,4
your mum,76561199442704085,2
DFENDER2234,76561199167445137,1
vxn,76561199867109595,1
Eg1g1,76561198864927957,2
John gaming,76561199400955177,1
XC3L_gmac2026,76561199193521125,2
USSNIMITZ2,76561199694424483,1
heavyrescuekid,76561199443284479,2
Dark,76561198987313139,1
",",76561199585515415,2
godines deidad,76561199174575277,1
jmastrs,76561199192117301,1
Brofusisback,76561199043528141,1
Crimson_Axolotl,76561198974178478,1
TrainDev,76561198318557873,1
Eye Of Jah,76561199227150796,1
i like planes,76561199519099664,2
Пудж мой парень,76561199494297418,1
alexcred1001,76561199384506463,1
laraqc95,76561199691188915,1
santiworld17,76561199807430333,1
rold123,76561199560045842,1
DustBunny,76561198322469399,1
chickenanator,76561199286966811,1
graystillplays,76561199437722146,1
СЫНДИЛЕРА  [GRS],76561199507848787,1
mizone2014,76561199072372867,1
rowan,76561199478130972,1
Country mouse,76561199553752867,3
bgrina,76561199789024256,8
Утка,76561199093238639,1
Patr1ck,76561199821168193,2
SoccerKingAR,76561198010247482,1
douglasfrjo,76561199844987396,3
Кирка,76561199060477719,1
egorromonenco,76561199580900141,1
hearts of iron playe,76561199065364402,1
MercFour,76561199785449982,1
zerov,76561199766005967,1
DragonSlayer,76561199374418190,4
bob1870,76561199226054316,1
Mini z0rky,76561199742206218,2
pzan26-br,76561199385804860,1
Auctive,76561198431792986,6
luxx57,76561199518855373,1
diegoalvesstos007,76561199628756729,2
fivestardriving,76561199802395068,1
KILLROY6931,76561199447654416,1
toetickler,76561199699168083,2
Certified_Freak,76561199349919344,2
НЕГЕРПОВЕР,76561199405524906,1
david_newton67,76561199013245529,6
Babyface4Ever,76561198988610332,5
SpringYeiti34564,76561199050117853,3
mittlem429,76561199046983861,1
nadaalkhail,76561199538704641,3
Mrokof404,76561199418098897,1
VDsev7,76561199473597818,2
rodriq.stubbs,76561199196666848,3
solanojohn59,76561199647229133,1
gregm514,76561199688988457,3
jmallia,76561198836797037,1
TootleFritz,76561199070477858,1
квадратный хуй,76561199697353493,1
6BYBON9,76561199243106650,2
turbocharged 154,76561199268113381,1
GuineaPigCommander,76561199778380485,1
cat 2.0,76561199793506314,10
carter,76561199192643199,1
gcano956,76561199281116894,1
0Celsius,76561199641043737,3
augustgivens34,76561199122080476,1
Savva,76561199089383690,3
Burrito_Boy_836,76561198779463759,1
carriebear82,76561198436420520,1
hopaless,76561199699958091,1
бобрище сися,76561199830048148,2
Reddonkey98,76561198765026824,1
railzaripov181,76561199849571350,1
definitely_fake,76561199828350613,2
t1pOK,76561198405589238,3
JSKORCH,76561199529504670,1
petroff1903,76561199428726776,1
crab,76561199571864048,2
drakeee07,76561199146544532,1
Velvette,76561198882728672,1
VortexarIx,76561199468986087,1
Httpsjess,76561198774988404,2
chaddoak62,76561199105381865,1
gwydion.ashley,76561198055910643,2
любитель творожк,76561199847818887,2
Лососьевич Ⅲ,76561198968455596,1
drip,76561199695042773,1
1st Infantry | Misfi,76561199142198693,1
Генерал монобров,76561199131473728,1
kurdakova1975,76561199212631114,1
Muichiro,76561199576971649,1
Benito_boy,76561199083999237,1
aiden.hale0523,76561199844716414,8
reedsarte,76561199217677130,1
Plague_Doctor,76561199231260944,1
ninjan76291,76561199609232434,1
Buttery,76561198001438633,1
Badger,76561198391481171,1
Jesus,76561198380938371,1
DHC | Josegerardo105,76561199067312872,1
Diablo_men_pl360,76561199559818423,1
Flimmyflamer,76561199735363705,4
MRCOBRA,76561199368934172,2
hgome005,76561199790730277,5
keith021057,76561198253561965,1
Jackcarver,76561198035442087,1
amylstepan,76561199267719366,1
Brivo,76561199004985804,2
Marko,76561198017807736,2
Chunkymilk4907,76561198772980078,2
Endlesskillez,76561198279156306,1
alex1912fil,76561199811136428,2
ccap1211,76561198848207288,2
Falcon_9heavy,76561199875185855,2
Ox man,76561199681524382,1
hruuf®,76561199699355626,1
Goob,76561199093977206,1
Keags,76561199015131749,2
flatrat13,76561199467116817,1
Nomu,76561199818079166,1
jfond,76561198310793804,1
zoom,76561199381492109,1
simon.peaty,76561198208111032,1
[hydro] Tesco manage,76561199219594293,5
tractorlukey,76561199718880001,1
dkmsshadow,76561198774930176,1
reinales,76561198880686580,1
Yapperson4000,76561199793794201,5
Renat,76561199230990844,3
RAPCIOR  X_X,76561199564940734,1
vladpio6,76561199154891053,1
gg-dig,76561199554460318,1
>-Naiwei-<,76561199093138252,2
gypsygirl358,76561199749145888,2
kalpak,76561198866043421,2
thomasborie24,76561199013559423,3
Onlyzeka,76561199171390846,1
GIP_ghost,76561199805113990,2
slaxtts,76561199529987801,1
ethan_redneck,76561198765809133,6
Hat_10,76561198754371745,2
avery.mawn15,76561199257961835,3
dntheman213,76561199471988063,1
f1504x4fx4,76561199467241581,1
WindoughsXP,76561199813054115,1
joellesibley68,76561198793528425,2
Dusty_Medic3000,76561198894589894,1
sbpowell21,76561199711040779,1
Cryno,76561199579885516,1
smachnoi2009,76561199267514386,1
walterthomas703,76561199478462821,1
moscowment,76561198015747626,1
Thomas,76561199552274140,1
mariomw,76561199818255279,2
WeegeeFan1,76561198834203356,1
nogbacon,76561198762431847,1
alternativeturk,76561199415475399,2
True Good Bear,76561198295387912,2
Marcellelus,76561199625585525,2
НАПАЛМОВАЯ SИSЬКА,76561199474679050,1
alexisrrodriguez12,76561199161146374,8
mangler,76561199559586226,1
thomasjcgvpfd,76561198878864069,1
tundra1972,76561199540791765,1
sashlocust,76561199634866690,2
Dan_BC,76561198875117359,1
floadics,76561199609492957,1
juanpabloal2811,76561199564113678,2
lazergo500,76561199201334801,3
henryhafer7,76561198756660116,2
imchilling,76561198771515658,1
CHOKKYMILK133,76561199588624588,1
JoeCool,76561199074490779,2
Charlie kirk,76561198807951888,1
NoLandwaffles,76561199643979685,1
doodlesxs,76561199751186200,1
riversnoah5,76561199866609679,1
haroldavidmach1,76561199231170169,7
thomtanks,76561198788630636,1
Boss611,76561199381884981,2
WolfBlitz2044,76561198876696455,1
leiovb,76561199850821582,1
Goob,76561198027679752,1
CR7,76561199653871651,1
Very_Special_Ops,76561199210834787,1
logan henslick,76561198839469700,1
Existence,76561199164207504,1
phoenixx1204,76561199000128521,1
AUZI3BLOKE,76561199013702421,1
Nelex,76561199075449652,1
fragman,76561198069903379,1
jgdieselsolutions,76561198755664852,1
lbflint315,76561198417518871,1
Pozole30,76561199172416819,1
LongLiveUssr,76561199185689297,1
deadspirit43,76561198755758724,1
Ihatecommies,76561199526065149,1
houston8657,76561199823862603,1
efforttobeme,76561199145023512,1
Chaser,76561199383932875,2
Spagehetitio,76561198057459340,1
mr tun tun caxyp,76561199810127242,2
rowanclancy165,76561199723367757,1
legopizza,76561199561312576,1
J4yb00m,76561199563775499,1
GameForge Frontier,76561199072337301,1
SUP3RPANINI,76561198972002949,1
Rubbish,76561199103312458,1
Kapibarek,76561199509364605,2
pigeon,76561198988783764,1
giuseppemarxx,76561199205684415,1
moss,76561199592223984,1
NoTheMaMa,76561199680445222,1
oashton0114,76561198755770213,1
ahrenjaeger13,76561199612614010,1
SirNoah6,76561198886791796,3
Miau,76561199493812961,1
Giuseppe Diabetes,76561198861699153,1
Twinning55,76561199875844236,2
Dr. Kleiner,76561199317451126,1
X_x_ASTRO_x_X,76561198803069704,1
辉夜姬-洱海ご主人様,76561199801997024,1
josterplay1,76561199681268626,1
BackyardFarmer,76561198284614118,1
TaGiLLa,76561198742974754,1
treytrackit,76561199078588470,1
pengwenzovr,76561198778614622,1
nbanyairiepl,76561198773450883,1
Robotbugman,76561198966823799,1
nasral_v_rakoviny,76561199657873471,1
Mapxa[СБС],76561198757026777,1
ANOMALY85394,76561199105237799,1
elgabriel0612,76561198964112594,3
spiderman,76561199807373410,1
NotBonfire,76561199744268587,3
gamerdroid346,76561199203214660,1
rororik123,76561199062229785,3
Seme4ka,76561198931353745,1
NoAmores,76561199389024666,2
grady_mcshady,76561199004407974,1
FLAMINGOSUPRA12,76561198779844938,1
doctor_chud,76561198072792271,2
-,76561199787887056,2
Mason,76561199443956909,1
IMLocalTOYOUUUUU,76561199258861030,1
chenaixin987654321,76561198707490414,1
Elpapufachero,76561199876289607,1
_Phantom4_,76561199570389162,1
TinyMonkey,76561199813000420,1
Lost Cause,76561199676153151,1
Jarl Mos,76561198006582793,2
trenth136,76561199447375741,1
чiгур сигма,76561198774832702,2
Mistah,76561197989970844,1
𝐎𝐱𝐲𝐠𝐞𝐧,76561199136255793,1
bTn,76561199274146588,1
Unsanitary Daniel,76561198032974652,1
Halfswordian molerat,76561199105466430,1
Pyro gaming,76561199820469078,1
JEFN pro glover ⛟,76561199099539500,1
Sybot23,76561199111076196,3
Supercrazygummiebear,76561199583160059,1
planewhale720,76561199697508873,1
YUOVI,76561198783262371,1
korrund12,76561199764714089,1
Jaylyger,76561199812593695,1
haydenshelllcat96,76561199576927012,1
asterix,76561199177797716,1
edham2315,76561198724109663,1
MaDmAdViNcE,76561199010891279,1
jopa proravatel,76561199845017242,1
Thedude27,76561199075138700,1
MULT1CAM,76561199016214291,1
T_T,76561199703459510,1
Samz456,76561199338048299,1
makar3228,76561198744627106,1
Nathan Larper,76561199590812409,1
John Grout,76561199050364800,1
Ianhohodan,76561198075907605,6
fumbled fan,76561199300140335,2
Liam,76561198420858144,1
madonna,76561199585405355,1
m3owwq,76561198049453827,1
kruse0210,76561199688426796,3
Zinger Box +,76561199556400952,3
itTzjagger,76561198719418059,5
Karl,76561199045179756,1
RabbidWaffle24,76561199219590435,1
xX-Just.A.Chill.Guy-,76561198839606860,1
elik13105,76561199102285684,1
mr duck,76561199235094012,1
xXZombie_YTXx,76561199152846110,1
-_Кот_на_Земле_-,76561198742316122,1
